"","Name","site","loc","trans","date","lat","long","year","campaign","trannum","loc2","WatershedArea","percshale","colluvial_perc","piedmont_perc","alluvial_perc","bedrock_perc","fluvial_perc","glaciogenic_perc","moraine_perc","organic_perc","lakeperc","scaledgpp","scalednpp","meanelev_m","meanslope_deg","barrenland_perc","forest_perc","grassland_perc","lichenmoss_perc","shrubland_perc","water_perc","urbanbuilt_perc","wetland_perc","percslump2016","percslump17act","percslump17all","slumpacccount","strahlerimpactacc","wmeanSOCC_100CM","gldistkm","meanrough","strahlerstream"
"1","HADNTS3160726","HA","DN","TS-3",2016-08-09,67.1533969,-135.683006,2016,"2016transect",3,"DN",8.762051584,91.0076700788777,61.236911832535,38.763088167465,NA,NA,NA,NA,NA,NA,0,0.222084331,0.2677264997,669.08463002811,9.46871307014638,13.4370350875655,1.86182796142304,2.71321515056564,73.2190351465052,8.58385504949817,0.185031604442432,NA,NA,3.09477167018331,NA,3.09477169676709,NA,NA,21.568344016285,4.76773733420724,6.34766159731064,NA
"2","HADNTS3160726","HA","DN","TS-3",2016-07-26,67.1533969,-135.683006,2016,"2016transect",2,"DN",8.762051584,91.0076700788777,61.236911832535,38.763088167465,NA,NA,NA,NA,NA,NA,0,0.222084331,0.2677264997,669.08463002811,9.46871307014638,13.4370350875655,1.86182796142304,2.71321515056564,73.2190351465052,8.58385504949817,0.185031604442432,NA,NA,3.09477167018331,NA,3.09477169676709,NA,NA,21.568344016285,4.76773733420724,6.34766159731064,NA
"3","HAINTSINFLOW1160617","HA","IN","TS-INFLOW1",2016-06-17,67.153403,-135.683014,2016,"2016transect",1,"IN",1.080400321,100,1.90239975361997,98.09760024638,NA,NA,NA,NA,NA,NA,0,0.2435652109,0.2861277127,572.240572231989,4.10098155627992,3.89169010777113,2.31739799514111,NA,88.0957496782014,5.69516221888632,NA,NA,NA,0.359401679759461,NA,0.359401679759471,NA,NA,21.6,4.76661860822733,1.25280652129136,NA
"4","HAINTSINFLOW1160617","HA","IN","TS-INFLOW1",2016-07-26,67.153403,-135.683014,2016,"2016transect",2,"IN",1.080400321,100,1.90239975361997,98.09760024638,NA,NA,NA,NA,NA,NA,0,0.2435652109,0.2861277127,572.240572231989,4.10098155627992,3.89169010777113,2.31739799514111,NA,88.0957496782014,5.69516221888632,NA,NA,NA,0.359401679759461,NA,0.359401679759471,NA,NA,21.6,4.76661860822733,1.25280652129136,NA
"5","HAINTSINFLOW1160617","HA","IN","TS-INFLOW1",2016-08-09,67.153403,-135.683014,2016,"2016transect",3,"IN",1.080400321,100,1.90239975361997,98.09760024638,NA,NA,NA,NA,NA,NA,0,0.2435652109,0.2861277127,572.240572231989,4.10098155627992,3.89169010777113,2.31739799514111,NA,88.0957496782014,5.69516221888632,NA,NA,NA,0.359401679759461,NA,0.359401679759471,NA,NA,21.6,4.76661860822733,1.25280652129136,NA
"6","HAUPTS2160617","HA","UP","TS-2",2016-06-17,67.1530089,-135.6853,2016,"2016transect",1,"UP",7.620171819,89.6601771215819,69.4357957000395,30.5642042999605,NA,NA,NA,NA,NA,NA,0,0.2187836289,0.2650057832,684.248059747141,10.2143026630589,14.8945647547911,1.64357069305802,3.11978801154457,71.401804325352,8.72751379055806,0.212758424696255,NA,NA,3.10334779915385,NA,3.10334774083355,NA,NA,21.5636003941689,4.69278891671189,7.06334424076898,NA
"7","HAUPTS2160617","HA","UP","TS-2",2016-07-26,67.1530089,-135.6853,2016,"2016transect",2,"UP",7.620171819,89.6601771215819,69.4357957000395,30.5642042999605,NA,NA,NA,NA,NA,NA,0,0.2187836289,0.2650057832,684.248059747141,10.2143026630589,14.8945647547911,1.64357069305802,3.11978801154457,71.401804325352,8.72751379055806,0.212758424696255,NA,NA,3.10334779915385,NA,3.10334774083355,NA,NA,21.5636003941689,4.69278891671189,7.06334424076898,NA
"8","HAUPTS2160617","HA","UP","TS-2",2016-08-09,67.1530089,-135.6853,2016,"2016transect",3,"UP",7.620171819,89.6601771215819,69.4357957000395,30.5642042999605,NA,NA,NA,NA,NA,NA,0,0.2187836289,0.2650057832,684.248059747141,10.2143026630589,14.8945647547911,1.64357069305802,3.11978801154457,71.401804325352,8.72751379055806,0.212758424696255,NA,NA,3.10334779915385,NA,3.10334774083355,NA,NA,21.5636003941689,4.69278891671189,7.06334424076898,NA
"9","HAUPTS22160726","HA","UP2","TS-2-2",2016-07-26,67.1534499,-135.68332,2016,"2016transect",2,"UP2",7.680602228,89.7415297771046,69.5779463368227,30.4220536631773,NA,NA,NA,NA,NA,NA,0,0.219057018,0.2651351139,682.687089152768,10.220616755601,14.7815721958886,1.79799912220006,3.09524185324191,71.1273020685274,8.98680029596922,0.211084464172817,NA,NA,3.47776239464044,NA,3.47776243059155,NA,NA,21.5638867824975,4.76395266474371,7.06154769470035,NA
"10","S2DNTS5160617","S2","DN","TS-5",2016-06-17,67.158752,-135.663763,2016,"2016transect",1,"DN",18.66760934,92.7529575226416,53.4854312648661,46.5145687351339,NA,NA,NA,NA,NA,NA,0,0.2256585608,0.2714185425,656.301759221144,9.6110578525533,11.2696136688196,2.57304609211125,1.53158094735372,74.0752334716752,10.4587806072094,0.0917452128307276,NA,NA,2.22856507036238,NA,2.22856507580982,NA,NA,21.4607359163452,5.61807229967227,6.89013786353669,NA
"11","S2DNTS5160617","S2","DN","TS-5",2016-08-09,67.158752,-135.663763,2016,"2016transect",3,"DN",18.66760934,92.7529575226416,53.4854312648661,46.5145687351339,NA,NA,NA,NA,NA,NA,0,0.2256585608,0.2714185425,656.301759221144,9.6110578525533,11.2696136688196,2.57304609211125,1.53158094735372,74.0752334716752,10.4587806072094,0.0917452128307276,NA,NA,2.22856507036238,NA,2.22856507580982,NA,NA,21.4607359163452,5.61807229967227,6.89013786353669,NA
"12","S2DNTS5160617","S2","DN","TS-5",2016-07-30,67.158752,-135.663763,2016,"2016transect",2,"DN",18.66760934,92.7529575226416,53.4854312648661,46.5145687351339,NA,NA,NA,NA,NA,NA,0,0.2256585608,0.2714185425,656.301759221144,9.6110578525533,11.2696136688196,2.57304609211125,1.53158094735372,74.0752334716752,10.4587806072094,0.0917452128307276,NA,NA,2.22856507036238,NA,2.22856507580982,NA,NA,21.4607359163452,5.61807229967227,6.89013786353669,NA
"13","S2INTSINFLOW2160617","S2","IN","TS-INFLOW2",2016-07-30,67.1586899,-135.664985,2016,"2016transect",2,"IN",8.978799792,93.7081040182235,48.1136262861966,51.8863737138034,NA,NA,NA,NA,NA,NA,0,0.226699244,0.2737274473,660.722619090026,9.79747291302414,10.0368385494809,1.90627550656677,0.536555196574584,75.9347237799393,11.5754266231695,0.0101803442688301,NA,NA,1.38404015407763,NA,1.38404015155441,NA,NA,21.3413512540404,5.57343745188224,7.20887151464884,NA
"14","S2INTSINFLOW2160617","S2","IN","TS-INFLOW2",2016-06-17,67.1586899,-135.664985,2016,"2016transect",1,"IN",8.978799792,93.7081040182235,48.1136262861966,51.8863737138034,NA,NA,NA,NA,NA,NA,0,0.226699244,0.2737274473,660.722619090026,9.79747291302414,10.0368385494809,1.90627550656677,0.536555196574584,75.9347237799393,11.5754266231695,0.0101803442688301,NA,NA,1.38404015407763,NA,1.38404015155441,NA,NA,21.3413512540404,5.57343745188224,7.20887151464884,NA
"15","S2INTSINFLOW2160617","S2","IN","TS-INFLOW2",2016-08-09,67.1586899,-135.664985,2016,"2016transect",3,"IN",8.978799792,93.7081040182235,48.1136262861966,51.8863737138034,NA,NA,NA,NA,NA,NA,0,0.226699244,0.2737274473,660.722619090026,9.79747291302414,10.0368385494809,1.90627550656677,0.536555196574584,75.9347237799393,11.5754266231695,0.0101803442688301,NA,NA,1.38404015407763,NA,1.38404015155441,NA,NA,21.3413512540404,5.57343745188224,7.20887151464884,NA
"16","S2UPTS4160617","S2","UP","TS-4",2016-07-30,67.158494,-135.664966,2016,"2016transect",2,"UP",9.671188997,91.8529884537188,58.4446177811432,41.5553822188568,NA,NA,NA,NA,NA,NA,0,0.2246426467,0.2692499453,652.626951280163,9.42232680642199,12.4346643006628,3.15021472070157,2.45816092755064,72.4539608175049,9.33536141823486,0.167637815345226,NA,NA,3.01668883819201,NA,3.01668881069842,NA,NA,21.5713198173211,5.57917395940729,6.56020735905733,NA
"17","S2UPTS4160617","S2","UP","TS-4",2016-08-09,67.158494,-135.664966,2016,"2016transect",3,"UP",9.671188997,91.8529884537188,58.4446177811432,41.5553822188568,NA,NA,NA,NA,NA,NA,0,0.2246426467,0.2692499453,652.626951280163,9.42232680642199,12.4346643006628,3.15021472070157,2.45816092755064,72.4539608175049,9.33536141823486,0.167637815345226,NA,NA,3.01668883819201,NA,3.01668881069842,NA,NA,21.5713198173211,5.57917395940729,6.56020735905733,NA
"18","S2UPTS4160617","S2","UP","TS-4",2016-06-17,67.158494,-135.664966,2016,"2016transect",1,"UP",9.671188997,91.8529884537188,58.4446177811432,41.5553822188568,NA,NA,NA,NA,NA,NA,0,0.2246426467,0.2692499453,652.626951280163,9.42232680642199,12.4346643006628,3.15021472070157,2.45816092755064,72.4539608175049,9.33536141823486,0.167637815345226,NA,NA,3.01668883819201,NA,3.01668881069842,NA,NA,21.5713198173211,5.57917395940729,6.56020735905733,NA
"19","S3DNTS7160730","S3","DN","TS-7",2016-07-30,67.160852,-135.650936,2016,"2016transect",2,"DN",39.78944508,81.9274739290924,65.1912095705674,34.8087904294326,NA,NA,NA,NA,NA,NA,0.00178664446694363,0.2192616425,0.266009972,684.170037580215,10.5203474229118,17.626293930897,2.14623640887976,1.67885768593413,66.648303051805,11.0713809093945,0.125052464782932,0.70208890384522,NA,1.23185674617452,0.101087961631528,1.24148748789682,NA,NA,21.122573072128,6.02604619282297,7.9921679495863,NA
"20","S3INTSINFLOW3160730","S3","IN","TS-INFLOW3",2016-07-30,67.160749,-135.65178,2016,"2016transect",2,"IN",20.79585283,71.926593357629,76.020224304029,23.979775695971,NA,NA,NA,NA,NA,NA,0.00341844741776611,0.2129936637,0.2608569481,712.885440711502,11.2880141331128,23.6087196942309,1.37270001446277,1.83737846092607,60.4377489934511,11.239792650021,0.156911237660066,1.34333050182954,NA,0.356462604816365,0.193415024056117,0.374889438422888,NA,NA,20.811534479189,5.99916089548446,8.86663999701114,NA
"21","S3UPTS6160730","S3","UP","TS-6",2016-07-30,67.1606019,-135.652022,2016,"2016transect",2,"UP",18.98960723,92.8758416496672,53.3248386989959,46.6751613010041,NA,NA,NA,NA,NA,NA,0,0.2261261213,0.2716543517,652.798605286778,9.67685477910505,11.0785211101025,2.9833411648886,1.50561078274,73.4616244315417,10.8807129703432,0.090189540383998,NA,NA,2.19077652866447,NA,2.19077651933411,NA,NA,21.4630973410789,6.01513416724509,7.03059955006391,NA
"22","SC-8B","SC-8B","NA","SS-0000",2017-07-25,67.32733,-135.11501,2017,"2017transect",1,"NA",917.4909926,79.7530711755633,36.6044753196042,32.0224118760059,4.59884743604771,0.0456683806224792,0.367481792830121,0.209099510075606,23.9072496823992,2.24476600241477,0.761182798276366,0.2364676812,0.2817592593,523.348916658155,7.44095951542629,9.19921201514643,10.5204230120421,1.03976940716407,51.4578985164982,26.4717422732832,0.519641296861458,0.0289076519460812,0.00127620804575569,0.467310120555788,0.412023100117055,0.50473317667058,109,94,20.4628963135317,32.0479090324859,5.03797066359467,6
"23","SDDN150704","SD","DN","SS-0000",2015-07-22,67.17998,-135.72739,2015,"2015shorttransects",2,"DN",1.089922212,24.0516935905616,100,NA,NA,NA,NA,NA,NA,NA,0,0.2165306916,0.2775055025,708.315448757962,6.92062523994646,11.075331221432,NA,NA,83.8082032172588,5.1164655613092,NA,NA,NA,1.64378365598678,1.64378369704488,1.64378365598681,NA,NA,21.6,2.13530971963797,3.13686046223426,NA
"24","SDDN150704","SD","DN","SS-0000",2015-08-16,67.17998,-135.72739,2015,"2015shorttransects",3,"DN",1.089922212,24.0516935905616,100,NA,NA,NA,NA,NA,NA,NA,0,0.2165306916,0.2775055025,708.315448757962,6.92062523994646,11.075331221432,NA,NA,83.8082032172588,5.1164655613092,NA,NA,NA,1.64378365598678,1.64378369704488,1.64378365598681,NA,NA,21.6,2.13530971963797,3.13686046223426,NA
"25","SDDN150704","SD","DN","SS-0000",2015-07-04,67.17998,-135.72739,2015,"2015shorttransects",1,"DN",1.089922212,24.0516935905616,100,NA,NA,NA,NA,NA,NA,NA,0,0.2165306916,0.2775055025,708.315448757962,6.92062523994646,11.075331221432,NA,NA,83.8082032172588,5.1164655613092,NA,NA,NA,1.64378365598678,1.64378369704488,1.64378365598681,NA,NA,21.6,2.13530971963797,3.13686046223426,NA
"26","SDDNTS100150704","SD","DN","TS-0100",2015-07-22,67.179252,-135.727857,2015,"2015shorttransects",2,"DNTS100m",1.111296911,23.5890824816013,100,NA,NA,NA,NA,NA,NA,NA,0,0.216808553,0.2776669854,706.744322685713,6.9588427997013,11.2349019544219,NA,NA,83.4615591074226,5.30353893815554,NA,NA,NA,1.61283398177857,1.612834044216,1.61283398177864,NA,NA,21.6,2.18436844854187,3.16065272343292,NA
"27","SDDNTS100150704","SD","DN","TS-0100",2015-08-16,67.179252,-135.727857,2015,"2015shorttransects",3,"DNTS100m",1.111296911,23.5890824816013,100,NA,NA,NA,NA,NA,NA,NA,0,0.216808553,0.2776669854,706.744322685713,6.9588427997013,11.2349019544219,NA,NA,83.4615591074226,5.30353893815554,NA,NA,NA,1.61283398177857,1.612834044216,1.61283398177864,NA,NA,21.6,2.18436844854187,3.16065272343292,NA
"28","SDDNTS100150704","SD","DN","TS-0100",2015-07-04,67.179252,-135.727857,2015,"2015shorttransects",1,"DNTS100m",1.111296911,23.5890824816013,100,NA,NA,NA,NA,NA,NA,NA,0,0.216808553,0.2776669854,706.744322685713,6.9588427997013,11.2349019544219,NA,NA,83.4615591074226,5.30353893815554,NA,NA,NA,1.61283398177857,1.612834044216,1.61283398177864,NA,NA,21.6,2.18436844854187,3.16065272343292,NA
"29","SDDNTS200150704","SD","DN","TS-0200",2015-07-22,67.178549,-135.726791,2015,"2015shorttransects",2,"DNTS200m",1.16137568,23.2721107634496,99.9540956145727,0.0459043854273588,NA,NA,NA,NA,NA,NA,0,0.2172296145,0.277874062,704.671502366699,6.96153663441399,11.2489959196982,NA,NA,83.4283446812487,5.32265939905307,NA,NA,NA,1.54328831826407,1.54328833871199,1.54328831826413,NA,NA,21.6,2.23590034627325,3.14769595293603,NA
"30","SDDNTS200150704","SD","DN","TS-0200",2015-07-04,67.178549,-135.726791,2015,"2015shorttransects",1,"DNTS200m",1.16137568,23.2721107634496,99.9540956145727,0.0459043854273588,NA,NA,NA,NA,NA,NA,0,0.2172296145,0.277874062,704.671502366699,6.96153663441399,11.2489959196982,NA,NA,83.4283446812487,5.32265939905307,NA,NA,NA,1.54328831826407,1.54328833871199,1.54328831826413,NA,NA,21.6,2.23590034627325,3.14769595293603,NA
"31","SDDNTS200150704","SD","DN","TS-0200",2015-08-16,67.178549,-135.726791,2015,"2015shorttransects",3,"DNTS200m",1.16137568,23.2721107634496,99.9540956145727,0.0459043854273588,NA,NA,NA,NA,NA,NA,0,0.2172296145,0.277874062,704.671502366699,6.96153663441399,11.2489959196982,NA,NA,83.4283446812487,5.32265939905307,NA,NA,NA,1.54328831826407,1.54328833871199,1.54328831826413,NA,NA,21.6,2.23590034627325,3.14769595293603,NA
"32","SDDNTS300150704","SD","DN","TS-0300",2015-07-04,67.177779,-135.725713,2015,"2015shorttransects",1,"DNTS300m",1.256094233,23.2663876970342,99.3548786398439,0.645121360156138,NA,NA,NA,NA,NA,NA,0,0.2181147621,0.2783072721,698.340523157702,7.04813173008195,11.2596671582145,NA,NA,83.1485814276354,5.59175141415007,NA,NA,NA,2.77290476937327,2.77290475489291,2.77290476937334,NA,NA,21.6,2.31725491967247,3.17253421430318,NA
"33","SDDNTS300150704","SD","DN","TS-0300",2015-07-22,67.177779,-135.725713,2015,"2015shorttransects",2,"DNTS300m",1.256094233,23.2663876970342,99.3548786398439,0.645121360156138,NA,NA,NA,NA,NA,NA,0,0.2181147621,0.2783072721,698.340523157702,7.04813173008195,11.2596671582145,NA,NA,83.1485814276354,5.59175141415007,NA,NA,NA,2.77290476937327,2.77290475489291,2.77290476937334,NA,NA,21.6,2.31725491967247,3.17253421430318,NA
"34","SDDNTS300150704","SD","DN","TS-0300",2015-08-16,67.177779,-135.725713,2015,"2015shorttransects",3,"DNTS300m",1.256094233,23.2663876970342,99.3548786398439,0.645121360156138,NA,NA,NA,NA,NA,NA,0,0.2181147621,0.2783072721,698.340523157702,7.04813173008195,11.2596671582145,NA,NA,83.1485814276354,5.59175141415007,NA,NA,NA,2.77290476937327,2.77290475489291,2.77290476937334,NA,NA,21.6,2.31725491967247,3.17253421430318,NA
"35","SDDNTS400150704","SD","DN","TS-0400",2015-07-22,67.177049,-135.72467,2015,"2015shorttransects",2,"DNTS400m",1.299262646,25.2615588671024,98.6067210786933,1.3932789213067,NA,NA,NA,NA,NA,NA,0,0.2184352625,0.2784735839,696.093995662193,7.04899259246103,11.2957317568673,NA,NA,83.2423466432262,5.40596378287488,NA,0.0559578170315651,NA,2.68077417439994,2.68077415630397,2.68077417440001,NA,NA,21.6,2.40267340037028,3.15280422816545,NA
"36","SDDNTS400150704","SD","DN","TS-0400",2015-08-16,67.177049,-135.72467,2015,"2015shorttransects",3,"DNTS400m",1.299262646,25.2615588671024,98.6067210786933,1.3932789213067,NA,NA,NA,NA,NA,NA,0,0.2184352625,0.2784735839,696.093995662193,7.04899259246103,11.2957317568673,NA,NA,83.2423466432262,5.40596378287488,NA,0.0559578170315651,NA,2.68077417439994,2.68077415630397,2.68077417440001,NA,NA,21.6,2.40267340037028,3.15280422816545,NA
"37","SDDNTS400150704","SD","DN","TS-0400",2015-07-04,67.177049,-135.72467,2015,"2015shorttransects",1,"DNTS400m",1.299262646,25.2615588671024,98.6067210786933,1.3932789213067,NA,NA,NA,NA,NA,NA,0,0.2184352625,0.2784735839,696.093995662193,7.04899259246103,11.2957317568673,NA,NA,83.2423466432262,5.40596378287488,NA,0.0559578170315651,NA,2.68077417439994,2.68077415630397,2.68077417440001,NA,NA,21.6,2.40267340037028,3.15280422816545,NA
"38","SDUP150704","SD","UP","SS-0000",2015-07-22,67.18331,-135.7291,2015,"2015shorttransects",2,"UP",0.92397189,22.7326628925593,100,NA,NA,NA,NA,NA,NA,NA,0,0.2149295216,0.2766436853,720.094305974268,6.56301831842496,12.0591115923017,NA,NA,83.0703938262773,4.87049458142104,NA,NA,NA,0.0163744497858123,0.0163744827433912,0.01637444978583,NA,NA,21.6,1.89724812255084,2.75540852078502,NA
"39","SDUP150704","SD","UP","SS-0000",2015-08-16,67.18331,-135.7291,2015,"2015shorttransects",3,"UP",0.92397189,22.7326628925593,100,NA,NA,NA,NA,NA,NA,NA,0,0.2149295216,0.2766436853,720.094305974268,6.56301831842496,12.0591115923017,NA,NA,83.0703938262773,4.87049458142104,NA,NA,NA,0.0163744497858123,0.0163744827433912,0.01637444978583,NA,NA,21.6,1.89724812255084,2.75540852078502,NA
"40","SDUP150704","SD","UP","SS-0000",2015-07-04,67.18331,-135.7291,2015,"2015shorttransects",1,"UP",0.92397189,22.7326628925593,100,NA,NA,NA,NA,NA,NA,NA,0,0.2149295216,0.2766436853,720.094305974268,6.56301831842496,12.0591115923017,NA,NA,83.0703938262773,4.87049458142104,NA,NA,NA,0.0163744497858123,0.0163744827433912,0.01637444978583,NA,NA,21.6,1.89724812255084,2.75540852078502,NA
"41","SEDN150706","SE","DN","SS-0000",2015-07-06,67.14892,-135.71573,2015,"2015shorttransects",1,"DN",5.547485726,85.7969604598435,80.1427873769319,19.8572126230681,NA,NA,NA,NA,NA,NA,0,0.2096347475,0.2579424538,727.232050376503,11.0405423107084,18.9760080263863,0.123696679176696,4.15552990730486,72.1772985856483,4.27521650204539,0.292250299438494,NA,NA,0.325677482856756,NA,0.325677477662078,NA,NA,21.5500005902635,3.43192338889635,7.98782860040836,NA
"42","SEDN150706","SE","DN","SS-0000",2015-07-21,67.14892,-135.71573,2015,"2015shorttransects",2,"DN",5.547485726,85.7969604598435,80.1427873769319,19.8572126230681,NA,NA,NA,NA,NA,NA,0,0.2096347475,0.2579424538,727.232050376503,11.0405423107084,18.9760080263863,0.123696679176696,4.15552990730486,72.1772985856483,4.27521650204539,0.292250299438494,NA,NA,0.325677482856756,NA,0.325677477662078,NA,NA,21.5500005902635,3.43192338889635,7.98782860040836,NA
"43","SEDN150706","SE","DN","SS-0000",2015-08-21,67.14892,-135.71573,2015,"2015shorttransects",3,"DN",5.547485726,85.7969604598435,80.1427873769319,19.8572126230681,NA,NA,NA,NA,NA,NA,0,0.2096347475,0.2579424538,727.232050376503,11.0405423107084,18.9760080263863,0.123696679176696,4.15552990730486,72.1772985856483,4.27521650204539,0.292250299438494,NA,NA,0.325677482856756,NA,0.325677477662078,NA,NA,21.5500005902635,3.43192338889635,7.98782860040836,NA
"44","SEDN160617","SE","DN","SS-0000",2016-06-17,67.149032,-135.714435,2016,"2016transect",1,"DN",5.578122382,85.8749673884098,80.0481370769662,19.9518629230338,NA,NA,NA,NA,NA,NA,0,0.2098357333,0.2581047116,726.270494642028,11.0271549388815,18.8717871406468,0.123017306705474,4.13270671883161,72.11143558437,4.47040806026171,0.290645189184391,NA,NA,0.323888775774838,NA,0.323888769008754,NA,NA,21.5502752005234,3.47521621159559,7.96643861410573,NA
"45","SEDN160725","SE","DN","SS-0000",2016-07-25,67.148827,-135.718356,2016,"2016transect",2,"DN",5.44927669,85.5409883031968,80.5781579809669,19.4218420190331,NA,NA,NA,NA,NA,NA,0,0.2090160942,0.2574318941,730.072323780224,11.0784621489586,19.2349400716255,0.125925984706566,4.23042234470539,72.1914289984949,3.91976526222915,0.29751733823841,NA,NA,0.136154624404977,NA,0.136154623576787,NA,NA,21.5490994833776,3.31880765203423,8.04339894062663,NA
"46","SEDN160725","SE","DN","SS-0000",2016-08-09,67.149032,-135.714435,2016,"2016transect",3,"DN",5.44927669,85.5409883031968,80.5781579809669,19.4218420190331,NA,NA,NA,NA,NA,NA,0,0.2090160942,0.2574318941,730.072323780224,11.0784621489586,19.2349400716255,0.125925984706566,4.23042234470539,72.1914289984949,3.91976526222915,0.29751733823841,NA,NA,0.136154624404977,NA,0.136154623576787,NA,NA,21.5490994833776,3.47521621159559,8.04339894062663,NA
"47","SEDNTS1000150706","SE","DN","TS-1000",2015-07-06,67.1503439,-135.6973959,2015,"2015shorttransects",1,"DNTS1000m",7.124157461,88.9402768142342,69.8448511286535,30.1551488713465,NA,NA,NA,NA,NA,NA,0,0.2162654455,0.2638339454,696.660548366307,10.1742818803831,15.6782155492775,0.841593943001001,3.26113039066163,73.4551669349913,6.53632165512165,0.227571526946962,NA,NA,0.560580264585587,NA,0.560580261739223,NA,NA,21.5610661063268,4.20211418351759,7.02385572061993,NA
"48","SEDNTS1000150706","SE","DN","TS-1000",2015-07-21,67.1503439,-135.6973959,2015,"2015shorttransects",2,"DNTS1000m",7.124157461,88.9402768142342,69.8448511286535,30.1551488713465,NA,NA,NA,NA,NA,NA,0,0.2162654455,0.2638339454,696.660548366307,10.1742818803831,15.6782155492775,0.841593943001001,3.26113039066163,73.4551669349913,6.53632165512165,0.227571526946962,NA,NA,0.560580264585587,NA,0.560580261739223,NA,NA,21.5610661063268,4.20211418351759,7.02385572061993,NA
"49","SEDNTS1000150821","SE","DN","TS-1000",2015-08-21,67.150567,-135.696428,2015,"2015shorttransects",3,"DNTS1000m",7.158363315,88.9931249685055,69.6706633881682,30.3293366118318,NA,NA,NA,NA,NA,NA,0,0.2164318909,0.2639462504,695.895529379789,10.1701417175682,15.6032983454972,0.87951681168145,3.24554731813253,73.4368885779434,6.60826485365878,0.226484093086566,NA,NA,0.588776128525375,NA,0.58877611990345,NA,NA,21.5612521493573,4.24000332849258,7.02817815303965,NA
"50","SEDNTS100150706","SE","DN","TS-0100",2015-07-06,67.149,-135.713907,2015,"2015shorttransects",1,"DNTS100m",5.612538102,85.961580871716,79.9670809668446,20.0329190331554,NA,NA,NA,NA,NA,NA,0,0.2100551111,0.2582837271,725.332416571578,11.0057389848367,18.7808743373664,0.134260034396366,4.10736515228082,72.1131248613042,4.57551264833175,0.288862966320421,NA,NA,0.321902719600733,NA,0.32190271097606,NA,NA,21.5505801087105,3.50867570295886,7.93853555172846,NA
"51","SEDNTS100150706","SE","DN","TS-0100",2015-07-21,67.149,-135.713907,2015,"2015shorttransects",2,"DNTS100m",5.612538102,85.961580871716,79.9670809668446,20.0329190331554,NA,NA,NA,NA,NA,NA,0,0.2100551111,0.2582837271,725.332416571578,11.0057389848367,18.7808743373664,0.134260034396366,4.10736515228082,72.1131248613042,4.57551264833175,0.288862966320421,NA,NA,0.321902719600733,NA,0.32190271097606,NA,NA,21.5505801087105,3.50867570295886,7.93853555172846,NA
"52","SEDNTS100150821","SE","DN","TS-0100",2015-08-21,67.149019,-135.713051,2015,"2015shorttransects",3,"DNTS100m",5.632683185,86.011788576172,79.9971146445293,20.0028853554707,NA,NA,NA,NA,NA,NA,0,0.2101806443,0.2583895967,724.625569233977,11.0026666063814,18.7137054200709,0.153030602660002,4.09267535321926,72.0571251293157,4.69563363328128,0.287829861452884,NA,NA,0.32075145239726,NA,0.320751442017327,NA,NA,21.5507568564818,3.54608909475332,7.92956479372162,NA
"53","SEDNTS200150706","SE","DN","TS-0200",2015-07-21,67.149057,-135.712145,2015,"2015shorttransects",2,"DNTS200m",5.678003717,86.1234389064704,79.9436270027749,20.0563729972251,NA,NA,NA,NA,NA,NA,0,0.210481949,0.2586282134,723.433898528663,10.9679391080268,18.5643377185914,0.195529863881493,4.06000873286323,72.1465674770128,4.74802372578485,0.285532481866249,NA,NA,0.318191280713461,NA,0.31819128594371,NA,NA,21.5511499026739,3.59899894645503,7.89624392566459,NA
"54","SEDNTS200150706","SE","DN","TS-0200",2015-07-06,67.149057,-135.712145,2015,"2015shorttransects",1,"DNTS200m",5.678003717,86.1234389064704,79.9436270027749,20.0563729972251,NA,NA,NA,NA,NA,NA,0,0.210481949,0.2586282134,723.433898528663,10.9679391080268,18.5643377185914,0.195529863881493,4.06000873286323,72.1465674770128,4.74802372578485,0.285532481866249,NA,NA,0.318191280713461,NA,0.31819128594371,NA,NA,21.5511499026739,3.59899894645503,7.89624392566459,NA
"55","SEDNTS200150821","SE","DN","TS-0200",2015-08-21,67.148944,-135.711197,2015,"2015shorttransects",3,"DNTS200m",5.721443208,86.2287951142247,79.8292870989125,20.1707129010875,NA,NA,NA,NA,NA,NA,0,0.2107585444,0.2588325297,722.11623494317,10.9594497016169,18.4233900639291,0.240526147114492,4.02918357133686,72.1340829919297,4.88945261720853,0.283364608481321,NA,NA,0.315775449437485,NA,0.315775454889245,NA,NA,21.5515207914672,3.62770875587262,7.87949498860168,NA
"56","SEDNTS400150706","SE","DN","TS-0400",2015-07-06,67.1488369,-135.708033,2015,"2015shorttransects",1,"DNTS400m",6.584199992,88.033293193526,72.2345053114719,27.765494688528,NA,NA,NA,NA,NA,NA,0,0.2136190457,0.261852792,708.788978607454,10.3120693532718,16.512522753325,0.295498684201886,3.50122303322703,73.6853775861999,5.7591437676976,0.246234175348575,NA,NA,0.274398085586634,NA,0.274398087688625,NA,NA,21.5578732231744,3.76422596555636,7.13749217048463,NA
"57","SEDNTS400150706","SE","DN","TS-0400",2015-07-21,67.1488369,-135.708033,2015,"2015shorttransects",2,"DNTS400m",6.584199992,88.033293193526,72.2345053114719,27.765494688528,NA,NA,NA,NA,NA,NA,0,0.2136190457,0.261852792,708.788978607454,10.3120693532718,16.512522753325,0.295498684201886,3.50122303322703,73.6853775861999,5.7591437676976,0.246234175348575,NA,NA,0.274398085586634,NA,0.274398087688625,NA,NA,21.5578732231744,3.76422596555636,7.13749217048463,NA
"58","SEDNTS400150821","SE","DN","TS-0400",2015-08-21,67.148984,-135.707195,2015,"2015shorttransects",3,"DNTS400m",6.628267627,88.1128528955928,72.2268051148228,27.7731948851772,NA,NA,NA,NA,NA,NA,0,0.2138447723,0.2620306611,707.813721347882,10.2974666032742,16.4027409843152,0.352541448201367,3.47794552051576,73.8013202269016,5.72085470670767,0.244597113358456,NA,NA,0.272573777794448,NA,0.272573773743734,NA,NA,21.5581532997122,3.80092905883365,7.12695458227274,NA
"59","SEDNTS600150706","SE","DN","TS-0600",2015-07-06,67.149272,-135.7043899,2015,"2015shorttransects",1,"DNTS600m",6.743263138,88.3155684922474,72.0444693522791,27.9555306477209,NA,NA,NA,NA,NA,NA,0,0.2144445499,0.2624739739,705.083169408125,10.266099366315,16.1230189599006,0.438603303721261,3.41863482587438,74.0047329586189,5.77458404380122,0.240425908083678,NA,NA,0.267925480450639,NA,0.26792547969263,NA,NA,21.5588669258445,3.91577693968403,7.09913949396706,NA
"60","SEDNTS600150706","SE","DN","TS-0600",2015-07-21,67.149272,-135.7043899,2015,"2015shorttransects",2,"DNTS600m",6.743263138,88.3155684922474,72.0444693522791,27.9555306477209,NA,NA,NA,NA,NA,NA,0,0.2144445499,0.2624739739,705.083169408125,10.266099366315,16.1230189599006,0.438603303721261,3.41863482587438,74.0047329586189,5.77458404380122,0.240425908083678,NA,NA,0.267925480450639,NA,0.26792547969263,NA,NA,21.5588669258445,3.91577693968403,7.09913949396706,NA
"61","SEDNTS600150821","SE","DN","TS-0600",2015-08-21,67.1490818,-135.7045043,2015,"2015shorttransects",3,"DNTS600m",6.761732372,88.3474836588362,71.8592954967484,28.1407045032516,NA,NA,NA,NA,NA,NA,0,0.2145272341,0.2625433345,704.699490531944,10.2562529741849,16.0993509679184,0.445423250325904,3.40929699144007,74.0339944623637,5.77216513152005,0.239769196431877,NA,NA,0.267193660313878,NA,0.2671936609207,NA,NA,21.5589792778158,3.92232327348371,7.08702212111721,NA
"62","SEDNTS800150706","SE","DN","TS-0800",2015-07-06,67.149748,-135.7008039,2015,"2015shorttransects",1,"DNTS800m",6.938647192,88.6445872150118,70.7628609079306,29.2371390920694,NA,NA,NA,NA,NA,NA,0,0.21536334,0.2632018946,700.873361923247,10.2144796637511,16.0266900449613,0.579877684703678,3.32237039911796,73.7921614921558,6.04524456003305,0.233655819028276,NA,NA,0.287590624410215,NA,0.287590623356852,NA,NA,21.56002518087,4.0665397075556,7.05428891354605,NA
"63","SEDNTS800150706","SE","DN","TS-0800",2015-07-21,67.149748,-135.7008039,2015,"2015shorttransects",2,"DNTS800m",6.938647192,88.6445872150118,70.7628609079306,29.2371390920694,NA,NA,NA,NA,NA,NA,0,0.21536334,0.2632018946,700.873361923247,10.2144796637511,16.0266900449613,0.579877684703678,3.32237039911796,73.7921614921558,6.04524456003305,0.233655819028276,NA,NA,0.287590624410215,NA,0.287590623356852,NA,NA,21.56002518087,4.0665397075556,7.05428891354605,NA
"64","SEDNTS800150821","SE","DN","TS-0800",2015-08-21,67.1500009,-135.699934,2015,"2015shorttransects",3,"DNTS800m",6.990902162,88.7294653869664,70.4352751328256,29.5647248671744,NA,NA,NA,NA,NA,NA,0,0.2156100338,0.2633859352,699.722015787419,10.193107142773,15.9770610285996,0.619935288163423,3.29753667246912,73.7475230554815,6.12603464373398,0.231909311552409,NA,NA,0.371647354058056,NA,0.371647347676888,NA,NA,21.5603239801857,4.1043996408839,7.03286930091707,NA
"65","SEDNTSA160725","SE","DN","TS-A",2016-07-25,67.148784,-135.709144,2016,"2016transect",2,"DN",5.761521227,86.3245894418472,79.9695972529829,20.0304027470171,NA,NA,NA,NA,NA,NA,0,0.211021463,0.2590410688,720.883304158869,10.9385234452533,18.2952357313968,0.295778345255492,4.00115630114159,72.2544924971045,4.87194361977434,0.281393505327277,NA,NA,0.313578873568984,NA,0.313578878945161,NA,NA,21.5518580192711,3.70342100651595,7.85449763794613,NA
"66","SEDNTSB160725","SE","DN","TS-B",2016-07-25,67.1487619,-135.709122,2016,"2016transect",2,"DN",0.794138887,100,16.4971961001525,83.5028038998475,NA,NA,NA,NA,NA,NA,0,0.231260159,0.2813089657,626.607451379201,5.75555709967588,4.17224701115771,0.0792166792589213,NA,83.9663358220449,11.7822004875385,NA,NA,NA,NA,NA,NA,NA,NA,21.6,3.70732395438658,1.9167669208688,NA
"67","SEDNTSC160725","SE","DN","TS-C",2016-07-25,67.148769,-135.708973,2016,"2016transect",2,"DN",6.566782146,88.0015525992108,72.2675140214381,27.7324859785619,NA,NA,NA,NA,NA,NA,0,0.2135307166,0.2617819635,709.242645913408,10.3099228641659,16.5563200279237,0.269088029831553,3.51050956254227,73.6826631564586,5.73453194443228,0.24688727881159,NA,NA,0.275125900021946,NA,0.275125903496428,NA,NA,21.5577614857554,3.71865651115901,7.13421541099731,NA
"68","SEUP150706","SE","UP","SS-0000",2015-07-06,67.14848,-135.7209,2015,"2015shorttransects",1,"UP",5.330498641,85.2188026196953,81.6587298123892,18.3412701876108,NA,NA,NA,NA,NA,NA,0,0.2082793267,0.2568065453,733.278946740517,11.1568025980179,19.6526270248769,0.128731953476539,4.32468750380419,71.7202718756134,3.86953481952342,0.304146822705556,NA,NA,NA,NA,NA,NA,NA,21.5479652829151,3.21218273594801,8.13526065880656,NA
"69","SEUP150706","SE","UP","SS-0000",2015-07-21,67.14848,-135.7209,2015,"2015shorttransects",2,"UP",5.330498641,85.2188026196953,81.6587298123892,18.3412701876108,NA,NA,NA,NA,NA,NA,0,0.2082793267,0.2568065453,733.278946740517,11.1568025980179,19.6526270248769,0.128731953476539,4.32468750380419,71.7202718756134,3.86953481952342,0.304146822705556,NA,NA,NA,NA,NA,NA,NA,21.5479652829151,3.21218273594801,8.13526065880656,NA
"70","SEUP150706","SE","UP","SS-0000",2015-08-21,67.14848,-135.7209,2015,"2015shorttransects",3,"UP",5.330498641,85.2188026196953,81.6587298123892,18.3412701876108,NA,NA,NA,NA,NA,NA,0,0.2082793267,0.2568065453,733.278946740517,11.1568025980179,19.6526270248769,0.128731953476539,4.32468750380419,71.7202718756134,3.86953481952342,0.304146822705556,NA,NA,NA,NA,NA,NA,NA,21.5479652829151,3.21218273594801,8.13526065880656,NA
"71","SEUP160617","SE","UP","SS-0000",2016-06-17,67.1484219,-135.721204,2016,"2016transect",1,"UP",5.313292589,85.1709366580561,81.8883822595157,18.1116177404843,NA,NA,NA,NA,NA,NA,0,0.2081646538,0.2567130397,733.769070776932,11.1655541831787,19.7162681706757,0.12914882644776,4.33869214896513,71.6713937024039,3.83936540946963,0.305131742037895,NA,NA,NA,NA,NA,NA,NA,21.5477967788551,3.19874026373776,8.14666538509845,NA
"72","SEUP160617","SE","UP","SS-0000",2016-07-25,67.1484219,-135.721204,2016,"2016transect",2,"UP",5.313292589,85.1709366580561,81.8883822595157,18.1116177404843,NA,NA,NA,NA,NA,NA,0,0.2081646538,0.2567130397,733.769070776932,11.1655541831787,19.7162681706757,0.12914882644776,4.33869214896513,71.6713937024039,3.83936540946963,0.305131742037895,NA,NA,NA,NA,NA,NA,NA,21.5477967788551,3.19874026373776,8.14666538509845,NA
"73","SEUP160617","SE","UP","SS-0000",2016-08-09,67.1484219,-135.721204,2016,"2016transect",3,"UP",5.313292589,85.1709366580561,81.8883822595157,18.1116177404843,NA,NA,NA,NA,NA,NA,0,0.2081646538,0.2567130397,733.769070776932,11.1655541831787,19.7162681706757,0.12914882644776,4.33869214896513,71.6713937024039,3.83936540946963,0.305131742037895,NA,NA,NA,NA,NA,NA,NA,21.5477967788551,3.19874026373776,8.14666538509845,NA
"74","site0","0","NA","SS-0000",2017-07-17,67.33891,-135.90845,2017,"2017synoptic",1,"NA",6.794182473,0.235021370015589,99.4644128909625,NA,0.53558710903751,NA,NA,NA,NA,NA,0,0.2347246047,0.2853077654,658.196965310395,6.39851505237467,0.42421620881021,1.9709666854198,0.172337834839342,66.9740861629094,30.4583931080212,NA,NA,NA,3.61981438948144,3.49557199014626,3.61981438948145,6,6,21.6,6.32055478062423,3.03049215588584,3
"75","site1","1","NA","SS-0000",2017-08-03,67.13112,-136.05009,2017,"2017synoptic",1,"NA",0.958454483,100,100,NA,NA,NA,NA,NA,NA,NA,0,0.1963546817,0.2493063717,763.9220618858,9.99417936984734,38.707492941838,NA,NA,52.2078006759768,8.73934540493947,NA,0.345360977245712,NA,NA,NA,NA,0,0,19.6,-0.426071342000547,6.44751278150899,NA
"76","site10","10","NA","SS-0000",2017-07-22,67.2708,-135.37079,2017,"2017synoptic",1,"NA",105.7384634815,91.9075169362564,27.5587198144479,44.8913888841822,2.87135717790259,NA,NA,NA,22.1108052174363,2.56772890603101,1.22416337347444,0.250540446373062,0.295597681159213,449.828126537548,5.64077872296588,2.09223740175487,6.71129426774364,0.673480290566369,58.8962536568112,30.1997168237932,0.194516877074997,0.00113017865939904,0.0076664190522851,0.168516267992139,0.536818423679909,0.590872263334586,7,16,21.5471401600267,19.4001576390015,2.84464457549354,4
"77","site12-1","12-1","NA","SS-0000",2017-08-09,67.2702,-135.07635,2017,"2017synoptic",1,"NA",0.211774287,100,NA,NA,NA,NA,NA,NA,100,NA,0,0.2685050167,0.3052692936,345.925433325146,3.03479205934939,NA,16.6923445032105,NA,8.04673752489151,70.9945097768108,NA,4.2664081950872,NA,NA,NA,NA,0,0,21.6,31.2565358071998,0.460677004764547,1
"78","site13","13","NA","SS-0000",2017-07-13,67.22099,-135.50356,2017,"2017synoptic",1,"NA",2.259198546,100,NA,53.8612701795831,NA,NA,NA,NA,46.1387298204169,NA,0.476443085208316,0.2629929184,0.3057570294,376.530495818196,2.21541253341587,NA,NA,NA,85.9118143363968,13.55937702195,0.0523655553363364,NA,NA,NA,NA,NA,0,0,21.6,11.9843263652641,0.356833477304614,NA
"79","site14","14","NA","SS-0000",2017-07-22,67.34028,-135.07568,2017,"2017synoptic",1,"NA",25.73146868,98.2262158850136,7.40635390732989,NA,0.180453264615654,NA,NA,NA,92.4131928280545,NA,2.12142804519475,0.2674930217,0.3078333794,299.427546259819,3.37809905520062,0.159185307829058,13.2624575497663,0.0175022778293851,30.7688956524235,53.2103221211998,0.460670751508671,NA,NA,NA,NA,NA,0,0,21.6,34.2187453097455,1.70456770312664,3
"80","site19","19","NA","SS-0000",2017-07-22,67.28463,-135.81267,2017,"2017synoptic",1,"NA",9.109938406,100,66.7847807659372,33.2152192340628,NA,NA,NA,NA,NA,NA,0,0.2134850385,0.2512265811,795.513025491745,8.59278030396376,26.1127008619318,0.0889819401641414,2.32849245517137,50.5346306709731,20.9253071895183,0.00988688224131336,NA,NA,1.36987337776363,1.14843141799723,1.36987337776363,7,2,20.5377825319916,3.95046887847813,5.02998792450925,3
"81","site20","20","NA","SS-0000",2017-07-22,67.28432,-135.811577,2017,"2017synoptic",1,"NA",2.655512002,100,NA,100,NA,NA,NA,NA,NA,NA,1.67641735072114,0.2397805363,0.2780308656,649.133407161497,3.71095551494944,NA,0.169589143648588,NA,73.3849037368563,24.4006787774135,0.368410991435178,NA,NA,3.09099083644785,3.09099092038701,3.09099083644786,3,2,21.5932514411744,3.9333504724871,0.906847624756377,2
"82","site23","23","NA","SS-0000",2017-07-20,67.42294,-135.76846,2017,"2017synoptic",1,"NA",13.8056319,89.1172748807889,65.1490695827938,34.8509304172062,NA,NA,NA,NA,NA,NA,0.325546073609374,0.2266299701,0.2696328785,721.299260933631,12.5698296341815,19.6911912492479,2.32910266381718,1.07144380581719,59.7463675426632,16.534594911833,0.301753752980242,NA,NA,NA,1.91983151786428,1.91983156799729,4,3,21.6,12.7051866229019,10.2381773181533,3
"83","site24","24","NA","SS-0000",2017-07-20,67.42281,-135.7681,2017,"2017synoptic",1,"NA",3.664340364,100,68.6631859328511,31.3368140671488,NA,NA,NA,NA,NA,NA,0,0.2319918888,0.2733173919,717.339357872305,12.3755123673137,19.5036725589578,4.37523945628887,2.39286919460781,58.7914361232326,14.9367826669129,NA,NA,NA,NA,NA,NA,0,0,21.6,12.7184636908255,9.94666213991027,2
"84","site26","26","NA","SS-0000",2017-07-14,67.15805,-135.91437,2017,"2017synoptic",1,"NA",4.257982299,100,92.4889526402868,7.51104735971318,NA,NA,NA,NA,NA,NA,0,0.1565292365,0.1995476043,800.271251574263,14.7962268089861,70.402244220089,0.355540942446362,1.05446785713755,25.5023318746712,2.68541510565595,NA,NA,NA,NA,NA,NA,0,0,19.6,0.199757044733126,12.8652335931453,NA
"85","site27","27","NA","SS-0000",2017-07-12,67.14847,-135.73062,2017,"2017synoptic",1,"NA",0.867775451,90.4727857091637,63.5187631909168,36.4812368090832,NA,NA,NA,NA,NA,NA,0,0.2207185366,0.2775237634,680.027837387334,6.59094228932644,NA,NA,NA,82.7967245798994,17.2032754201006,NA,NA,NA,NA,NA,NA,0,0,21.6,2.15000418869546,2.56385319996026,NA
"86","site29","29","NA","SS-0000",2017-07-20,67.36329,-136.04463,2017,"2017synoptic",1,"NA",13.84863642,39.4998735309636,57.6143117552736,NA,NA,NA,NA,NA,42.3856882447264,NA,0.0078780332157411,0.224013328,0.2593263784,760.852060447142,6.00413637133234,15.1016475425838,0.366442566801793,0.134529238367249,59.1274783633003,25.2620242557309,NA,NA,NA,0.0929793357973988,0.0929793098501544,0.0929793357973952,0,0,12.7,3.08641717772349,2.20817449123229,3
"87","site3","3","NA","SS-0000",2017-07-22,67.28441,-136.00156,2017,"2017synoptic",1,"NA",61.45302904,90.5517235943891,94.9578991374016,NA,NA,NA,4.58551653765669,NA,0.456584324941666,NA,0,0.1740477157,0.2094515339,960.064324729189,13.8891552389166,42.1207968910954,1.26483911832416,4.87538379947859,43.0857508971331,8.46277857961578,0.184588192367758,NA,0.0058625219852213,NA,NA,NA,0,0,15.7026643759332,1.24186604027067,12.3506114952137,4
"88","site30","30","NA","SS-0000",2017-07-14,67.16476,-135.89633,2017,"2017synoptic",1,"NA",1.637125667,78.3317911998827,96.6073758113468,NA,NA,NA,NA,3.39262418865324,NA,NA,0.322772299492219,0.173848875,0.218847906,779.418367516782,11.83508509624,56.993841598904,1.10390653736746,1.08246154922206,36.3994181501034,3.63019807169971,0.424255609021841,0.0431461842173134,NA,NA,NA,NA,0,0,19.6,-0.840288916177133,9.56276543505566,NA
"89","site31","31","NA","SS-0000",2017-07-29,67.16723,-135.89769,2017,"2017synoptic",1,"NA",4.85587127,94.2274773402322,100,NA,NA,NA,NA,NA,NA,NA,0,0.1344787851,0.1726424659,958.977870709468,16.1322937251764,71.3445496325625,0.583339466524674,0.722092864544352,26.2556650231755,1.09435301319298,NA,NA,NA,NA,NA,NA,0,0,19.6,-1.00078885369953,15.4630156018799,NA
"90","site32","32","NA","SS-0000",2017-07-29,67.16783,-135.89722,2017,"2017synoptic",1,"NA",8.437003145,68.7539820816219,98.5294784258482,NA,NA,NA,NA,1.47052157415186,NA,NA,0,0.1461026197,0.1887353545,924.026881657919,16.7792095126157,63.5698604567787,0.367457973517928,4.21736637594179,30.8877209641839,0.936243355650837,0.0213508739269099,NA,NA,NA,NA,NA,0,0,19.6,-1.03523657825522,16.6342908452478,NA
"91","site35","35","NA","SS-0000",2017-07-20,67.31586,-135.55933,2017,"2017synoptic",1,"NA",2.912410106,100,NA,NA,11.5760505499384,NA,NA,NA,88.4239494500616,NA,9.015419763398,0.2371299889,0.2940596619,362.278557065422,3.5571558676528,1.7439926018799,1.39020854340554,NA,68.1838280263331,18.979439664856,0.687111400106325,NA,NA,NA,NA,NA,0,0,21.6,15.1765548098325,0.998944386850693,2
"92","site36","36","NA","SS-0000",2017-07-20,67.27912,-135.67836,2017,"2017synoptic",1,"NA",42.50411543,56.308731145675,54.8788630638765,39.4386243442731,4.26810921448422,NA,NA,NA,NA,1.41440337736615,0.0776131751596511,0.205613316,0.2458036225,731.836727754508,10.5059200266148,22.3207374176,1.60316772226275,2.68714697378465,59.7760577376827,13.3851419953743,0.150134978126593,NA,NA,1.49796129227784,1.29383497967082,1.49796129227784,17,12,20.4705213219445,8.98821876946282,8.83322735326991,3
"93","site37","37","NA","SS-0000",2017-07-20,67.27955,-135.67537,2017,"2017synoptic",1,"NA",26.33408465,99.3164239003956,23.3321180103414,71.6419552435907,4.2455125182998,NA,NA,NA,NA,0.780414227768086,0.0916717238058918,0.2255428533,0.2711323337,628.358304807785,6.84359991055602,8.33340813234859,0.222407825960611,1.00571785145854,69.5416066828291,20.6887209092036,0.116466874405976,NA,NA,0.662676688485003,0.526794235705614,0.662676688484999,6,5,21.1102629383491,9.05579300620325,4.50283624800461,3
"94","site38","38","NA","SS-0000",2017-07-20,67.36964,-135.65767,2017,"2017synoptic",1,"NA",4.17658057,34.7276231018914,NA,91.2878753372135,NA,NA,NA,NA,NA,8.71212466278651,3.80905811568245,0.2485181358,0.3006303959,420.574556790258,2.8246829130568,NA,0.614297960174312,NA,85.4847726823177,9.07906242726684,1.01280881454909,NA,NA,1.48167038080153,1.12825100356091,1.48167038080152,3,2,21.6,15.1285591402933,0.618199100031191,2
"95","site40alt1","40-alt1","NA","SS-0000",2017-08-09,67.13908,-136.01559,2017,"2017synoptic",1,"NA",1.243442443,100,94.2259206250597,NA,NA,NA,5.77407937494034,NA,NA,NA,0,0.1810567006,0.2310957765,747.234703018977,10.4100870863017,54.3050356602483,NA,NA,45.081645348046,0.507038599404232,NA,0.106280392301447,NA,NA,NA,NA,0,0,19.6,0.1774908330936,6.77978248572314,NA
"96","site42","42","NA","SS-0000",2017-07-15,67.18324,-135.80646,2017,"2017synoptic",1,"NA",4.231788471,43.3188127035748,100,NA,NA,NA,NA,NA,NA,NA,0,0.1764943429,0.2192404017,885.13107354651,13.2361725943226,58.0104348583087,NA,4.58758268677873,33.3390792608237,2.34401369983027,0.20037340793289,1.51851608632575,NA,NA,0.0905526802086102,0.0905527033882217,1,1,19.6,0.499711859631769,10.8918513564232,NA
"97","site45","45","NA","SS-0000",2017-08-03,67.12401,-136.08083,2017,"2017synoptic",1,"NA",11.2852774,100,100,NA,NA,NA,NA,NA,NA,NA,0,0.1427002503,0.1833115307,911.573398230187,13.5910304875606,58.7692351491492,0.710300358816114,2.48981325125035,35.9610594169333,0.922227235416802,1.14736458843419,NA,NA,NA,NA,NA,0,0,12.7952847000747,-1.11232297071097,11.9518883429535,NA
"98","site48","48","NA","SS-0000",2017-07-12,67.17965,-135.73062,2017,"2017synoptic",1,"NA",1.09097012,24.0285912206883,100,NA,NA,NA,NA,NA,NA,NA,0,0.2165484154,0.2775155036,708.132386003101,6.93377655477171,11.0646930325756,NA,NA,83.7277029165707,5.20760405085365,NA,NA,NA,1.64220475269743,1.64220479334464,1.64220475269746,1,1,21.6,2.15360710160752,3.15019855912095,NA
"99","site5","5","NA","SS-0000",2017-07-22,67.29549,-135.808,2017,"2017synoptic",1,"NA",18.11033579,67.8464137308807,64.1902529602978,35.8097470397022,NA,NA,NA,NA,NA,NA,0.00701462927875598,0.2293504331,0.2751049894,692.204354850243,6.73013886616727,8.76629790713948,0.154173603626893,1.1289486459634,48.0795811850911,41.8639840288998,NA,NA,NA,1.7756343185677,1.73183745706896,1.7756343185677,10,8,21.2971290907497,4.88609104054648,2.85716675887535,3
"100","site53","53","NA","SS-0000",2017-07-15,67.17613,-135.7614,2017,"2017synoptic",1,"NA",1.752290269,72.325273478623,97.0836259979553,2.91637400204466,NA,NA,NA,NA,NA,NA,0.0405694077163077,0.1913991969,0.2369058343,873.260428237537,14.6349810343309,34.6821993043128,NA,0.136678894186973,62.5668910779353,2.57366131584614,NA,NA,NA,NA,NA,NA,0,0,20.0281268497863,1.46960030483457,13.0213036226596,NA
"101","site57","57","NA","SS-0000",2017-07-30,67.26318,-135.21683,2017,"2017synoptic",1,"NA",2.472676752,100,12.1293650407816,8.26158303448384,NA,NA,NA,NA,79.6090519247346,NA,3.21840727276993,0.2631652494,0.3079370375,379.514895704367,4.89357337190363,0.50997605217612,44.2662735939701,0.565973608808056,6.25191120252093,42.8240889013628,0.85795998660629,1.50540933683839,NA,2.24451202008265,2.10535754800229,2.48089623513175,1,1,21.6,25.1995856462381,1.87909325713805,3
"102","site6","6","NA","SS-0000",2017-07-17,67.35889,-135.30692,2017,"2017synoptic",1,"NA",4.976088038,99.5355312553526,8.78939813259981,NA,NA,NA,NA,NA,91.2106018674002,NA,3.16259863299208,0.2585070316,0.3068453891,331.332243269648,4.53304381129388,NA,17.1980135584237,0.287427338991691,33.3150979446181,45.1797619664838,0.857100558276445,NA,NA,NA,NA,NA,0,0,21.6,27.0246185904593,2.01529292291033,3
"103","site62","62","NA","SS-0000",2017-08-05,67.21964,-135.50516,2017,"2017synoptic",1,"NA",1.870492798,100,1.06581040606919,91.7798901229979,NA,NA,NA,NA,7.15429947093288,NA,0.0680277806628321,0.2646651022,0.3067908137,429.756490485696,3.15389269510343,NA,NA,NA,68.0645005729133,31.867471646277,NA,NA,NA,NA,NA,NA,0,0,21.6,11.8876541016428,0.685858866276261,NA
"104","site7","7","NA","SS-0000",2017-07-30,67.25775,-135.23975,2017,"2017synoptic",1,"NA",11.20312906,100,12.5777509053533,27.6035755096967,NA,NA,NA,NA,59.81867358495,NA,0.335204312047165,0.2570060744,0.2979447041,426.810842004562,4.75253480958327,0.0637912619367082,8.59547163549466,0.70030900765138,39.9109391407167,49.3414615277482,0.0443614264235065,1.0084616879848,NA,0.933471311156724,0.933471310093295,0.933471311156727,2,4,21.6,24.114270192922,1.69947289070302,3
"105","site71","71","NA","SS-0000",2017-08-05,67.19936,-135.6806,2017,"2017synoptic",1,"NA",0.328326023,100,NA,100,NA,NA,NA,NA,NA,NA,0,0.2478756556,0.2900733452,528.740544546755,5.80999445495851,NA,NA,NA,83.0141587312369,16.9858412687631,NA,NA,NA,NA,NA,NA,0,0,21.6,3.96783535950284,1.8053466162035,NA
"106","site8","8","NA","SS-0000",2017-07-22,67.33733,-135.91872,2017,"2017synoptic",1,"NA",8.660237387,9.73587865007243,37.6228820467238,35.1856388233572,1.39008400977288,NA,NA,NA,25.8013951201461,NA,0,0.2264098959,0.2629576429,723.026080080656,10.0624023851872,20.8632283542163,6.29875592128075,0.65520931517072,58.8653691639787,13.3174372453535,NA,NA,NA,NA,NA,NA,0,0,16.1143958199781,5.85683326898325,6.5966145615143,2
"107","site9alt","9-alt","NA","SS-0000",2017-07-17,67.35922,-135.3075,2017,"2017synoptic",1,"NA",32.82675451,99.76063948319,15.3286676843366,18.5691459667409,NA,NA,NA,NA,66.1021863489225,NA,2.22751859620016,0.2592360865,0.3031290746,349.17211030832,4.53526257330153,0.187610347935402,10.3817212455055,0.229425149048315,58.6471811000977,27.8103829022068,0.51616065614886,NA,NA,0.241084433207059,0.194963426958613,0.241084433207055,7,3,21.6,26.9758424680768,2.18538952037041,3
"108","siteDC-3","DC-3","NA","SS-0000",2017-07-27,67.29575,-135.17517,2017,"2017transect",1,"NA",34.80724847,99.8585350074388,17.660878834622,13.914350726099,NA,NA,NA,NA,68.424770439279,NA,1.2526455198643,0.2620487494,0.3123053937,356.398090182959,5.85263522529824,0.178384781825257,40.7630245502424,0.735900025613939,16.0797380738085,40.027713182448,0.204028919080453,0.758564946751018,NA,2.09691531171563,1.95966111012117,2.11370783354636,4,10,21.6,28.1756240733722,3.00299010998718,4
"109","siteDC-4","DC-4","NA","SS-0000",2017-07-27,67.32426,-135.13873,2017,"2017transect",1,"NA",225.956106,95.3728636884449,21.7836636260528,25.6498556802631,2.36989184152089,NA,NA,0.0871092286185529,48.88569683709,1.22378278645458,1.38365928119656,0.2546200833,0.3035455128,376.598207348747,5.64200627948474,1.19478263565056,22.3534329735232,0.79789086003518,42.1500429548372,31.7815374156726,0.217900256645392,0.117380604497429,0.00358760119557979,0.668747918204577,0.601230787384944,0.671334691440595,14,29,21.5752635457009,30.9937823698034,3.07141998584599,5
"110","siteSC-1A","SC-1A","NA","SS-0000",2017-07-27,67.29198,-135.96233,2017,"2017transect",1,"NA",19.11339662,79.8334699852332,100,NA,NA,NA,NA,NA,NA,NA,0,0.1307066944,0.1644166454,1027.25222617978,17.4955331817302,57.7616214476898,0.527778855097382,4.67113789381755,32.9975743595601,3.78260280288985,0.259284640945223,NA,NA,NA,NA,NA,0,0,19.6,1.96377342799129,18.7729999706859,3
"111","siteSC-2B","SC-2B","NA","SS-0000",2017-07-27,67.30436,-136.00502,2017,"2017transect",1,"NA",108.422849,86.6811753639063,90.7383718013052,NA,NA,NA,2.8069820515872,NA,6.45464614710763,NA,0,0.1721407446,0.2074859993,940.49636219597,13.8079546000604,42.965336065641,0.956974606189018,4.34562767765699,42.7790748945163,8.75726904086114,0.192394886641852,NA,0.00332282849367908,0.0063863996855374,NA,0.00638639968553743,0,0,16.0813198940918,1.45687231372757,12.6064842371718,4
"112","siteSC-3B","SC-3B","NA","SS-0000",2017-07-27,67.33891,-135.90863,2017,"2017transect",1,"NA",143.3521784,67.3802632630699,86.0937057125874,2.94402700731888,1.48039689974668,NA,2.36471237310254,NA,7.11715800724448,NA,0,0.186323851,0.2228772747,877.6182730069,12.8233027610087,36.2202677224832,1.71862920474116,3.36028318610646,46.2356635493934,12.2125809031334,0.250062245742974,NA,0.00251318839936173,0.182527402336671,0.19749053926226,0.208209411505477,7,7,16.5216037877557,6.33353187838364,11.1888199711938,4
"113","siteSC-4B","SC-4B","NA","SS-0000",2017-07-25,67.35751,-135.78325,2017,"2017transect",1,"NA",235.6075011,65.3993591988987,66.4345300993511,14.6909703529975,2.85144794970082,NA,1.43641669788697,NA,13.8479409324477,0.73869396761595,0.0588097281336861,0.2064992925,0.2437668951,780.790123966661,10.9752791005126,24.6921868459042,2.14821176230991,2.16229057454115,51.3240449914755,19.4473719525235,0.165555025806312,NA,0.0015291193061794,0.284263883288425,0.253390910749049,0.299889793730802,21,15,17.5186885799379,10.7518929160215,8.82592574810444,5
"114","siteSC-5B","SC-5B","NA","SS-0000",2017-07-25,67.34917,-135.48483,2017,"2017transect",1,"NA",479.4988255,72.8100448530734,47.5388628660299,32.2464281218548,6.14213598495919,0.0874867737880224,0.703983720077886,0.199566064143946,9.77960558202541,3.30193088712084,0.357764194791044,0.2202708836,0.2621425644,652.060707410396,8.65260877594345,15.9746794961752,3.01889769821898,1.49806872747618,54.8665792741013,23.9439422175321,0.339317032633758,NA,0.00075135907139104,0.479805187744359,0.406432881066482,0.48748324772564,74,52,19.4359039047298,19.6824706158142,6.33614225981177,6
"115","siteSC-6B","SC-6B","NA","SS-0000",2017-07-25,67.38373,-135.45415,2017,"2017transect",1,"NA",595.1246112,72.2206160564996,44.1514675830129,38.1923854866293,5.29289636328982,0.07045515395055,0.566934625992104,0.258912983903696,8.46939088456649,2.99755691865518,0.355358032065103,0.2257800173,0.2689860887,616.548113202052,8.36518807251608,13.6337323020027,3.89186782825904,1.26414803481099,56.7654604988214,23.6987850932965,0.390042829990493,NA,0.000605380656218226,0.414125632248944,0.383868086460815,0.470837381157769,85,60,19.8563570945575,22.8909644110218,5.93765380256791,6
"116","siteSC-7B","SC-7B","NA","SS-0000",2017-07-25,67.3484,-135.30128,2017,"2017transect",1,"NA",665.579982,74.6432774073396,41.8659988035117,35.4406196407983,5.11108314533048,0.0629838425526025,0.506814891727684,0.258755837274279,14.0740583591657,2.67968547963933,0.545383996659173,0.2291387133,0.2728239932,584.643826113641,8.05351817677682,12.2287606117074,5.52821892091787,1.16175171522751,55.6765883191472,24.3319115199353,0.526843616966204,NA,0.000541299166370754,0.416910366432082,0.363857453115251,0.467618994356961,95,65,20.0409273050463,26.7361945756748,5.64321149944076,6
"117","siteSC-9A","SC-9A","NA","SS-0000",2017-07-25,67.39,-134.9838,2017,"2017transect",1,"NA",997.9728281,80.2218528991294,34.4252742022423,29.436913080231,4.81437838426244,0.0419811023636893,0.337811206600999,0.192216755160362,28.6879023229475,2.06352294619174,0.774550070213205,0.2394159985,0.2845278002,499.866828653906,7.15913797324321,8.4675524701015,12.4253539271425,0.966581279466324,48.322111935612,28.3474594698892,0.646066650769695,0.0485800874863929,0.00180506147042578,0.429624521866498,0.378796048587207,0.464029645750781,109,94,20.5506001067033,40.4484835522246,4.81559049191755,6
"118","siteSCoutlet170710","SC Outlet","NA","SS-0000",2017-07-10,67.39014,-134.94226,2017,"2017transect",1,"NA",1028.508895,80.0070868169883,33.7179313941642,28.5619433064953,5.12714176104551,0.0423640004491967,0.327770255832843,0.186503389417409,30.0341581890092,2.00218770358641,0.773848957870396,0.2408334854,0.2857509392,489.344130851375,7.04569763271861,8.21615895557748,13.3578962445474,0.940439891023555,46.9524803415519,29.0574812662184,0.65286422392288,0.0471377912653525,0.00175147092598162,0.41686938192024,0.36754995707749,0.450253050678763,109,94,20.5691822879214,41.9682073413434,4.71085548683871,6
"119","siteSCoutlet170807","SC Outlet","NA","SS-0000",2017-08-07,67.38822,-134.92104,2017,"2017transect",1,"NA",1030.128605,79.8813083156845,33.6648549659435,28.5169830769951,5.27648403212218,0.0422973139789415,0.327254302637103,0.186209808721559,29.9868805009846,1.99903599861698,0.788811320463124,0.2408777084,0.2858281,488.59217212293,7.03690299649785,8.20324064321835,13.4506894742664,0.938961232159613,46.8786566959327,29.012538681834,0.678348599759795,0.0470636762543385,0.00174871707851688,0.416213935886128,0.366972056238574,0.44954511531768,109,94,20.5534782288543,42.6197409461438,4.70418739094878,6
"120",NA,"SE","IN","SS-0000",2015-07-21,67.14862,-135.71803,2015,"2015shorttransects",2,"IN",NA,NA,NA,NA,NA,NA,NA,NA,NA,NA,NA,NA,NA,NA,NA,NA,NA,NA,NA,NA,NA,NA,NA,NA,NA,NA,NA,NA,NA,3.33554029506843,NA,NA
"121",NA,"SE","IN","SS-0000",2015-08-21,67.14862,-135.71803,2015,"2015shorttransects",3,"IN",NA,NA,NA,NA,NA,NA,NA,NA,NA,NA,NA,NA,NA,NA,NA,NA,NA,NA,NA,NA,NA,NA,NA,NA,NA,NA,NA,NA,NA,3.33554029506843,NA,NA
"122",NA,"SE","IN","SS-0000",2016-06-17,67.1488239,-135.718552,2016,"2016transect",1,"IN",NA,NA,NA,NA,NA,NA,NA,NA,NA,NA,NA,NA,NA,NA,NA,NA,NA,NA,NA,NA,NA,NA,NA,NA,NA,NA,NA,NA,NA,3.31112135396841,NA,NA
"123",NA,"SD","IN","SS-0000",2015-07-04,67.1803,-135.72717,2015,"2015shorttransects",1,"IN",NA,NA,NA,NA,NA,NA,NA,NA,NA,NA,NA,NA,NA,NA,NA,NA,NA,NA,NA,NA,NA,NA,NA,NA,NA,NA,NA,NA,NA,2.11727822236687,NA,NA
"124",NA,"SD","IN","SS-0000",2015-07-22,67.1803,-135.72717,2015,"2015shorttransects",2,"IN",NA,NA,NA,NA,NA,NA,NA,NA,NA,NA,NA,NA,NA,NA,NA,NA,NA,NA,NA,NA,NA,NA,NA,NA,NA,NA,NA,NA,NA,2.11727822236687,NA,NA
"125",NA,"SD","IN","SS-0000",2015-08-16,67.1803,-135.72717,2015,"2015shorttransects",3,"IN",NA,NA,NA,NA,NA,NA,NA,NA,NA,NA,NA,NA,NA,NA,NA,NA,NA,NA,NA,NA,NA,NA,NA,NA,NA,NA,NA,NA,NA,2.11727822236687,NA,NA
"126",NA,"SE","IN","SL",2016-08-09,67.1488239,-135.718552,2016,"2016transect",3,"IN",NA,NA,NA,NA,NA,NA,NA,NA,NA,NA,NA,NA,NA,NA,NA,NA,NA,NA,NA,NA,NA,NA,NA,NA,NA,NA,NA,NA,NA,3.31112135396841,NA,NA
"127",NA,"SE","IN","SMSC",2016-08-09,67.1488239,-135.718552,2016,"2016transect",3,"IN",NA,NA,NA,NA,NA,NA,NA,NA,NA,NA,NA,NA,NA,NA,NA,NA,NA,NA,NA,NA,NA,NA,NA,NA,NA,NA,NA,NA,NA,3.31112135396841,NA,NA
"128",NA,"SE","IN","SN",2016-08-09,67.1488239,-135.718552,2016,"2016transect",3,"IN",NA,NA,NA,NA,NA,NA,NA,NA,NA,NA,NA,NA,NA,NA,NA,NA,NA,NA,NA,NA,NA,NA,NA,NA,NA,NA,NA,NA,NA,3.31112135396841,NA,NA
"129",NA,"SE","IN","SS-0000",2015-07-06,67.14862,-135.71803,2015,"2015shorttransects",1,"IN",NA,NA,NA,NA,NA,NA,NA,NA,NA,NA,NA,NA,NA,NA,NA,NA,NA,NA,NA,NA,NA,NA,NA,NA,NA,NA,NA,NA,NA,3.33554029506843,NA,NA
"130",NA,"SE","IN","SS-0000",2016-08-09,67.1488239,-135.718552,2016,"2016transect",3,"IN",NA,NA,NA,NA,NA,NA,NA,NA,NA,NA,NA,NA,NA,NA,NA,NA,NA,NA,NA,NA,NA,NA,NA,NA,NA,NA,NA,NA,NA,3.31112135396841,NA,NA
"131",NA,"SE","IN","SS-0000",2016-07-25,67.1488239,-135.718552,2016,"2016transect",2,"IN",NA,NA,NA,NA,NA,NA,NA,NA,NA,NA,NA,NA,NA,NA,NA,NA,NA,NA,NA,NA,NA,NA,NA,NA,NA,NA,NA,NA,NA,3.31112135396841,NA,NA
