,slumpsite,streamloc,sampdate,samptype,repnum,dilfac,coef275295,coef350400,SR,coef275295int,coef350400int,SRint,a254naperian,TSSmgL,a254napTSSstd,a350naperian,a350napTSSstd,atot250450,atot250450TSSstd,sampcode,i,Fmax1,Fmax2,Fmax3,Fmax4,Fmax5,Ftot,Fmax,B,T,A,M,C,D,N,E,FluI,FrI,BIX,HIX,v1,v2,v3,v4,v5,rvm1,rvm2,rvm3,rvm4,rvm5,rvx1,rvx2,rvx3,rvx4,rvx5,pkAB,pkCB,pkTC,pkCM,pkCA,prcntC1,prcntC2,prcntC3,prcntC4,prcntC5,normC1,normC2,normC3,normC4,normC5,normA,normB,normC,normE,normD,normM,normN,normT
1,0,NA,2017-07-17,Discard,1,1,0.009569945,0.014899406,0.642303808,0.009874654,0.014899406,0.662754862,723.222092,NA,NA,224.6513795,NA,59697.30713,NA,NA,NA,NA,NA,NA,NA,NA,NA,NA,NA,NA,NA,NA,NA,NA,NA,NA,NA,NA,NA,NA,NA,NA,NA,NA,NA,NA,NA,NA,NA,NA,NA,NA,NA,NA,NA,NA,NA,NA,NA,NA,NA,NA,NA,NA,NA,NA,NA,NA,NA,NA,NA,NA,NA,NA,NA,NA,NA,NA
2,0,NA,2017-07-17,Sample,1,1,0.010615261,0.015514491,0.684215856,0.010463684,0.015514491,0.674445849,786.5381903,NA,NA,241.0150653,NA,63876.77659,NA,NA,NA,NA,NA,NA,NA,NA,NA,NA,NA,NA,NA,NA,NA,NA,NA,NA,NA,NA,NA,NA,NA,NA,NA,NA,NA,NA,NA,NA,NA,NA,NA,NA,NA,NA,NA,NA,NA,NA,NA,NA,NA,NA,NA,NA,NA,NA,NA,NA,NA,NA,NA,NA,NA,NA,NA,NA,NA,NA
3,0,NA,2017-07-17,Sample,2,0.666666667,0.009625095,0.015523687,0.620026343,0.009510845,0.015523687,0.612666634,767.202519,NA,NA,238.1026627,NA,62810.27256,NA,NA,NA,NA,NA,NA,NA,NA,NA,NA,NA,NA,NA,NA,NA,NA,NA,NA,NA,NA,NA,NA,NA,NA,NA,NA,NA,NA,NA,NA,NA,NA,NA,NA,NA,NA,NA,NA,NA,NA,NA,NA,NA,NA,NA,NA,NA,NA,NA,NA,NA,NA,NA,NA,NA,NA,NA,NA,NA,NA
4,1,NA,2017-08-03,Sample,2,0.666666667,0.010150409,0.016055318,0.632214745,0.010297353,0.016055318,0.641367147,0.630003319,NA,NA,0.201472594,NA,51.55923482,NA,1_NA_SS-0000_2017-08-03_Sample_1,3,0.028792858,0.01943997,0.039414387,0.015982187,0.010534764,101.9496067,0.073837339,0.010739942,0.008508568,0.062021623,0.037272017,0.042242914,0.017557929,0.01311041,0.009716356,1.23581665,0.393578187,0.398505853,0.919195285,24.21313655,26.3211579,28.73903901,20.43005405,2.142036185,0.237743982,0.258442225,0.28218292,0.200598646,0.021032228,0.243827547,0.265055432,0.289403621,0.205731709,0.021570416,5.774856419,3.933253457,0.201420006,1.133368071,0.681099784,0.25220574,0.170280842,0.345243067,0.139993024,0.092277327,0.389949833,0.263281025,0.533800206,0.216451284,0.142675295,0.839976411,0.145454077,0.572107752,0.131591362,0.237792007,0.504785485,0.177557997,0.115233947
5,10,NA,2017-07-22,Sample,1,1,0.007998291,0.014906887,0.536550073,0.008274806,0.014906887,0.555099555,146.0885518,NA,NA,52.69038676,NA,12991.02919,NA,10_NA_SS-0000_2017-07-22_Sample_1,5,23.65475789,11.04200758,12.55637167,7.749690467,4.132467956,54432.72517,36.19642946,4.413437966,4.630596981,33.06919088,20.41985858,20.430131,8.905392697,9.25863349,5.217822585,1.321966826,0.535733637,0.538852057,0.909885778,19892.29004,14950.55912,9155.490795,9906.441258,840.2557266,0.363362437,0.273094329,0.167238736,0.18095597,0.015348528,0.37347333,0.280693429,0.171892308,0.185991236,0.015775615,7.492841439,4.629074014,0.226655276,1.00050306,0.617799543,0.400010817,0.186724485,0.212332949,0.131050169,0.069881581,0.653510809,0.305057923,0.346895312,0.214100965,0.114167834,0.913603672,0.121930202,0.564423931,0.144152964,0.24602959,0.564140134,0.255788585,0.127929662
6,01-Dec,NA,2017-08-09,Sample,2,0.25,0.011196722,0.017919266,0.624842662,0.011625447,0.017919266,0.64876805,6.812777753,NA,NA,1.860717319,NA,507.330678,NA,12-1_NA_SS-0000_2017-08-09_Sample_1,6,0.466816442,0.192851561,0.606289614,0.212443229,0.053733078,1360.222924,1.123463568,0.066040909,0.087829199,0.944700898,0.586289298,0.637750075,0.214422981,0.194274762,0.095860307,1.326697446,0.420724893,0.422749484,0.935215064,392.5657625,261.1154401,442.0766701,271.5665068,10.92555989,0.284829153,0.189454345,0.320752178,0.197037198,0.007927125,0.293017072,0.194900547,0.329972768,0.202701382,0.008155005,14.30478339,9.656894259,0.13771727,1.087773693,0.675081474,0.304683837,0.125871217,0.395715808,0.138658394,0.035070745,0.415515425,0.171658046,0.539661126,0.189096678,0.047828055,0.840882539,0.058783312,0.567664224,0.085325693,0.190858865,0.521858754,0.172924844,0.078177167
7,13,NA,2017-07-13,Duplicate,1,1,0.010117358,0.016755806,0.603812104,0.010150434,0.016755806,0.605786083,1.888077855,NA,NA,0.56206803,NA,148.317512,NA,13_NA_SS-0000_2017-07-13_Sample_1,8,0.743611017,0.489314593,1.291784587,0.416057045,0.097361586,2733.774156,2.205216962,0.110171949,0.167376987,1.842192331,1.086953605,1.246183731,0.455413911,0.328636258,0.236787699,1.202357081,0.35529027,0.359079808,0.939601768,625.3340697,662.5178166,941.9060064,531.8463614,19.79655528,0.224827025,0.238195737,0.338644471,0.19121529,0.007117477,0.231503497,0.245269207,0.34870087,0.196893626,0.007328837,16.7210651,11.31126155,0.134311645,1.146492109,0.676467766,0.244759541,0.161057882,0.425190853,0.136945162,0.032046563,0.337205377,0.221889547,0.585785712,0.188669438,0.04415057,0.835379177,0.049959687,0.565107086,0.107376146,0.206516601,0.492900982,0.149026723,0.075900462
8,13,NA,2017-07-13,Sample,3,0.083333333,0.008192698,0.016821061,0.487050021,0.008483468,0.016821061,0.504336089,15.68167727,NA,NA,4.962594074,NA,1282.364812,NA,13_NA_SS-0000_2017-07-13_Sample_1,8,0.743611017,0.489314593,1.291784587,0.416057045,0.097361586,2733.774156,2.205216962,0.110171949,0.167376987,1.842192331,1.086953605,1.246183731,0.455413911,0.328636258,0.236787699,1.202357081,0.35529027,0.359079808,0.939601768,625.3340697,662.5178166,941.9060064,531.8463614,19.79655528,0.224827025,0.238195737,0.338644471,0.19121529,0.007117477,0.231503497,0.245269207,0.34870087,0.196893626,0.007328837,16.7210651,11.31126155,0.134311645,1.146492109,0.676467766,0.244759541,0.161057882,0.425190853,0.136945162,0.032046563,0.337205377,0.221889547,0.585785712,0.188669438,0.04415057,0.835379177,0.049959687,0.565107086,0.107376146,0.206516601,0.492900982,0.149026723,0.075900462
9,14,NA,2017-07-22,Sample,1,1,0.010542562,0.015294056,0.689324157,0.00846172,0.015294056,0.553268559,0.907931767,NA,NA,0.296819574,NA,75.32150575,NA,14_NA_SS-0000_2017-07-22_Sample_1,9,0.069191868,0.022185327,0.039091401,0.027581443,0.043175204,163.1881719,0.11542691,0.041499632,0.021319839,0.099590518,0.059378521,0.060080956,0.026002852,0.02868337,0.010673095,1.479551937,0.591521636,0.59352572,0.849865748,58.18637919,30.03829162,28.50353389,35.25740087,8.778824809,0.361935654,0.186846627,0.177300002,0.219310956,0.054606761,0.374837601,0.193507163,0.183620229,0.22712875,0.056553332,2.399792798,1.447746717,0.35485186,1.011829783,0.603279883,0.343852824,0.110251212,0.194266886,0.137067509,0.214561568,0.599443131,0.192202382,0.338668005,0.238951583,0.374047991,0.86280156,0.35953169,0.520510824,0.092466263,0.225275475,0.514425284,0.248498119,0.184704234
10,19,NA,2017-07-22,Sample,1,1,0.00861718,0.013022814,0.661698819,0.008634061,0.013022814,0.662995042,20.70050748,NA,NA,8.080067477,NA,1896.933385,NA,19_NA_SS-0000_2017-07-22_Sample_1,10,1.567513403,0.499394774,0.444809409,0.46329555,0.841614551,3159.240833,1.998790412,0.833386508,0.423506046,1.803106398,1.154630566,1.0548649,0.471481873,0.625433966,0.220018985,1.428493485,0.663165193,0.663756878,0.838036162,1318.188561,676.1660898,324.3332195,592.2314152,171.1256937,0.427699326,0.219388781,0.105233123,0.192155345,0.055523425,0.442225935,0.226840218,0.108807317,0.198681811,0.057409252,2.16358962,1.265757113,0.401478944,0.913595163,0.585026431,0.410706396,0.130847129,0.11654514,0.12138872,0.220512615,0.784231,0.249848494,0.222539295,0.231787959,0.421061931,0.902098783,0.41694542,0.527751631,0.110076066,0.235883597,0.577664651,0.312906227,0.211881167
11,20,NA,2017-07-22,Sample,1,1,0.007505493,0.014732163,0.509463085,0.007808433,0.014732163,0.530026262,121.9319792,NA,NA,42.50726674,NA,10731.07365,NA,20_NA_SS-0000_2017-07-22_Sample_1,11,18.59311638,8.794888358,8.112382154,6.206443504,3.850865006,41715.32843,26.67232427,4.056980149,3.836939733,25.00887811,14.94609622,14.59653173,6.949131201,7.406263774,4.043739381,1.311211839,0.555416219,0.560369046,0.905906017,15635.74083,11908.02464,5915.151451,7933.706289,782.9973293,0.37072936,0.282343792,0.14025049,0.188111193,0.018565164,0.383039513,0.291719082,0.144907539,0.194357468,0.019181625,6.164407316,3.597880984,0.262866536,0.976611653,0.583653999,0.408122409,0.193049457,0.178068317,0.136232605,0.084527213,0.697093969,0.329738356,0.304149802,0.232692263,0.144376807,0.937634001,0.152104485,0.547253834,0.151608062,0.260537144,0.560359722,0.27767598,0.14385472
12,23,NA,2017-07-20,Discard,1,1,0.006150815,0.014521004,0.423580523,0.007917965,0.014521004,0.545276641,55.18688366,NA,NA,20.03158866,NA,4982.180684,NA,23_NA_SS-0000_2017-07-20_Sample_1,14,11.75424455,5.990450382,5.395144552,3.909672272,2.769938161,27203.75767,17.29310284,3.074151245,2.272310131,16.20937941,9.693960794,9.219000125,4.513780241,4.548905966,2.786707527,1.301966946,0.536947587,0.542723733,0.908159644,9884.643199,8110.896676,3933.874974,4997.740086,563.2122079,0.359567522,0.295045047,0.143100125,0.181799685,0.02048762,0.372224724,0.305430982,0.148137419,0.188199249,0.021208809,5.272798284,2.998876565,0.246481191,0.951004478,0.568744792,0.394180462,0.200890707,0.180927031,0.131111482,0.092890317,0.679707086,0.346406914,0.311982448,0.226082752,0.160175891,0.937332043,0.177767476,0.533102718,0.161145605,0.261016215,0.560568042,0.263047413,0.131399793
13,23,NA,2017-07-20,Sample,1,1,0.007718429,0.01480507,0.521336862,0.006087655,0.01480507,0.411187194,70.10553406,NA,NA,24.40825656,NA,6146.507187,NA,23_NA_SS-0000_2017-07-20_Sample_1,14,11.75424455,5.990450382,5.395144552,3.909672272,2.769938161,27203.75767,17.29310284,3.074151245,2.272310131,16.20937941,9.693960794,9.219000125,4.513780241,4.548905966,2.786707527,1.301966946,0.536947587,0.542723733,0.908159644,9884.643199,8110.896676,3933.874974,4997.740086,563.2122079,0.359567522,0.295045047,0.143100125,0.181799685,0.02048762,0.372224724,0.305430982,0.148137419,0.188199249,0.021208809,5.272798284,2.998876565,0.246481191,0.951004478,0.568744792,0.394180462,0.200890707,0.180927031,0.131111482,0.092890317,0.679707086,0.346406914,0.311982448,0.226082752,0.160175891,0.937332043,0.177767476,0.533102718,0.161145605,0.261016215,0.560568042,0.263047413,0.131399793
14,23,NA,2017-07-20,Duplicate,1,1,0.005289568,0.015051768,0.351425048,0.006919949,0.015051768,0.459743266,52.40980343,NA,NA,19.22357343,NA,4764.80277,NA,23_NA_SS-0000_2017-07-20_Sample_1,14,11.75424455,5.990450382,5.395144552,3.909672272,2.769938161,27203.75767,17.29310284,3.074151245,2.272310131,16.20937941,9.693960794,9.219000125,4.513780241,4.548905966,2.786707527,1.301966946,0.536947587,0.542723733,0.908159644,9884.643199,8110.896676,3933.874974,4997.740086,563.2122079,0.359567522,0.295045047,0.143100125,0.181799685,0.02048762,0.372224724,0.305430982,0.148137419,0.188199249,0.021208809,5.272798284,2.998876565,0.246481191,0.951004478,0.568744792,0.394180462,0.200890707,0.180927031,0.131111482,0.092890317,0.679707086,0.346406914,0.311982448,0.226082752,0.160175891,0.937332043,0.177767476,0.533102718,0.161145605,0.261016215,0.560568042,0.263047413,0.131399793
15,26,NA,2017-07-14,Sample,2,0.333333333,0.007864325,0.015758373,0.499056898,0.008469323,0.015758373,0.537449057,0.577931113,NA,NA,0.216443859,NA,51.27197838,NA,26_NA_SS-0000_2017-07-14_Sample_1,15,0.017649032,0.007243243,0.017745235,0.008420399,0.010410238,52.72061601,0.037299061,0.008730345,0.005146516,0.030346817,0.020395498,0.021890661,0.008349082,0.00729868,0.002832483,1.343310493,0.452159898,0.454069119,0.860701876,14.84182056,9.807141228,12.93895566,10.76380914,2.116716341,0.294081206,0.194322247,0.256377152,0.213278011,0.041941384,0.298980195,0.197559388,0.260648043,0.21683093,0.04264007,3.476015782,2.507422215,0.235100987,1.073308482,0.721349491,0.287124846,0.117837334,0.288689927,0.136988008,0.169359885,0.47317632,0.1941937,0.475755544,0.225753648,0.27910189,0.813608069,0.234063399,0.586895767,0.075939794,0.223841614,0.546809959,0.195679993,0.137979774
16,27,NA,2017-07-12,Sample,2,0.666666667,0.012413611,0.014668788,0.846260208,0.012325783,0.014668788,0.840272793,0.257309744,NA,NA,0.080197529,NA,20.83276413,NA,27_NA_SS-0000_2017-07-12_Sample_1,92,0.014131392,0.007517221,0.012681729,0.006155431,0.005984711,40.2974722,0.028802683,0.005333228,0.004901764,0.024280529,0.014381122,0.01567612,0.006586336,0.006463661,0.003639676,1.316864265,0.448605362,0.453756906,0.887870426,11.88368755,10.17810039,9.246895247,7.868496317,1.216872691,0.294193994,0.251970274,0.228917248,0.194793438,0.030125046,0.303690792,0.260104059,0.236306864,0.201081514,0.031097505,4.552689103,2.939330552,0.312689875,1.090048468,0.645625143,0.304093933,0.161763354,0.272898581,0.132458929,0.128785203,0.490627633,0.260990315,0.440296796,0.213710317,0.207783096,0.84299539,0.185164278,0.544259019,0.126365867,0.228670919,0.499297999,0.224411767,0.170184285
17,3,NA,2017-07-22,Sample,2,0.5,0.011282809,0.015241747,0.740256911,0.011627427,0.015241747,0.762867051,0.36122666,NA,NA,0.11289417,NA,29.17802413,NA,3_NA_SS-0000_2017-07-22_Sample_1,17,0.016890191,0.008976683,0.020639619,0.008147109,0.008782826,54.07401352,0.041360407,0.007923856,0.006098539,0.03350702,0.020472781,0.022846173,0.00869117,0.00808117,0.004292798,1.286788277,0.392551189,0.395617798,0.887652259,14.2036787,12.15416984,15.04939863,10.41446206,1.785814208,0.264956816,0.226725076,0.280732958,0.194272397,0.033312753,0.272429358,0.233119374,0.288650433,0.199751436,0.034252269,4.228625558,2.883214056,0.266939194,1.115929145,0.681832434,0.266253814,0.141506758,0.325359095,0.128429504,0.138450829,0.408366173,0.217035663,0.499018762,0.196978455,0.21234864,0.810123073,0.191580707,0.552368186,0.103790033,0.210132603,0.494984999,0.195384199,0.147448718
18,30,NA,2017-07-14,Sample,3,0.25,0.011110668,0.015926692,0.697613029,0.011683986,0.015926692,0.733610335,0.842445974,NA,NA,0.252914822,NA,66.46411083,NA,30_NA_SS-0000_2017-07-14_Sample_1,19,0.040001261,0.017649521,0.034950499,0.01953777,0.018729666,114.3832423,0.080437152,0.015969377,0.010834545,0.068324496,0.040636617,0.043980477,0.019162335,0.016827348,0.006495904,1.354699781,0.484249863,0.488906759,0.872023725,33.63875824,23.89694181,25.4841907,24.975162,3.808307592,0.300874304,0.213740819,0.22793761,0.223384717,0.03406255,0.309299064,0.21972576,0.234320074,0.229639696,0.035016333,4.278469724,2.754050894,0.246348965,1.082286869,0.643699984,0.305659455,0.134864326,0.267065342,0.149292901,0.143117976,0.497298323,0.219420018,0.434506916,0.242894855,0.232848448,0.849414659,0.198532352,0.546768202,0.080757509,0.238227418,0.505197113,0.209198705,0.134695781
19,31,NA,2017-07-29,Sample,1,1,0.006241349,0.0213186,0.292765448,0.008286149,0.0213186,0.388681654,0.034255062,NA,NA,0.010055138,NA,2.762860683,NA,31_NA_SS-0000_2017-07-29_Sample_1,20,0.005928824,0.000923379,0.001655409,0.002112158,0.004023029,10.88089411,0.00749676,0.003549485,0.002264461,0.006429187,0.004663644,0.004427977,0.001894037,0.002689615,0.000542476,1.668115781,0.747495451,0.766849472,0.777505133,4.985800029,1.250228408,1.207043125,2.699974933,0.818003553,0.454865182,0.114061007,0.110121122,0.246324478,0.074628211,0.470242179,0.11791691,0.113843834,0.254651629,0.077151063,1.811301358,1.24749844,0.511398546,0.949467198,0.688730472,0.404896906,0.063060273,0.113052767,0.144245508,0.274744547,0.790851555,0.123170403,0.220816596,0.281742791,0.536635743,0.857595415,0.473469205,0.590652095,0.072361393,0.25264741,0.622087942,0.358770322,0.302058623
20,32,NA,2017-07-29,Sample,1,1,-0.006170368,0.020480583,-0.301278922,-0.002543237,0.020480583,-0.12417794,0.022678116,NA,NA,0.009551016,NA,2.365396208,NA,32_NA_SS-0000_2017-07-29_Sample_1,21,0.00569476,0.000809343,0.002051642,0.002019832,0.003500902,10.71524665,0.0076884,0.003059297,0.002021886,0.006295048,0.004997645,0.00466333,0.001785603,0.002454589,0.000506285,1.647504197,0.706310304,0.721092179,0.783357753,4.788965825,1.095826774,1.495956649,2.58195388,0.711839326,0.448634295,0.102657962,0.140142461,0.241879583,0.066685699,0.458802138,0.104984601,0.143318648,0.24736154,0.068197063,2.057677957,1.524314246,0.433571289,0.933105493,0.740793398,0.404558588,0.057496112,0.145749644,0.143489833,0.248705823,0.740695135,0.105268042,0.266848994,0.262711569,0.455348616,0.818772176,0.397910749,0.606541023,0.065850502,0.232246371,0.650024062,0.319258753,0.262978773
21,35,NA,2017-07-20,Sample,2,0.5,0.009849683,0.015916846,0.618821261,0.010537367,0.015916846,0.66202609,2.478330204,NA,NA,0.765183848,NA,198.6759381,NA,35_NA_SS-0000_2017-07-20_Sample_1,22,0.128336193,0.066549606,0.183962311,0.064697545,0.05716609,421.6168426,0.340183113,0.055328325,0.042088936,0.279222823,0.166242538,0.188225499,0.067050225,0.059511127,0.032329657,1.272271942,0.383107426,0.386378108,0.899653073,107.9233529,90.10624275,134.1363004,82.70297161,11.62359521,0.253048676,0.211272767,0.314510366,0.193914263,0.027253929,0.26179447,0.218574715,0.325380381,0.200616271,0.028195871,5.046652379,3.401973564,0.223609108,1.132234272,0.674104992,0.256307535,0.132910015,0.367401629,0.129211159,0.114169661,0.377256215,0.195628775,0.540774376,0.19018447,0.168045056,0.82080154,0.162642774,0.553306416,0.095036043,0.197100392,0.488685451,0.17493851,0.123724354
22,36,NA,2017-07-20,Sample,1,1,0.012857487,0.016303445,0.788636223,0.012990846,0.016303445,0.796816004,0.326622865,NA,NA,0.088782156,NA,24.37859061,NA,36_NA_SS-0000_2017-07-20_Sample_1,24,0.021386411,0.008379153,0.026036784,0.010560781,0.009033994,62.95550625,0.049912085,0.009482623,0.006816619,0.041972688,0.025166291,0.028034537,0.010086313,0.010014099,0.004087931,1.399120109,0.425273456,0.428563074,0.910814553,17.9847406,11.34513155,18.98474688,13.49986211,1.836884142,0.282550744,0.178238621,0.298261424,0.212090692,0.028858519,0.29243802,0.184475711,0.308698464,0.219512366,0.029868363,4.426274038,2.956411638,0.243150761,1.113971741,0.667923317,0.283650224,0.111133597,0.345328619,0.140068749,0.119818811,0.428481613,0.167878249,0.521652906,0.211587647,0.180998121,0.840932371,0.189986513,0.561678339,0.081902629,0.20208158,0.504212377,0.200634756,0.136572515
23,37,NA,2017-07-20,Sample,1,1,0.001711333,0.01377225,0.124259539,0.002761027,0.01377225,0.200477555,3.117445689,NA,NA,1.363020289,NA,318.8636025,NA,37_NA_SS-0000_2017-07-20_Sample_1,25,0.424802803,0.197288626,0.160941697,0.142440281,0.375245581,1006.680722,0.591791278,0.380544529,0.142446652,0.543585793,0.349601255,0.313206985,0.155630033,0.177388151,0.090644926,1.357602473,0.595697687,0.597905411,0.811892605,357.2347093,267.1230975,117.350797,182.0816303,76.29877624,0.357202915,0.267099323,0.117340353,0.182065425,0.076291985,0.374239551,0.279838508,0.122936849,0.190748955,0.079930698,1.428442013,0.823049502,0.454800368,0.895897771,0.576186849,0.32659076,0.151676594,0.123732873,0.109508881,0.288490892,0.717825386,0.333375353,0.271956858,0.240693444,0.634084338,0.918543097,0.643038421,0.529252452,0.153170432,0.262981289,0.590750942,0.299747829,0.24070421
24,38,NA,2017-07-20,Sample,1,1,0.000703974,0.016348854,0.043059545,0.002579584,0.016348854,0.15778377,10.02499795,NA,NA,4.076171794,NA,981.6064836,NA,38_NA_SS-0000_2017-07-20_Sample_1,26,1.894878278,0.656344373,0.847744078,0.558445706,1.329977566,4035.166811,2.76892993,1.342436136,0.61728985,2.437695846,1.60357539,1.514787206,0.608424279,0.77711945,0.32065111,1.360197914,0.564468025,0.565406511,0.828179815,1593.48358,888.6713111,618.1334308,713.8620055,270.4246659,0.390122248,0.217567633,0.151333598,0.174770204,0.066206317,0.408067041,0.22757528,0.158294621,0.182809261,0.069251666,1.815874723,1.128386793,0.407509284,0.944631113,0.621401234,0.35837687,0.124133906,0.160333185,0.105618406,0.251537633,0.684335944,0.237038997,0.306163066,0.201682859,0.480321857,0.880374696,0.484821274,0.547065922,0.115803259,0.219732638,0.579131806,0.280656958,0.222934442
25,40-alt1,NA,2017-08-09,Sample,1,1,0.014154426,0.015130586,0.935484312,0.013873426,0.015130586,0.916912664,0.209821769,NA,NA,0.058008009,NA,15.72217091,NA,40-alt1_NA_SS-0000_2017-08-09_Sample_1,27,0.010581653,0.005363435,0.012195334,0.004527307,0.009724281,33.27455395,0.024658074,0.009663703,0.004181284,0.020025443,0.012613649,0.013304328,0.00485413,0.004808843,0.002584948,1.299458631,0.423039238,0.427352849,0.856972952,8.898561234,7.261935951,8.89223972,5.787263299,1.977240538,0.271155071,0.221284172,0.270962443,0.17634826,0.060250054,0.282045996,0.230172036,0.281845632,0.183431276,0.062669994,2.07223287,1.37673188,0.314279985,1.054756478,0.66437122,0.249614326,0.126519949,0.287680009,0.106796229,0.229389486,0.429135424,0.217512324,0.494577714,0.183603425,0.394365003,0.812125189,0.391908265,0.539552603,0.104831707,0.19685763,0.511542345,0.19502103,0.169570584
26,42,NA,2017-07-15,Sample,1,1,0.01000369,0.013958086,0.716694992,0.009872905,0.013958086,0.707325097,60.22434654,NA,NA,20.02548154,NA,5110.099635,NA,42_NA_SS-0000_2017-07-15_Sample_1,29,6.762900046,3.643197447,3.500300203,2.467317715,1.266437021,16416.01293,10.36371021,1.449877483,1.250453917,9.711846847,5.787122133,5.614563493,2.785204736,2.652156838,1.689759673,1.30225933,0.536864951,0.543750521,0.916944902,5687.209728,4932.784044,2552.247347,3153.976035,257.5049511,0.342939281,0.297447341,0.153900755,0.190185051,0.015527573,0.354214772,0.307227104,0.158960853,0.19643814,0.016038103,6.698391389,3.872439954,0.222716141,0.970182305,0.578114913,0.383381043,0.206528683,0.198428002,0.13986941,0.071792862,0.652555881,0.351534091,0.337745859,0.23807282,0.122199193,0.937101352,0.139899462,0.541752266,0.163045824,0.26874591,0.558402543,0.255908047,0.120656974
27,42,NA,2017-07-15,Duplicate,1,1,0.010216632,0.014027104,0.728349324,0.009889729,0.014027104,0.705044251,62.93022958,NA,NA,21.60980358,NA,5417.20609,NA,42_NA_SS-0000_2017-07-15_Sample_1,29,6.762900046,3.643197447,3.500300203,2.467317715,1.266437021,16416.01293,10.36371021,1.449877483,1.250453917,9.711846847,5.787122133,5.614563493,2.785204736,2.652156838,1.689759673,1.30225933,0.536864951,0.543750521,0.916944902,5687.209728,4932.784044,2552.247347,3153.976035,257.5049511,0.342939281,0.297447341,0.153900755,0.190185051,0.015527573,0.354214772,0.307227104,0.158960853,0.19643814,0.016038103,6.698391389,3.872439954,0.222716141,0.970182305,0.578114913,0.383381043,0.206528683,0.198428002,0.13986941,0.071792862,0.652555881,0.351534091,0.337745859,0.23807282,0.122199193,0.937101352,0.139899462,0.541752266,0.163045824,0.26874591,0.558402543,0.255908047,0.120656974
28,48,NA,2017-07-12,Sample,1,1,0.005563431,0.014953387,0.372051571,0.004049733,0.014953387,0.270823781,128.5820599,NA,NA,47.81584992,NA,11793.94196,NA,48_NA_SS-0000_2017-07-12_Sample_1,94,29.21265577,14.05958474,8.723678058,8.653096922,6.298155453,61550.39696,37.79992198,6.467814478,6.520369347,35.83825724,21.91347167,20.37444001,10.24668904,11.58585685,6.444245936,1.290961697,0.570722458,0.576683631,0.898321422,24566.16229,19036.27137,6360.878463,11061.26712,1280.605498,0.394287609,0.305532701,0.102092282,0.177533654,0.020553755,0.40801728,0.316171797,0.105647284,0.183715636,0.021269467,5.541015031,3.150127463,0.320026923,0.929767785,0.568510904,0.43635385,0.21001014,0.130306896,0.129252615,0.094076499,0.772823176,0.371947454,0.23078561,0.22891838,0.166618213,0.948104,0.171106556,0.539007462,0.170483049,0.271076989,0.579722669,0.306504782,0.1724969
29,5,NA,2017-07-22,Duplicate,1,1,0.008634499,0.014253242,0.605791887,0.008882266,0.014253242,0.623175125,100.5997714,NA,NA,35.44214391,NA,8833.249646,NA,5_NA_SS-0000_2017-07-22_Sample_1,31,15.00261688,8.116602233,7.127533522,5.305460514,3.784375418,36259.89843,22.86569913,3.942725915,3.21087655,20.92123441,12.56803434,12.4842818,6.248925904,5.940725615,3.994766035,1.270469483,0.535134836,0.540081382,0.902953274,12616.33738,10989.64483,5197.0481,6781.978346,769.477985,0.347036598,0.302291295,0.142954793,0.186551344,0.02116597,0.356788558,0.310785881,0.146971917,0.191793561,0.021760748,5.306286783,3.166408741,0.257193534,0.993336067,0.596727782,0.381390899,0.206337218,0.181193484,0.134873427,0.096204972,0.656118879,0.35496847,0.311712906,0.232027041,0.16550447,0.914961502,0.172429712,0.545982947,0.174705615,0.273288206,0.54964575,0.259809489,0.140423283
30,5,NA,2017-07-22,Sample,1,1,0.008043044,0.014525926,0.55370264,0.007986829,0.014525926,0.549832699,108.8289795,NA,NA,39.6814045,NA,9709.862217,NA,5_NA_SS-0000_2017-07-22_Sample_1,31,15.00261688,8.116602233,7.127533522,5.305460514,3.784375418,36259.89843,22.86569913,3.942725915,3.21087655,20.92123441,12.56803434,12.4842818,6.248925904,5.940725615,3.994766035,1.270469483,0.535134836,0.540081382,0.902953274,12616.33738,10989.64483,5197.0481,6781.978346,769.477985,0.347036598,0.302291295,0.142954793,0.186551344,0.02116597,0.356788558,0.310785881,0.146971917,0.191793561,0.021760748,5.306286783,3.166408741,0.257193534,0.993336067,0.596727782,0.381390899,0.206337218,0.181193484,0.134873427,0.096204972,0.656118879,0.35496847,0.311712906,0.232027041,0.16550447,0.914961502,0.172429712,0.545982947,0.174705615,0.273288206,0.54964575,0.259809489,0.140423283
31,57,NA,2017-07-30,Sample,1,1,0.008506934,0.016830925,0.505434759,0.006915542,0.016830925,0.410883078,90.92527601,NA,NA,27.45459601,NA,7327.856252,NA,57_NA_SS-0000_2017-07-30_Sample_1,32,30.22570025,6.9700571,2.656336707,6.031673614,6.846026931,45248.85865,32.11712039,6.718395164,6.905709113,28.88119998,19.21831252,16.74547256,6.403692899,11.84488187,3.121571703,1.478154509,0.737576368,0.749425665,0.862112884,25418.0744,9437.255858,1936.870531,7710.297669,1392.004341,0.553837014,0.20562933,0.042202669,0.168000462,0.030330524,0.575812249,0.213788324,0.043877194,0.174666411,0.031533984,4.298824239,2.492481039,0.412392609,0.871328976,0.579805291,0.573218623,0.132184416,0.05037639,0.114388339,0.129832232,0.941108664,0.217019989,0.082707811,0.187802441,0.21315818,0.899246247,0.209184232,0.521387732,0.097193387,0.199385649,0.59838218,0.368802736,0.215016447
32,6,NA,2017-07-17,Sample,1,1,0.009429334,0.015458085,0.609993646,0.007456904,0.015458085,0.482395063,0.304020761,NA,NA,0.103379666,NA,25.96062717,NA,6_NA_SS-0000_2017-07-17_Sample_1,33,0.030187106,0.011941553,0.018032549,0.010392374,0.015577888,71.12539926,0.050792078,0.014686965,0.009165777,0.043140181,0.027819512,0.027820322,0.011287819,0.01249277,0.005784089,1.330633563,0.507178842,0.507996263,0.860218122,25.38561914,16.1685174,13.14845111,13.28458794,3.16745572,0.356766927,0.22723071,0.184787004,0.186700257,0.044515103,0.368742468,0.234858129,0.190989721,0.192967196,0.046009334,2.937310806,1.894218581,0.329463369,1.000029116,0.644881903,0.350477082,0.138643318,0.209360751,0.120657109,0.18086174,0.594327059,0.235106601,0.355026808,0.204606203,0.306699159,0.849348613,0.289158577,0.547729549,0.113877778,0.222235818,0.547713602,0.245959025,0.180456822
33,62,NA,2017-08-05,Sample,2,0.666666667,0.010349795,0.015669934,0.660487444,0.01035595,0.015669934,0.660880262,4.569085589,NA,NA,1.390268236,NA,364.7310499,NA,62_NA_SS-0000_2017-08-05_Sample_1,34,0.278482133,0.178536789,0.329667663,0.147670358,0.067289865,910.1140864,0.638329884,0.074124913,0.060970248,0.565738101,0.322766016,0.361317703,0.157524598,0.117501151,0.085171873,1.279068494,0.420754452,0.427063385,0.925970812,234.1874473,241.733652,240.3775017,188.7672467,13.68206472,0.254898481,0.263112056,0.261635971,0.205461416,0.014892077,0.262594242,0.271055797,0.269535146,0.211664599,0.015341691,7.632226172,4.874443536,0.168744148,1.119441593,0.638666023,0.278024281,0.178243256,0.329125656,0.147427574,0.067179233,0.436266796,0.279693609,0.516453438,0.231338626,0.105415501,0.886278577,0.116123207,0.566036014,0.133429243,0.246776161,0.5056414,0.184075905,0.095515265
34,71,NA,2017-08-05,Sample,2,0.5,0.010983153,0.015404526,0.712982208,0.011205614,0.015404526,0.727423435,0.635783936,NA,NA,0.189738896,NA,50.08315613,NA,71_NA_SS-0000_2017-08-05_Sample_1,35,0.04586797,0.025927418,0.043115089,0.019942525,0.013047783,131.8940642,0.092315863,0.012327452,0.013249541,0.082136742,0.047668309,0.05160719,0.021747477,0.019954205,0.01254596,1.281737099,0.442887656,0.447440209,0.910154487,38.57232267,35.10497491,31.43741003,25.49255981,2.653008898,0.289451018,0.263431653,0.235909837,0.191299017,0.019908475,0.299223852,0.272325986,0.243874941,0.197757911,0.020580652,6.662913147,4.186363086,0.256738276,1.08263102,0.628308218,0.310126614,0.175302777,0.291513595,0.134837179,0.088219835,0.496859024,0.280855504,0.467038796,0.216024894,0.14133847,0.889735949,0.133535577,0.559028409,0.135902537,0.235576815,0.516360975,0.216151421,0.14352399
35,8,NA,2017-07-22,Sample,1,1,0.013537713,0.013072799,1.035563419,0.013693688,0.013072799,1.04749469,0.258239411,NA,NA,0.081461131,NA,21.16031921,NA,8_NA_SS-0000_2017-07-22_Sample_1,37,0.017656625,0.011869687,0.010586612,0.007223533,0.012644791,50.14464934,0.031544143,0.010926833,0.010007122,0.027340276,0.015453836,0.016831566,0.00847824,0.010051216,0.006015151,1.217555714,0.434316059,0.439992519,0.846245631,14.84820559,16.07121313,7.719238846,9.233853264,2.571068434,0.294352736,0.318597795,0.153027183,0.183053094,0.050969191,0.305018489,0.330142057,0.158572061,0.189685949,0.052816039,2.502122619,1.540388327,0.594544916,1.089151328,0.615632629,0.294369085,0.197889963,0.1764987,0.120429853,0.210812399,0.559743377,0.376288143,0.335612616,0.228997596,0.40086018,0.866730664,0.346398157,0.533587677,0.190689948,0.268773826,0.489911423,0.318639692,0.317241841
36,8,NA,2017-07-22,Discard,1,1,0.011663081,0.012954257,0.900328042,0.012170971,0.012954257,0.939534511,0.27577828,NA,NA,0.09407158,NA,23.65646732,NA,8_NA_SS-0000_2017-07-22_Sample_1,37,0.017656625,0.011869687,0.010586612,0.007223533,0.012644791,50.14464934,0.031544143,0.010926833,0.010007122,0.027340276,0.015453836,0.016831566,0.00847824,0.010051216,0.006015151,1.217555714,0.434316059,0.439992519,0.846245631,14.84820559,16.07121313,7.719238846,9.233853264,2.571068434,0.294352736,0.318597795,0.153027183,0.183053094,0.050969191,0.305018489,0.330142057,0.158572061,0.189685949,0.052816039,2.502122619,1.540388327,0.594544916,1.089151328,0.615632629,0.294369085,0.197889963,0.1764987,0.120429853,0.210812399,0.559743377,0.376288143,0.335612616,0.228997596,0.40086018,0.866730664,0.346398157,0.533587677,0.190689948,0.268773826,0.489911423,0.318639692,0.317241841
37,9-alt,NA,2017-07-17,Discard,1,1,0.007364678,0.015202587,0.484435874,0.008009973,0.015202587,0.526882217,8.453444619,NA,NA,2.986620565,NA,746.4043394,NA,9-alt_NA_SS-0000_2017-07-17_Sample_1,39,1.467477845,0.640132185,0.751186653,0.472967231,0.314700767,3270.010429,2.227650094,0.335010948,0.29634406,2.058228468,1.232029731,1.198338911,0.528593738,0.582404818,0.291946562,1.329809327,0.534903218,0.537624925,0.907471785,1234.064414,866.7204774,547.7284892,604.5947403,63.98818444,0.37203153,0.26128891,0.165122878,0.182266261,0.019290421,0.38529986,0.270607656,0.171011908,0.188766701,0.019978405,6.143764794,3.577014179,0.2472957,0.972654215,0.582218607,0.402438519,0.175548714,0.206004094,0.129705694,0.08630298,0.658755991,0.2873576,0.337210343,0.212316662,0.141270287,0.923946033,0.150387599,0.537938572,0.131055843,0.237287597,0.5530625,0.261443581,0.133029896
38,9-alt,NA,2017-07-17,Sample,1,1,0.011169214,0.015250972,0.732360801,0.010851965,0.015250972,0.711558886,9.400344737,NA,NA,2.88344525,NA,758.9962727,NA,9-alt_NA_SS-0000_2017-07-17_Sample_1,39,1.467477845,0.640132185,0.751186653,0.472967231,0.314700767,3270.010429,2.227650094,0.335010948,0.29634406,2.058228468,1.232029731,1.198338911,0.528593738,0.582404818,0.291946562,1.329809327,0.534903218,0.537624925,0.907471785,1234.064414,866.7204774,547.7284892,604.5947403,63.98818444,0.37203153,0.26128891,0.165122878,0.182266261,0.019290421,0.38529986,0.270607656,0.171011908,0.188766701,0.019978405,6.143764794,3.577014179,0.2472957,0.972654215,0.582218607,0.402438519,0.175548714,0.206004094,0.129705694,0.08630298,0.658755991,0.2873576,0.337210343,0.212316662,0.141270287,0.923946033,0.150387599,0.537938572,0.131055843,0.237287597,0.5530625,0.261443581,0.133029896
39,BL,BL,2016-07-13,Field Blank,1,1,0.009839292,0.0274468,0.358485943,0.009427903,0.0274468,0.343497357,0.851019399,NA,NA,0.201573399,NA,59.673253,NA,NA,NA,NA,NA,NA,NA,NA,NA,NA,NA,NA,NA,NA,NA,NA,NA,NA,NA,NA,NA,NA,NA,NA,NA,NA,NA,NA,NA,NA,NA,NA,NA,NA,NA,NA,NA,NA,NA,NA,NA,NA,NA,NA,NA,NA,NA,NA,NA,NA,NA,NA,NA,NA,NA,NA,NA,NA,NA,NA
40,BL,BL,2016-07-19,Field Blank,1,1,-0.004556108,0.013190991,-0.34539539,0.002084368,0.013190991,0.158014514,0.754393069,NA,NA,0.311065569,NA,80.02467642,NA,NA,NA,NA,NA,NA,NA,NA,NA,NA,NA,NA,NA,NA,NA,NA,NA,NA,NA,NA,NA,NA,NA,NA,NA,NA,NA,NA,NA,NA,NA,NA,NA,NA,NA,NA,NA,NA,NA,NA,NA,NA,NA,NA,NA,NA,NA,NA,NA,NA,NA,NA,NA,NA,NA,NA,NA,NA,NA,NA
41,BL,BL,2016-07-19,Field Blank 2,1,1,-0.056358242,0.015201932,-3.707307816,-0.041874569,0.015201932,-2.75455568,0.001557479,NA,NA,0.280717098,NA,50.41763276,NA,NA,NA,NA,NA,NA,NA,NA,NA,NA,NA,NA,NA,NA,NA,NA,NA,NA,NA,NA,NA,NA,NA,NA,NA,NA,NA,NA,NA,NA,NA,NA,NA,NA,NA,NA,NA,NA,NA,NA,NA,NA,NA,NA,NA,NA,NA,NA,NA,NA,NA,NA,NA,NA,NA,NA,NA,NA,NA,NA
42,BL,BL,2016-08-09,Field Blank 2,1,1,-0.013890984,0.009475935,-1.465922317,-0.007838375,0.009475935,-0.827187492,0.120874029,NA,NA,0.070898929,NA,16.54838782,NA,NA,NA,NA,NA,NA,NA,NA,NA,NA,NA,NA,NA,NA,NA,NA,NA,NA,NA,NA,NA,NA,NA,NA,NA,NA,NA,NA,NA,NA,NA,NA,NA,NA,NA,NA,NA,NA,NA,NA,NA,NA,NA,NA,NA,NA,NA,NA,NA,NA,NA,NA,NA,NA,NA,NA,NA,NA,NA,NA
43,BL,BL,2016-08-09,Field Blank,1,1,0.036952825,0.013451587,2.747097712,0.027730675,0.013451587,2.061516891,0.312808382,NA,NA,0.045705539,NA,16.50622034,NA,NA,NA,NA,NA,NA,NA,NA,NA,NA,NA,NA,NA,NA,NA,NA,NA,NA,NA,NA,NA,NA,NA,NA,NA,NA,NA,NA,NA,NA,NA,NA,NA,NA,NA,NA,NA,NA,NA,NA,NA,NA,NA,NA,NA,NA,NA,NA,NA,NA,NA,NA,NA,NA,NA,NA,NA,NA,NA,NA
44,BL,BL,2017-08-07,Field Blank,1,1,-0.002692323,0.013270586,-0.20287899,0.000581387,0.013270586,0.043810187,2.489030592,NA,NA,0.982868592,NA,246.578245,NA,NA,NA,NA,NA,NA,NA,NA,NA,NA,NA,NA,NA,NA,NA,NA,NA,NA,NA,NA,NA,NA,NA,NA,NA,NA,NA,NA,NA,NA,NA,NA,NA,NA,NA,NA,NA,NA,NA,NA,NA,NA,NA,NA,NA,NA,NA,NA,NA,NA,NA,NA,NA,NA,NA,NA,NA,NA,NA,NA
45,DC-3,NA,2017-07-27,Sample,1,1,0.009435664,0.015299319,0.616737503,0.009371595,0.015299319,0.612549834,46.81953887,NA,NA,16.07679187,NA,4009.144447,NA,DC-3_NA_SS-0000_2017-07-27_Sample_1,46,7.194691747,2.978949722,3.374191347,2.210728321,1.365133574,15514.34529,10.9984277,1.436527392,1.408594258,9.587657698,5.785024872,5.720525097,2.483030924,2.788008465,1.359377356,1.341419822,0.552886641,0.555126463,0.905201305,6050.3217,4033.411824,2460.29495,2825.977417,277.5729456,0.386661845,0.257765873,0.15723167,0.180601577,0.017739035,0.399565086,0.266367744,0.162478627,0.186628408,0.018331002,6.674190657,3.982190057,0.246235133,0.988850562,0.596655124,0.42016001,0.173966528,0.197048091,0.129103465,0.079721906,0.654156389,0.270852326,0.306788519,0.201004033,0.124120794,0.871729847,0.130612068,0.52012208,0.123597426,0.225762354,0.525986535,0.253491548,0.12807233
46,DC-4,NA,2017-07-27,Sample,1,1,0.007414366,0.015289489,0.484932214,0.007532048,0.015289489,0.492629141,16.22747388,NA,NA,5.920663106,NA,1444.548071,NA,DC-4_NA_SS-0000_2017-07-27_Sample_1,47,2.018293454,0.764511545,0.897836538,0.612310589,0.67466164,4319.222111,2.93675757,0.688549992,0.45921383,2.61521666,1.636045349,1.576353658,0.658021218,0.789391319,0.341839467,1.365503346,0.567225872,0.569469981,0.883472792,1697.26864,1035.126536,654.6583974,782.7175684,137.1791174,0.394076676,0.240338633,0.152000455,0.181733598,0.031850639,0.407757328,0.248682159,0.157277258,0.188042609,0.032956356,3.798150738,2.289381565,0.291313962,0.963514648,0.602762166,0.406290334,0.153899152,0.180737992,0.123260506,0.135812016,0.68725232,0.260325045,0.30572375,0.208498854,0.22973011,0.890511592,0.234459255,0.536766696,0.116400302,0.224063854,0.557092409,0.268796896,0.156367633
47,NaOH,NaOH,2019-01-10,Analytical Blank,1,1,0.070604316,0.020247487,3.487065595,0.053961832,0.020247487,2.665112555,6.33670372,NA,NA,0.54235572,NA,248.234269,NA,NA,NA,NA,NA,NA,NA,NA,NA,NA,NA,NA,NA,NA,NA,NA,NA,NA,NA,NA,NA,NA,NA,NA,NA,NA,NA,NA,NA,NA,NA,NA,NA,NA,NA,NA,NA,NA,NA,NA,NA,NA,NA,NA,NA,NA,NA,NA,NA,NA,NA,NA,NA,NA,NA,NA,NA,NA,NA,NA
48,NaOH,NaOH,2019-01-14,Analytical Blank,1,1,-0.057499768,0.00840696,-6.839543273,-0.035616021,0.00840696,-4.236492174,0.053133032,NA,NA,0.470636303,NA,77.94977746,NA,NA,NA,NA,NA,NA,NA,NA,NA,NA,NA,NA,NA,NA,NA,NA,NA,NA,NA,NA,NA,NA,NA,NA,NA,NA,NA,NA,NA,NA,NA,NA,NA,NA,NA,NA,NA,NA,NA,NA,NA,NA,NA,NA,NA,NA,NA,NA,NA,NA,NA,NA,NA,NA,NA,NA,NA,NA,NA,NA
49,SA,DN,2016-07-29,Sample,1,1,0.007689735,0.015903676,0.483519332,0.006232086,0.015903676,0.391864529,8.497572901,1396.769153,0.006083735,3.006775159,0.002152664,743.308483,0.532162728,SA_DN_SS-0000_2016-07-29_Sample_1,55,1.107787306,0.427629716,0.523937743,0.348738695,0.40351418,2418.850833,1.6510053,0.414192755,0.250444121,1.467122809,0.90002604,0.893954037,0.372447776,0.438102627,0.193748707,1.365514663,0.56232364,0.564129372,0.879565749,931.5853703,578.9982759,382.0297223,445.7932103,82.04663757,0.384880552,0.239210687,0.157833963,0.184177578,0.033897221,0.3985169,0.24768594,0.163426032,0.190703004,0.035098202,3.542125716,2.158304379,0.280153241,0.993253525,0.609324612,0.394004942,0.152094378,0.186348101,0.124035335,0.143517244,0.670977438,0.259011716,0.317344677,0.211228089,0.244405139,0.888623924,0.250873062,0.541460428,0.117351959,0.22558848,0.545138189,0.26535507,0.151691894
50,SA,IN,2016-07-29,Sample,1,1,0.009115074,0.014874404,0.612802634,0.009300544,0.014874404,0.625271723,212.4953366,30505,0.006965918,70.11236159,0.002298389,18007.6271,0.59031723,SA_IN_SS-0000_2016-07-29_Sample_1,56,35.20111572,15.02633994,15.08233438,11.33036291,6.944261935,76100.90938,50.24123793,7.525984956,6.736575111,46.52644725,27.68912872,26.44305428,12.17901725,13.75638714,6.805916823,1.359419685,0.58217779,0.586103698,0.905879006,29602.11247,20345.22997,10997.299,14483.62036,1411.978488,0.38524232,0.264773118,0.143119008,0.188490045,0.018375508,0.399642979,0.274670544,0.148468909,0.19553595,0.019062399,6.182107395,3.513567252,0.254757829,0.954997701,0.568344583,0.421144489,0.179774423,0.180444338,0.135555928,0.083080822,0.700641886,0.299083792,0.300198303,0.225519183,0.138218368,0.926060925,0.149796965,0.52632171,0.135464752,0.242410772,0.551123536,0.273806692,0.134084577
51,SA,UP,2016-07-29,Sample,2,0.666666667,0.011554827,0.016054764,0.719713293,0.011708364,0.016054764,0.729276601,2.436278913,13.58695106,0.1793102,0.72265104,0.053187138,190.7130996,14.03648977,SA_UP_SS-0000_2016-07-29_Sample_1,58,0.149827778,0.06822285,0.183102422,0.068791421,0.044826362,446.3150382,0.360223873,0.045155933,0.035652624,0.292292671,0.181694399,0.199587668,0.071264074,0.062605429,0.033189628,1.31071383,0.422921196,0.425414316,0.908068868,125.9965383,92.37176698,133.5093114,87.93617958,9.114555228,0.280660684,0.2057606,0.297395589,0.19588021,0.020302917,0.288977647,0.21185801,0.306208465,0.201684829,0.020904564,6.472962722,4.419965545,0.178631397,1.098480025,0.682835007,0.29105724,0.132530527,0.355696963,0.133635041,0.087080229,0.415929617,0.189390141,0.50830174,0.190968523,0.124440287,0.811419489,0.125355193,0.554065632,0.092136114,0.197832735,0.504392997,0.173795891,0.098973518
52,SB,DN,2016-07-12,Sample,1,1,0.009428092,0.016184075,0.582553625,0.009428784,0.016184075,0.582596369,120.91404,36012.22222,0.003357583,39.35713331,0.001092883,10049.11162,0.279047251,SB_DN_SS-0000_2016-07-12_Sample_1,60,23.26633327,8.356890915,7.357336886,6.336960896,4.7677923,44809.94728,30.74919122,4.874910033,4.582983364,27.96808379,16.99594168,15.81481132,6.943128285,9.100128054,3.708312631,1.369107936,0.614844658,0.617105601,0.895159297,19565.64729,11314.98876,5364.60945,8100.546872,969.4363818,0.431767594,0.24969506,0.118384252,0.178759925,0.02139317,0.447773596,0.258951474,0.12277286,0.185386711,0.022186233,5.737148706,3.24412373,0.289790581,0.930505153,0.565459237,0.464534038,0.166853119,0.146896091,0.126523333,0.095193419,0.756648626,0.271775958,0.239269281,0.20608545,0.155054234,0.909555103,0.158537829,0.514316335,0.120598705,0.225798729,0.552728088,0.295946908,0.14904403
53,SB,IN,2016-07-12,Sample,1,1,0.01201479,0.018595816,0.64610181,0.012110614,0.018595816,0.651254775,719.1479939,873566.6667,0.000823232,194.9084273,0.000223118,53117.88115,0.060805756,SB_IN_SS-0000_2016-07-12_Sample_1,61,270.1316913,53.74285615,18.51543394,45.69996838,54.75558012,376384.698,304.1200974,54.32623404,58.818079,244.0354728,169.292933,149.4905333,50.87624012,102.7574544,24.73810972,1.508483044,0.749273985,0.774568131,0.861142289,227165.2061,72766.27391,13500.54693,58418.33996,11133.46558,0.593145681,0.189998292,0.035250958,0.152534742,0.029070328,0.617881653,0.197921796,0.03672103,0.158895903,0.030282649,4.492037358,2.751719053,0.393456881,0.883028787,0.612577063,0.609990783,0.121358019,0.041810141,0.103196183,0.123644875,0.888240184,0.176715898,0.060881981,0.150269478,0.180045911,0.80243126,0.178634147,0.491550985,0.081343226,0.167289964,0.556664734,0.337884458,0.193404117
54,SC,DN,2016-07-13,Sample,1,1,0.009424616,0.014646229,0.643484115,0.009199636,0.014646229,0.628123185,126.7646842,15183,0.00834912,43.90274418,0.002891572,10988.33656,0.72372631,SC_DN_SS-0000_2016-07-13_Sample_1,72,21.98846536,11.47211896,10.16442205,7.54539062,2.879303505,51087.35906,32.41894798,3.489942367,3.441092879,30.72290563,17.85522632,16.99031762,8.46251144,8.494292161,5.176272551,1.308849943,0.540182525,0.547347613,0.92432854,18491.03392,15532.9175,7411.398364,9645.284449,585.4494903,0.357895017,0.300640505,0.143448038,0.186685031,0.011331408,0.370503997,0.311232354,0.148501848,0.193262121,0.011730625,8.803270197,4.868366246,0.202532581,0.951559914,0.553017928,0.406819375,0.212251296,0.188056954,0.13960097,0.053271405,0.678259682,0.353870797,0.313533371,0.232746313,0.088815452,0.947683609,0.107651315,0.524086026,0.159668122,0.261035967,0.550765137,0.26201628,0.106144496
55,SC,IN,2016-07-13,Sample,1,1,0.010674337,0.014600321,0.731102863,0.010278552,0.014600321,0.703994894,917.6321857,136380,0.006728495,298.7700257,0.002190717,76858.41101,0.56356072,SC_IN_SS-0000_2016-07-13_Sample_1,73,185.3173139,93.33242839,71.74758344,61.25929477,20.82970427,410461.6895,259.2714544,27.09143389,28.92777566,249.1935545,144.8820054,133.1880128,68.73345467,72.77011607,42.25786335,1.316551811,0.567611576,0.575060501,0.928109315,155841.1958,126369.4105,52314.82126,78307.85084,4235.308894,0.373658436,0.302994314,0.125434576,0.187757729,0.010154946,0.387601685,0.314300696,0.130115229,0.194764002,0.010533883,9.198241611,4.916240807,0.217195039,0.919286094,0.534476155,0.428492887,0.215804346,0.165895612,0.141644467,0.048162689,0.714761732,0.359979577,0.276727662,0.236274737,0.080339366,0.961129929,0.104490616,0.513701029,0.162986949,0.265102284,0.558804307,0.280671531,0.111573315
56,SC,UP,2016-07-13,Sample,1,1,0.009970161,0.015462492,0.644796518,0.009843553,0.015462492,0.636608448,9.449590283,365.4464286,0.025857662,3.151038816,0.008622437,790.7046751,2.163667814,SC_UP_SS-0000_2016-07-13_Sample_1,74,0.824397797,0.439192695,0.738334076,0.337828529,0.163406997,2284.276505,1.629989114,0.195555111,0.141877044,1.426087228,0.82812431,0.890126147,0.368235656,0.329584349,0.206578155,1.299603994,0.451603346,0.456179928,0.930499128,693.2711023,594.6542154,538.3570201,431.8467292,33.22558484,0.302559493,0.25952081,0.234951416,0.188467869,0.014500411,0.311952466,0.267577645,0.242245493,0.194318863,0.014950577,7.292508085,4.551791781,0.159389817,1.074870205,0.624173704,0.329342817,0.175455296,0.294960789,0.134960816,0.065280282,0.505768897,0.269445171,0.452968716,0.207258151,0.100250361,0.874905983,0.119973262,0.546093308,0.126735911,0.225912954,0.508055117,0.202200338,0.087041713
57,SC-3B,NA,2017-07-27,Sample,1,1,0.00962963,0.014775014,0.651750993,0.009517864,0.014775014,0.644186442,16.18604682,NA,NA,5.34878682,NA,1364.946378,NA,SC-3B_NA_SS-0000_2017-07-27_Sample_1,65,2.575731135,1.083442803,0.83874692,0.751171249,0.6625677,5298.667657,3.461845427,0.681026514,0.557610832,3.131264403,1.953316186,1.784904041,0.837281424,1.005735959,0.483358583,1.343118461,0.596710472,0.599373217,0.887170093,2166.041649,1466.95024,611.5731446,960.223364,134.7200535,0.405663118,0.274735072,0.114537349,0.179833663,0.025230797,0.420970383,0.285101907,0.118859294,0.186619494,0.026182854,4.597859758,2.620902423,0.312403815,0.913781421,0.570026613,0.435703545,0.183272184,0.141880106,0.127066048,0.112078117,0.744034125,0.312966834,0.24228318,0.216985785,0.191391474,0.904507283,0.196723548,0.515593223,0.139624542,0.241859852,0.564241306,0.290520181,0.16107329
58,SC-4B,NA,2017-07-25,Sample,1,1,0.007355212,0.01455009,0.505509738,0.008021361,0.01455009,0.551292859,4.908820211,NA,NA,1.816041407,NA,442.6699677,NA,SC-4B_NA_SS-0000_2017-07-25_Sample_1,66,0.474916208,0.255034313,0.276353859,0.17230253,0.179624581,1211.012563,0.767153511,0.186523495,0.111966579,0.696929195,0.421800403,0.426116139,0.198490069,0.190642506,0.118934254,1.28262616,0.507056239,0.512907259,0.890946701,399.3771989,345.3090881,201.5036891,220.2545898,36.52311019,0.331993292,0.287047686,0.167505489,0.183092692,0.030360841,0.342074516,0.295764103,0.172591918,0.188652438,0.03128277,3.736415056,2.284517235,0.262760709,1.010231702,0.611419556,0.34965778,0.1877694,0.203465949,0.126858,0.132248871,0.619062809,0.332442346,0.360232802,0.224599807,0.234144246,0.908461195,0.24313712,0.55545094,0.155033187,0.258735789,0.549825292,0.248506333,0.145950683
59,SC-5B,NA,2017-07-25,Sample,1,1,0.00650028,0.014382289,0.451964237,0.006927921,0.014382289,0.481698113,9.231906485,NA,NA,3.531246485,NA,852.7341235,NA,SC-5B_NA_SS-0000_2017-07-25_Sample_1,67,0.969798287,0.588115706,0.606066576,0.374763422,0.272963323,2590.723423,1.658646779,0.283679978,0.212224693,1.491163549,0.885104974,0.918160416,0.444436792,0.381237977,0.290259888,1.231633176,0.485872128,0.490736377,0.90613537,815.5445464,796.2916675,441.9140422,479.0606594,55.50169959,0.315087344,0.307648954,0.170734416,0.185086089,0.021443198,0.323449581,0.315813781,0.175265609,0.189998168,0.022012288,5.2564991,3.236606342,0.231141192,1.037346352,0.615734214,0.344914381,0.209166759,0.21555109,0.133286783,0.097080988,0.584692473,0.354575617,0.365398217,0.225945287,0.164569893,0.899024173,0.171030976,0.553559943,0.174998011,0.267951439,0.53363078,0.229848803,0.127950505
60,SC-6B,NA,2017-07-25,Sample,1,1,0.00695486,0.014838933,0.468690037,0.007702418,0.014838933,0.519068162,13.39158723,NA,NA,4.894370194,NA,1201.85142,NA,SC-6B_NA_SS-0000_2017-07-25_Sample_1,68,1.638694172,0.824690445,0.885288458,0.574302606,0.564727177,3980.542794,2.567256167,0.60096618,0.370868659,2.351167899,1.414806166,1.395930295,0.647348658,0.640876765,0.384069365,1.30745296,0.523892462,0.529263771,0.892552519,1378.04749,1116.607026,645.5089528,734.1319052,114.8261159,0.345451372,0.279913016,0.161817321,0.184033479,0.028784813,0.357166555,0.289405618,0.167304981,0.190274548,0.029760983,3.912313167,2.322810071,0.265678494,0.986658334,0.593717827,0.365152111,0.183766722,0.197269847,0.127972512,0.125838808,0.638305671,0.321234186,0.34483838,0.223702883,0.219973053,0.915829098,0.234088903,0.543744061,0.149603055,0.252155849,0.551096608,0.249634911,0.144461104
61,SC-7B,NA,2017-07-25,Sample,1,1,0.007306468,0.015268703,0.478525789,0.007865411,0.015268703,0.515132901,11.68466084,NA,NA,4.218462787,NA,1038.651877,NA,SC-7B_NA_SS-0000_2017-07-25_Sample_1,69,1.480964005,0.687064055,0.818520802,0.500947895,0.424313569,3480.286376,2.331623784,0.451805254,0.32087375,2.11139753,1.296624664,1.292578187,0.567938487,0.587351469,0.324520367,1.303118196,0.52278871,0.525779416,0.901436984,1245.405498,930.2648717,596.8252506,640.3624655,86.2757825,0.35591822,0.265855754,0.170563709,0.183005992,0.024656325,0.367437044,0.274459825,0.176083779,0.18892874,0.025454295,4.673246961,2.860918893,0.248243204,0.996879223,0.612190821,0.378587887,0.175638387,0.209243479,0.128060374,0.108469873,0.635164221,0.294671919,0.351051833,0.214849367,0.181982004,0.905548118,0.193772793,0.554368246,0.139182131,0.243580672,0.556103722,0.251906621,0.137618149
62,SC-8B,NA,2017-07-25,Sample,1,1,0.006988753,0.014865113,0.470144653,0.007375467,0.014865113,0.496159525,19.35488735,NA,NA,7.348929621,NA,1763.624913,NA,SC-8B_NA_SS-0000_2017-07-25_Sample_1,70,1.782875073,0.801674621,0.93644709,0.612567457,0.838108452,4278.208886,2.789151042,0.839432445,0.482421621,2.45086693,1.530394119,1.516187456,0.673253898,0.711037633,0.366155048,1.326098924,0.53628611,0.538950644,0.869181776,1499.29533,1085.444266,682.8113197,783.045924,170.4127979,0.355198272,0.257152757,0.161764928,0.185511522,0.04037252,0.366782854,0.265539642,0.167040795,0.191561871,0.041689246,2.919671433,1.806205449,0.318180723,0.990716991,0.61863312,0.358606687,0.161248471,0.188356545,0.123211542,0.168576756,0.639217829,0.287426034,0.335746281,0.219625057,0.300488729,0.878714309,0.300963423,0.543601775,0.131278315,0.24138309,0.548695318,0.25492977,0.172963606
63,SC-9,NA,2017-07-25,Sample,1,1,0.005325062,0.01448112,0.36772445,0.005730863,0.01448112,0.395747216,13.23798809,NA,NA,5.10839809,NA,1237.614649,NA,SC-9_NA_SS-0000_2017-07-25_Sample_1,71,1.407800049,0.742812968,0.768918981,0.4980469,0.553277135,3497.180188,2.243984738,0.547537572,0.358427319,2.005452383,1.224854771,1.235665297,0.573555836,0.560296733,0.352503711,1.273241691,0.516384931,0.520234609,0.879043112,1183.878821,1005.74729,560.658034,636.6541197,112.497976,0.338305584,0.287402662,0.160213816,0.181930481,0.032147457,0.3487392,0.296266391,0.165154939,0.187541364,0.03313891,3.662675377,2.256768047,0.290068289,1.008825966,0.616152898,0.354533138,0.187066205,0.193640609,0.125425575,0.139334474,0.627366142,0.331024073,0.342657848,0.221947544,0.246560115,0.893701436,0.24400236,0.55065673,0.157088284,0.255597031,0.545839172,0.249688299,0.159728056
64,SC Outlet,NA,2017-07-10,Duplicate,1,1,0.00617416,0.015558919,0.396824463,0.006824206,0.015558919,0.438604087,5.356482927,NA,NA,1.900628221,NA,475.3587343,NA,SC Outlet_NA_SS-0000_2017-07-10_Sample_1,96,0.967943135,0.374093189,0.338202494,0.270352384,0.390196369,1986.561964,1.353885209,0.386790892,0.236156659,1.177180838,0.728111491,0.683296134,0.300506915,0.380810145,0.164881588,1.360609217,0.598203427,0.599142891,0.863543523,813.9844706,506.511366,246.6006819,345.5918692,79.33872372,0.408621181,0.254269313,0.123793838,0.173487533,0.039828134,0.425508005,0.264777337,0.128909786,0.18065714,0.041474086,3.043455423,1.766577621,0.345613925,0.93844987,0.580451288,0.413511737,0.159815096,0.144482352,0.115496334,0.166694481,0.714937373,0.276310862,0.249801454,0.199686342,0.288204913,0.869483491,0.285689577,0.504692813,0.121784023,0.221958932,0.53779411,0.281272107,0.174428864
65,SC Outlet,NA,2017-07-10,Sample,1,1,0.008188531,0.014374625,0.569651826,0.009272615,0.014374625,0.645068294,6.006959508,NA,NA,2.135945508,NA,528.8172791,NA,SC Outlet_NA_SS-0000_2017-07-10_Sample_1,96,0.967943135,0.374093189,0.338202494,0.270352384,0.390196369,1986.561964,1.353885209,0.386790892,0.236156659,1.177180838,0.728111491,0.683296134,0.300506915,0.380810145,0.164881588,1.360609217,0.598203427,0.599142891,0.863543523,813.9844706,506.511366,246.6006819,345.5918692,79.33872372,0.408621181,0.254269313,0.123793838,0.173487533,0.039828134,0.425508005,0.264777337,0.128909786,0.18065714,0.041474086,3.043455423,1.766577621,0.345613925,0.93844987,0.580451288,0.413511737,0.159815096,0.144482352,0.115496334,0.166694481,0.714937373,0.276310862,0.249801454,0.199686342,0.288204913,0.869483491,0.285689577,0.504692813,0.121784023,0.221958932,0.53779411,0.281272107,0.174428864
66,SC Outlet,NA,2017-08-07,Duplicate,1,1,0.009693483,0.015677453,0.618307276,0.010028212,0.015677453,0.639658222,4.760282685,NA,NA,1.510702685,NA,392.7392697,NA,SC Outlet_NA_SS-0000_2017-08-07_Sample_1,64,0.794063101,0.358916199,0.320866142,0.2567129,0.342788132,1775.260639,1.124040241,0.350883664,0.20397728,1.034578587,0.646441023,0.602516928,0.286286767,0.315554628,0.165054027,1.329288473,0.565402048,0.569776321,0.869901733,667.7613691,485.9621596,233.9598642,328.1564951,69.69919526,0.373983059,0.272165512,0.13103038,0.183785669,0.039035379,0.388143239,0.282470558,0.135991604,0.190744375,0.040513382,2.948494596,1.717141577,0.33854199,0.932052433,0.582379082,0.382986207,0.17310961,0.154757609,0.123815726,0.165330849,0.706436542,0.31930903,0.285457878,0.228384083,0.30496073,0.920410631,0.312162902,0.536027898,0.146839963,0.254694411,0.575104876,0.280732501,0.181467952
67,SC Outlet,NA,2017-08-07,Sample,1,1,0.009420517,0.014964909,0.629507151,0.00946089,0.014964909,0.632205021,5.093599502,NA,NA,1.669294391,NA,427.8917788,NA,SC Outlet_NA_SS-0000_2017-08-07_Sample_1,64,0.794063101,0.358916199,0.320866142,0.2567129,0.342788132,1775.260639,1.124040241,0.350883664,0.20397728,1.034578587,0.646441023,0.602516928,0.286286767,0.315554628,0.165054027,1.329288473,0.565402048,0.569776321,0.869901733,667.7613691,485.9621596,233.9598642,328.1564951,69.69919526,0.373983059,0.272165512,0.13103038,0.183785669,0.039035379,0.388143239,0.282470558,0.135991604,0.190744375,0.040513382,2.948494596,1.717141577,0.33854199,0.932052433,0.582379082,0.382986207,0.17310961,0.154757609,0.123815726,0.165330849,0.706436542,0.31930903,0.285457878,0.228384083,0.30496073,0.920410631,0.312162902,0.536027898,0.146839963,0.254694411,0.575104876,0.280732501,0.181467952
68,SD,DN,2016-07-19,Sample,2,0.666666667,0.009290444,0.014511708,0.640203335,0.009342375,0.014511708,0.643781914,34.70022107,2251.384615,0.015412836,11.51654011,0.005115314,2934.993674,1.303639393,SD_DN_SS-0000_2016-07-19_Sample_1,76,3.390833002,1.871772438,2.183617467,1.25214441,0.614533994,8605.345807,5.646079246,0.689444289,0.583185883,5.259225364,3.047837023,3.104161139,1.415551488,1.327141709,0.856832355,1.28107573,0.487016985,0.493771321,0.912465931,2851.49541,2534.325782,1592.186831,1600.618128,124.9533482,0.327623297,0.291182011,0.182934715,0.183903431,0.014356547,0.338533605,0.300878774,0.189026693,0.190027669,0.01483464,7.628209339,4.502410403,0.187872297,1.018480029,0.590231626,0.364100605,0.200987037,0.234472308,0.134452666,0.065987384,0.600564189,0.33151721,0.386749348,0.221772376,0.108842609,0.93148274,0.122110275,0.549790572,0.151757054,0.250714067,0.539814779,0.235055452,0.103290418
69,SD,IN,2016-07-19,Sample,3,0.08,0.007730626,0.013003415,0.594507413,0.008015106,0.013003415,0.616384705,1705.750583,10579,0.161239303,651.7250579,0.061605545,157123.2353,14.85237123,SD_IN_SS-0000_2016-07-19_Sample_1,79,72.17256561,72.4039929,67.30859364,34.4261354,14.94251077,254290.6046,153.1482498,13.81567842,15.0553559,139.6105439,74.97861658,85.10784418,45.31495504,29.37979615,32.80265597,1.088255397,0.412123968,0.421125614,0.906305563,60692.9741,98032.9137,49078.12746,44006.9819,3038.264392,0.238152442,0.384670189,0.192577083,0.172678475,0.01192181,0.243936038,0.394012007,0.197253869,0.176872018,0.012211334,10.10522536,6.160236334,0.176897395,1.135094885,0.609609001,0.276254608,0.277140441,0.257636804,0.131772765,0.057195382,0.471259487,0.472770619,0.439499594,0.22478961,0.097568929,0.911603914,0.090211141,0.555721951,0.214188905,0.295889474,0.489581936,0.191838929,0.098305765
70,SD,UP,2016-07-19,Sample,2,0.5,0.010349645,0.015313624,0.675845571,0.010458038,0.015313624,0.682923754,7.13688551,37.27749229,0.19145294,2.228642235,0.059785197,576.9676846,15.47764212,SD_UP_SS-0000_2016-07-19_Sample_1,82,0.440618867,0.333132017,0.52973438,0.217764074,0.090010462,1493.002943,1.057056651,0.107796296,0.083246579,0.911252245,0.519638727,0.579073858,0.252885608,0.17737113,0.160174439,1.207708766,0.4104939,0.416971168,0.934447808,370.535109,451.0511222,386.256346,278.3681506,18.3018494,0.246282493,0.299798838,0.256731882,0.185022149,0.012164637,0.253619986,0.308730742,0.264380693,0.190534513,0.012527058,8.453465275,5.371927232,0.143758137,1.114377793,0.635470432,0.273462335,0.206752516,0.328770308,0.135151435,0.055863407,0.416835622,0.31515058,0.501140956,0.206009842,0.085151976,0.862065665,0.101977785,0.547817241,0.151528718,0.239235624,0.491590235,0.167797185,0.078753186
71,SE,DN,2016-06-17,Sample,1,1,0.008782165,0.014313406,0.613562176,0.008948405,0.014313406,0.625176473,21.63354514,1418.333333,0.015252793,7.56758881,0.00533555,1896.930345,1.337436201,SE_DN_SS-0000_2016-06-17_Sample_1,85,2.260438725,1.311408667,1.554525191,0.890610532,0.393071927,5987.457442,3.962283344,0.456771833,0.424408267,3.583219428,2.07306265,2.184406998,1.02341391,0.889056315,0.629702839,1.27248711,0.480910597,0.486315031,0.926383957,1900.898878,1775.609432,1133.483577,1138.468815,79.92341173,0.315324777,0.294541522,0.188024445,0.188851406,0.01325785,0.324003352,0.302648086,0.193199377,0.194049098,0.013622741,7.844659344,4.782271673,0.194289923,1.053710074,0.609621331,0.352639519,0.204586179,0.242513548,0.138939608,0.061321147,0.570488915,0.330972965,0.392330648,0.224772045,0.099203387,0.904331951,0.115279952,0.551300048,0.158924232,0.258288926,0.523198992,0.224379793,0.107112044
72,SE,DN,2016-08-09,Sample,1,1,0.011141517,0.014344127,0.776730257,0.010877419,0.014344127,0.758318634,160.8509324,46313.33333,0.003473102,51.61388493,0.00111445,13390.54937,0.289129467,SE_DN_SS-0000_2016-08-09_Sample_1,86,21.11295521,10.35515546,10.50512452,7.415779991,3.627819352,49041.84839,32.36990611,4.058264629,3.770996125,29.6218298,17.16989875,16.86853605,8.198088008,8.362504807,4.76309566,1.321694015,0.547655964,0.553681859,0.918179039,17754.78027,14020.5812,7659.821906,9479.602982,737.6454017,0.357581283,0.282374512,0.154268817,0.190919209,0.014856179,0.370118755,0.292275093,0.159677771,0.197613195,0.015377064,7.299137072,4.156588491,0.223552068,0.982448196,0.569463,0.398231154,0.195318252,0.198146959,0.139875948,0.068427687,0.652240236,0.319900695,0.324533673,0.229094887,0.11207383,0.915103976,0.125371529,0.521117855,0.147145798,0.253262644,0.530427821,0.258341954,0.116496974
73,SE,IN,2016-06-17,Sample,1,1,0.011530744,0.014556852,0.792117975,0.010997338,0.014556852,0.755475015,765.7953093,161986.6667,0.004727521,248.3802993,0.001533338,63878.7317,0.394345615,SE_IN_SS-0000_2016-06-17_Sample_1,87,148.0792625,71.02823381,60.44493008,50.69996276,15.21960638,328623.1568,213.6780196,18.68883702,24.94329404,198.4389704,115.0060105,110.6983396,56.20215876,58.29257529,32.89466226,1.334956429,0.574914546,0.582679499,0.923819574,124526.1377,96170.17567,44073.4804,64809.84047,3094.606311,0.374318545,0.289082123,0.132482396,0.194814724,0.009302212,0.38652308,0.298507552,0.136801941,0.201166595,0.009605508,10.6180481,5.923233184,0.225326722,0.96254395,0.557845767,0.428628845,0.20559766,0.174963328,0.146755637,0.04405453,0.693001848,0.332407769,0.282878558,0.23727271,0.071226823,0.928682186,0.087462609,0.518061426,0.153944998,0.263022649,0.538221061,0.27280567,0.116733083
74,SE,UP,2016-06-17,Sample,2,0.166666667,0.008078896,0.015077819,0.535813299,0.008290914,0.015077819,0.549874914,4.228740951,21.33783249,0.198180436,1.544255774,0.072371726,374.1802018,17.53599865,SE_UP_SS-0000_2016-06-17_Sample_1,90,0.161669846,0.117327825,0.199953675,0.078449271,0.073728642,555.1089169,0.394012951,0.074189646,0.046978545,0.331776562,0.197748314,0.220348358,0.092679909,0.070026482,0.0538568,1.205206444,0.395732261,0.401138361,0.897426156,135.955036,158.8584833,145.7964198,100.2818241,14.99126301,0.244574901,0.28577682,0.262278956,0.180400947,0.026968377,0.251470724,0.293834336,0.269673947,0.185487376,0.027728754,4.472006269,2.970068869,0.213201248,1.114286911,0.664146848,0.256159643,0.185901418,0.316818897,0.124299848,0.116820194,0.41031607,0.297776569,0.507479957,0.199103281,0.187122383,0.842044814,0.188292405,0.559241409,0.136687893,0.235220464,0.501882777,0.177726346,0.119230967
