"","site","date","samptype","SR_d","a254dec_d","atot250450_d","sampcode","streamloc","repnum","dilfac","SR_p","atot250450_p","a254naperian_p","HIX_p","prcntC1_p","prcntC2_p","prcntC3_p","prcntC4_p","prcntC5_p","normC1_p","normC2_p","normC3_p","normC4_p","normC5_p","pkAB_p","pkCB_p","pkTC_p","pkCM_p","normA_p","normB_p","normC_p","normE_p","normD_p","normM_p","normN_p","normT_p","FrI_d","BIX_d","HIX_d","pkAB_d","pkCB_d","pkTC_d","pkCM_d","pkCA_d","prcntC1_d","prcntC2_d","prcntC3_d","normC1_d","normC2_d","normC3_d","normA_d","normB_d","normC_d","normE_d","normD_d","normM_d","normN_d","normT_d"
"1","0","2017-07-17","Sample",0.955239290035877,10.3580198019802,1640.69438622937,"0_NA_SS-0000_2017-07-17_Sample_1",NA,1,1,0.6842158564166,63876.7765850639,786.538190348577,NA,NA,NA,NA,NA,NA,NA,NA,NA,NA,NA,NA,NA,NA,NA,NA,NA,NA,NA,NA,NA,NA,NA,0.871668559964172,0.915483344323013,0.872170196273482,6.47675907238862,4.24021658156821,0.389137727171391,0.979135147793733,0.654681845376166,0.494522559337721,0.358549790476186,0.146927650186093,1.48821414463912,1.07901825643437,0.442163462751561,0.855455099149099,0.132080735069493,0.560050922947383,0.0471517561080376,0.199528215585575,0.571985311945277,0.40179508517355,0.217936943255984
"2","1","2017-08-03","Duplicate",0.891563260721827,11.5629785478548,2198.26037707096,NA,NA,NA,NA,NA,NA,NA,NA,NA,NA,NA,NA,NA,NA,NA,NA,NA,NA,NA,NA,NA,NA,NA,NA,NA,NA,NA,NA,NA,NA,NA,NA,NA,NA,NA,NA,NA,NA,NA,NA,NA,NA,NA,NA,NA,NA,NA,NA,NA,NA,NA,NA
"3","1","2017-08-03","Sample",0.911681024918153,11.7514397689769,2200.75883754538,"1_NA_SS-0000_2017-08-03_Sample_1",NA,2,0.666666666666667,0.63221474479828,51.5592348150458,0.63000331850769,0.919195285,0.252205740347498,0.170280841677761,0.345243066514893,0.139993023982134,0.0922773274777149,0.389949833248476,0.263281024952737,0.533800206260891,0.216451284108628,0.142675295229088,5.77485641915012,3.93325345704846,0.201420006205064,1.13336807074326,0.839976410850884,0.145454077103185,0.572107751607896,0.131591361925976,0.237792006561883,0.504785485294913,0.177557996774505,0.115233946878828,0.560370496436065,0.5675297411135,0.928570318305513,25.7895465373443,18.3738798856229,0.165674774503766,1.20095752826815,0.712454554368252,0.522738673931546,0.294301974491983,0.18295935157647,0.414949154190239,0.233616454037142,0.145232851468328,0.417890633569916,0.0162038767515665,0.297728085114721,0.033598533824491,0.145721290850792,0.247908921095705,0.100056863976226,0.0493260333648196
"4","1","2017-08-08","Duplicate",0.900075216582718,11.6802722772277,2229.53367294554,NA,NA,NA,NA,NA,NA,NA,NA,NA,NA,NA,NA,NA,NA,NA,NA,NA,NA,NA,NA,NA,NA,NA,NA,NA,NA,NA,NA,NA,NA,NA,NA,NA,NA,NA,NA,NA,NA,NA,NA,NA,NA,NA,NA,NA,NA,NA,NA,NA,NA,NA,NA
"5","10","2017-07-22","Sample",0.99907539445122,36.3118275577558,6709.38326613449,"10_NA_SS-0000_2017-07-22_Sample_1",NA,1,1,0.5365500729241,12991.0291861839,146.088551759621,0.909885778,0.400010816953686,0.186724484530541,0.212332948575911,0.131050168793995,0.069881581145867,0.653510808858644,0.305057922804611,0.346895311551665,0.214100964723515,0.114167834176955,7.49284143897719,4.6290740138161,0.226655276023438,1.00050306029103,0.913603672333045,0.121930202283549,0.564423930890116,0.144152963782412,0.246029589930719,0.564140134389929,0.255788585452373,0.127929661850133,NA,NA,NA,NA,NA,NA,NA,NA,NA,NA,NA,NA,NA,NA,NA,NA,NA,NA,NA,NA,NA,NA
"6","12-1","2017-08-09","Sample",0.664983274930475,113.238968646865,19606.4450993729,"12-1_NA_SS-0000_2017-08-09_Sample_1",NA,2,0.25,0.624842661557519,507.330677950346,6.81277775255522,0.935215064,0.30468383674027,0.12587121679058,0.39571580803872,0.138658393805571,0.0350707446248587,0.415515425446765,0.171658046438561,0.539661125750447,0.189096678413568,0.0478280552373227,14.3047833881269,9.65689425928405,0.137717269574606,1.08777369325271,0.840882539414932,0.0587833116097985,0.567664224426368,0.0853256925550789,0.190858864592928,0.521858754212847,0.172924843789861,0.0781771670231856,0.560884241883204,0.565649473094082,0.941141634125787,28.3638790983918,17.8287560216249,0.15560303975635,1.11300509324667,0.628572557363488,0.509940452990542,0.305651078998491,0.184408468010967,0.0909523493758482,0.0545155489452635,0.0328908665943972,0.892672592817945,0.0314721618196631,0.561109494555872,0.0544230891149128,0.247810235624417,0.504139197529725,0.218257095106896,0.0873103429890426
"7","13","2017-07-13","Sample",0.741309201480112,78.5047896039604,13730.2619420421,"13_NA_SS-0000_2017-07-13_Sample_1",NA,3,0.0833333333333333,0.487050020748564,1282.36481197018,15.6816772744785,0.939601768,0.244759540725454,0.161057881613233,0.425190852738405,0.136945162150227,0.0320465627726812,0.337205376850943,0.221889547198994,0.585785711585611,0.188669438069339,0.0441505701657641,16.7210650961616,11.3112615535194,0.134311645094009,1.14649210901693,0.835379177080717,0.0499596869144706,0.565107085821517,0.107376146238803,0.206516600791501,0.492900981504422,0.149026723294359,0.0759004623509693,0.518330280929084,0.527441672675633,0.945910342259424,30.21514705051,19.7438938930843,0.140114239270564,1.23353874529744,0.653443581130975,0.436497231996192,0.363425150075695,0.200077617928113,0.0317670317259983,0.0264490526542011,0.0145610821111461,0.885120614160903,0.0292939370005801,0.578376383850148,0.054566908450351,0.25818843265542,0.468875733376893,0.194858055845374,0.0810387670352232
"8","14","2017-07-22","Sample",0.871231978117691,44.4444843234323,7570.0447117698,"14_NA_SS-0000_2017-07-22_Sample_1",NA,1,1,0.689324157450166,75.321505745722,0.90793176715092,0.849865748,0.34385282449937,0.11025121247846,0.194266885870062,0.137067508970655,0.214561568181453,0.599443130648267,0.192202382115307,0.338668005466545,0.238951582867336,0.374047990836635,2.39979279816264,1.44774671736848,0.354851860213409,1.01182978269196,0.862801559878888,0.359531689794,0.520510823689207,0.0924662628497982,0.225275475190317,0.514425284363932,0.248498118852874,0.184704234047329,0.581751912582182,0.584221933965767,0.940230763493531,18.3332626433884,11.5729989765929,0.169124867320339,1.09725958728713,0.631256923642366,0.525421309083968,0.332871110786543,0.14170758012949,0.842623649200068,0.533828882146485,0.227257928492084,0.884822397652497,0.0482632259660337,0.558550264711978,0.0625786592670694,0.287227704711697,0.509041134097486,0.220929060750758,0.0944647394111533
"9","19","2017-07-22","Sample",0.94302678535184,9.17592821782178,2034.09190564769,"19_NA_SS-0000_2017-07-22_Sample_1",NA,1,1,0.661698819123161,1896.93338474514,20.700507477081,0.838036162,0.410706396269615,0.13084712861674,0.116545140265855,0.12138872012,0.22051261472779,0.784230999797963,0.249848493784928,0.222539294986497,0.231787959010527,0.421061931069886,2.1635896198118,1.26575711254495,0.401478943891298,0.913595162870476,0.902098782931324,0.416945420088397,0.527751631019931,0.110076065844166,0.235883597484457,0.577664651115006,0.312906226808536,0.211881167458792,0.70023097946657,0.715534318817567,0.874150236136677,8.86595586342493,6.75169538975352,0.248347922716297,1.11057891936335,0.761530453541569,0.43022697980473,0.355361386663725,0.214411633531545,0.197801467835282,0.163381208509912,0.0985780479242599,0.222916298738344,0.0251429515522347,0.169757550080019,0.0128733859760709,0.0643984556010794,0.152855008428698,0.076525086256783,0.0421589349277806
"10","20","2017-07-22","Sample",1.17417733534919,16.1757632013201,3279.99801318069,"20_NA_SS-0000_2017-07-22_Sample_1",NA,1,1,0.509463084796722,10731.0736542987,121.931979237804,0.905906017,0.408122408616371,0.193049456977666,0.178068317173965,0.136232604605388,0.0845272126266103,0.697093968575071,0.329738356078167,0.304149802303466,0.232692263371787,0.144376806709136,6.16440731566419,3.59788098386379,0.262866535967171,0.97661165264464,0.937634000578233,0.152104485080932,0.54725383443308,0.151608061602199,0.260537144444368,0.56035972226128,0.277675979754426,0.143854719752176,0.703540769876697,0.705446592183447,0.864121536510616,6.78488372890225,4.39126927690239,0.315185817246591,1.05576280749,0.647213637309134,0.460810441642909,0.379453893672796,0.159735664684294,0.63119943941412,0.519760542134971,0.218799430073026,0.710479354445892,0.104715037550222,0.459831927223971,0.0490248543941932,0.206792512469346,0.435544730276288,0.244094824011603,0.144932501778162
"11","23","2017-07-20","Sample",1.42227590356311,8.55483085808581,1641.84747286716,"23_NA_SS-0000_2017-07-20_Sample_1",NA,1,1,0.52133686161173,6146.5071870611,70.1055340649806,0.908159644,0.394180462116825,0.200890707209359,0.180927031443017,0.131111482045769,0.0928903171850301,0.679707086484408,0.346406913639968,0.311982447704265,0.226082751507785,0.160175891309744,5.27279828419763,2.99887656470851,0.246481191039142,0.95100447803606,0.937332042720912,0.177767476053476,0.533102717904152,0.161145605434912,0.261016214543023,0.560568041703729,0.263047413069105,0.131399792855219,0.757955087394442,0.769155538275497,0.895201856439145,9.7992790604774,5.83741001499383,0.287875458297903,1.00367699924711,0.595697905832416,0.474021406372801,0.380699372482817,0.145279221144382,0.357989495856518,0.287511016582302,0.109717482030763,0.71085840440368,0.0725419084420939,0.423456862846645,0.0491920383252906,0.197507746993307,0.421905516579831,0.243812369917359,0.12190283846137
"12","24","2017-07-20","Sample",1.33983594811818,8.90604785478548,1654.5437959571,NA,NA,NA,NA,NA,NA,NA,NA,NA,NA,NA,NA,NA,NA,NA,NA,NA,NA,NA,NA,NA,NA,NA,NA,NA,NA,NA,NA,NA,NA,NA,NA,NA,NA,NA,NA,NA,NA,NA,NA,NA,NA,NA,NA,NA,NA,NA,NA,NA,NA,NA,NA
"13","26","2017-07-14","Sample",0.497755009029908,3.00444306930693,505.678669278053,"26_NA_SS-0000_2017-07-14_Sample_1",NA,2,0.333333333333333,0.49905689776282,51.2719783778578,0.577931113051305,0.860701876,0.287124845797128,0.11783733435183,0.288689926881588,0.136988007965411,0.169359885004043,0.473176320142951,0.194193700267409,0.47575554419517,0.225753648496813,0.279101890132727,3.476015781736,2.50742221527328,0.235100986671896,1.07330848209737,0.813608069114662,0.234063399075918,0.586895766625331,0.0759397937658538,0.223841613599871,0.546809958567054,0.195679993123687,0.137979773807174,0.677659461183687,0.688889826661348,0.799843764605427,11.8047687275876,8.4530064226117,0.322055785143463,1.09382830671427,0.716067092687476,0.420532898385657,0.329941219143715,0.249525882470628,0.104161010406261,0.0817225260915638,0.0618046011154617,0.118625212113554,0.0100489230116239,0.0849436107575876,0.00619221240967932,0.0337810958568751,0.0776571699929291,0.0387110554786434,0.0273565812554555
"14","27","2017-07-12","Sample",0.992110097913269,10.2865800330033,1810.40193368399,"27_NA_SS-0000_2017-07-12_Sample_1",NA,2,0.666666666666667,0.84626020786697,20.8327641283084,0.257309744431882,0.887870426,0.304093933301084,0.161763354126973,0.272898580604075,0.132458929431575,0.128785202536292,0.490627632711447,0.260990315174095,0.440296796186081,0.213710317312255,0.207783096370045,4.55268910310979,2.9393305517784,0.312689874790446,1.09004846770648,0.842995390394707,0.185164277925081,0.544259019203176,0.126365866679851,0.2286709193029,0.499297999425956,0.22441176747319,0.170184284568212,0.594581530120231,0.596543070700121,0.93025228034368,24.2263124727686,15.2305868000988,0.179669442392516,1.09108195452315,0.628679532521455,0.430079939243424,0.430524870747433,0.139395190009143,1.01953992991888,1.02059467670669,0.330447782574932,0.612126665071449,0.0252670176593943,0.384831505641036,0.0435995117772457,0.183323313316865,0.352706324255195,0.159546446596439,0.0691424620335972
"15","29","2017-07-20","Sample",1.27339100971451,5.24907590759076,947.600265684818,NA,NA,NA,NA,NA,NA,NA,NA,NA,NA,NA,NA,NA,NA,NA,NA,NA,NA,NA,NA,NA,NA,NA,NA,NA,NA,NA,NA,NA,NA,NA,NA,NA,NA,NA,NA,NA,NA,NA,NA,NA,NA,NA,NA,NA,NA,NA,NA,NA,NA,NA,NA
"16","3","2017-07-22","Sample",1.24841564185457,3.59791254125413,766.116949084158,"3_NA_SS-0000_2017-07-22_Sample_1",NA,2,0.5,0.74025691097841,29.1780241336184,0.361226660490639,0.887652259,0.266253814089225,0.141506757830363,0.325359095280294,0.128429503553699,0.138450829246419,0.408366173349752,0.217035663492695,0.499018762073494,0.196978454903399,0.212348640074366,4.22862555806163,2.88321405638871,0.266939193710912,1.11592914514154,0.81012307253166,0.191580706640532,0.552368186318863,0.103790032820518,0.210132603385648,0.494984998576054,0.195384199193204,0.147448718287516,0.667024300821688,0.673166027491908,0.896347778139314,13.5878040713037,9.60777892181782,0.275919487886799,1.11116535742453,0.707088420719034,0.518331747901648,0.327834440668584,0.153833811429768,0.48718210000691,0.308132912765007,0.144589019692157,0.135621497582519,0.00998111960334638,0.0958963905411739,0.00931219054722413,0.0404021724572528,0.086302538051981,0.0367737481614922,0.0264596829683132
"17","30","2017-07-14","Sample",0.797025383795069,3.27102310231023,617.335985462046,"30_NA_SS-0000_2017-07-14_Sample_1",NA,3,0.25,0.697613028993262,66.4641108264554,0.842445973544554,0.872023725,0.305659454814734,0.134864326036571,0.267065342458001,0.149292900524273,0.143117976166421,0.497298323148091,0.219420018370232,0.434506915730232,0.242894855431958,0.232848447639377,4.2784697236467,2.75405089378252,0.246348965246557,1.08228686949999,0.849414658539875,0.198532352314015,0.54676820233516,0.0807575086696257,0.238227417599271,0.505197113393572,0.209198704598591,0.134695780874987,0.835920676667821,0.868227566840519,0.865184860484898,26.8747527378116,20.8285160752316,0.228876701343568,1.25861950244044,0.775021682187488,0.412352048746261,0.424753080020505,0.162894871233234,0.144119115731548,0.148453338556043,0.0569325770799897,0.121773821526286,0.00453116062924574,0.0943773520057012,0.0072710414521609,0.0397323384897186,0.0749848161598523,0.032356064679725,0.0216007770086057
"18","31","2017-07-29","Duplicate",2.33411277004797,2.08773514851485,632.618205119637,NA,NA,NA,NA,NA,NA,NA,NA,NA,NA,NA,NA,NA,NA,NA,NA,NA,NA,NA,NA,NA,NA,NA,NA,NA,NA,NA,NA,NA,NA,NA,NA,NA,NA,NA,NA,NA,NA,NA,NA,NA,NA,NA,NA,NA,NA,NA,NA,NA,NA,NA,NA
"19","31","2017-07-29","Sample",1.01093047674633,2.05895214521452,549.158520709571,"31_NA_SS-0000_2017-07-29_Sample_1",NA,1,1,0.292765448382307,2.76286068281154,0.034255062342346,0.777505133,0.404896905510415,0.0630602729985116,0.113052766938455,0.144245507908262,0.274744546644356,0.790851554676983,0.123170402787741,0.220816596217508,0.28174279089788,0.536635743310523,1.81130135780261,1.24749843991452,0.511398546108076,0.949467197753516,0.85759541455242,0.473469205363384,0.59065209503839,0.072361393455306,0.252647410347937,0.62208794199094,0.358770322112486,0.302058622658322,0.804709653445594,0.820387215157933,0.795633000926944,25.1388305106638,20.6928790867828,0.18268208586958,1.28830398725705,0.823144063046406,0.404979290389475,0.333120813095904,0.261899896514621,0.0513737850622705,0.0422581535843457,0.0332234000865411,0.0623440547744454,0.00247999025841712,0.0513181385538247,0.00407941651094143,0.0193720488919436,0.0398338738849104,0.0181102638370502,0.00937490459395678
"20","32","2017-07-29","Sample",1.1526252456633,1.99660478547855,557.736844179043,"32_NA_SS-0000_2017-07-29_Sample_1",NA,1,1,-0.301278921971938,2.36539620797356,0.0226781158854406,0.783357753,0.404558588048861,0.0574961117609867,0.145749644117167,0.143489833206853,0.248705822866132,0.74069513539691,0.105268041622828,0.26684899436711,0.262711569040759,0.45534861595765,2.0576779567332,1.52431424605065,0.433571289186054,0.933105492687056,0.818772176265543,0.397910748660319,0.606541022839603,0.065850502055044,0.232246371156548,0.65002406222361,0.319258753446751,0.262978773216794,0.743032782066162,0.763953065919566,0.81893314517218,13.9287502997297,10.6858862280522,0.223816041387117,1.16019332714229,0.767181979582152,0.422449184280995,0.32865568911319,0.248895126605815,0.0572515553437477,0.0445403851502899,0.0337309992441213,0.0693587336267981,0.00497953744121207,0.0532107705651182,0.00436529833020634,0.0226669658389677,0.0458637102285216,0.018524185926188,0.0119094240270429
"21","35","2017-07-20","Sample",0.885891693169396,52.2005115511551,9189.38528106435,"35_NA_SS-0000_2017-07-20_Sample_1",NA,2,0.5,0.6188212605864,198.675938133851,2.4783302042475,0.899653073,0.256307535452246,0.132910015341381,0.367401628662876,0.129211159387407,0.11416966115609,0.377256214546938,0.195628775309288,0.540774376388011,0.190184470314944,0.168045056138734,5.0466523792289,3.4019735641735,0.223609108349342,1.13223427207301,0.820801539904775,0.162642773511218,0.553306415889022,0.0950360431324526,0.197100392223173,0.488685451002972,0.174938510248744,0.123724354300914,0.531090568007774,0.532834536245523,0.935470879583069,15.3384633901309,9.93254172481207,0.181501010345995,1.08967282457827,0.647557807596481,0.470795528518922,0.363065861591716,0.166138609889362,0.122295632853555,0.0943113658079183,0.0431567956937656,0.87486578489555,0.0570373812971681,0.566526169608137,0.0506366913412514,0.223097390060199,0.519904834579495,0.209982670626551,0.102825072171323
"22","36","2017-07-20","Sample",1.06575095132575,7.98983498349835,1622.596302533,"36_NA_SS-0000_2017-07-20_Sample_1",NA,1,1,0.788636223192837,24.3785906066847,0.326622864585228,0.910814553,0.283650224181656,0.111133596901816,0.345328618886191,0.140068748681395,0.119818811348942,0.428481613259831,0.167878248731303,0.52165290597614,0.211587646635716,0.180998120956148,4.42627403831197,2.95641163842536,0.243150760791947,1.11397174100864,0.840932371388613,0.189986513286311,0.561678339023505,0.0819026293932622,0.202081580042188,0.504212376621814,0.200634756091636,0.136572515453923,0.658051609809472,0.659415455012583,0.889218205942183,10.9503288408657,7.32235930474081,0.243544164780388,1.06775124797776,0.668688530833372,0.492943061419319,0.381223723670892,0.125833214909789,1.86846130873641,1.44499808071255,0.476960752294384,0.37151148899376,0.0339269709971913,0.248425471762956,0.0220306368374197,0.106083425507825,0.232662309909218,0.11064194695885,0.0605025740306829
"23","37","2017-07-20","Sample",1.37570256084624,6.74899752475248,1399.62560953383,"37_NA_SS-0000_2017-07-20_Sample_1",NA,1,1,0.124259538657876,318.863602510891,3.11744568910891,0.811892605,0.326590760142503,0.151676594272463,0.123732872704419,0.109508881039888,0.288490891840728,0.717825386176618,0.333375352719955,0.271956858464205,0.240693443953917,0.634084337700335,1.42844201289253,0.823049501783798,0.45480036787813,0.895897770733117,0.918543096540872,0.643038421056283,0.529252452078214,0.153170432498331,0.262981288818522,0.590750942091445,0.299747829335193,0.240704209905574,0.67938068091606,0.681238930684169,0.834909704351734,15.830345803849,9.56009053765107,0.330452699577463,1.03298404587352,0.603909141095746,0.490905333165808,0.344365975678246,0.164728691155946,0.45955664264876,0.322375132094372,0.15420929279247,0.413611465379651,0.0261277593366967,0.249783744804778,0.0298825001410883,0.120869171515152,0.241807940599463,0.128837432328782,0.082541712781307
"24","38","2017-07-20","Sample",1.10310823914709,51.1304867986799,9550.12725806931,"38_NA_SS-0000_2017-07-20_Sample_1",NA,1,1,0.0430595451796174,981.606483605092,10.0249979475186,0.828179815,0.358376869800008,0.124133905969619,0.160333184737148,0.105618406345067,0.251537633148158,0.684335944174328,0.237038996945234,0.306163066329596,0.201682859356059,0.480321857188721,1.81587472254993,1.1283867927703,0.407509284178625,0.94463111335227,0.880374696227867,0.484821273899119,0.547065922321841,0.115803259058997,0.219732638377021,0.579131805621387,0.280656957613947,0.222934442403893,0.60294780692754,0.603673837107424,0.854582155476059,7.48188838363799,4.67940579498105,0.29852813545229,1.05094689468428,0.625431115119862,0.469957619906028,0.348862777474373,0.181179602619599,0.0509740954123914,0.0378395066950215,0.0196517004077033,0.877027760059442,0.117220107423334,0.548520449965052,0.0535211832055838,0.235137251470848,0.521929749961187,0.252640643753221,0.163748787185518
"25","40-alt1","2017-08-09","Duplicate",0.956234352707486,15.0099958745875,2594.33334783416,NA,NA,NA,NA,NA,NA,NA,NA,NA,NA,NA,NA,NA,NA,NA,NA,NA,NA,NA,NA,NA,NA,NA,NA,NA,NA,NA,NA,NA,NA,NA,NA,NA,NA,NA,NA,NA,NA,NA,NA,NA,NA,NA,NA,NA,NA,NA,NA,NA,NA,NA,NA
"26","40-alt1","2017-08-09","Sample",0.940802120792275,15.2139273927393,2658.86778771452,"40-alt1_NA_SS-0000_2017-08-09_Sample_1",NA,1,1,0.935484311507017,15.7221709103993,0.209821769056713,0.856972952,0.249614326088682,0.126519949466543,0.287680008927349,0.106796229193513,0.229389486323913,0.429135424407703,0.217512324156734,0.494577713783903,0.183603424764244,0.394365003446574,2.07223286973948,1.37673188010848,0.31427998467867,1.05475647847819,0.812125188690731,0.391908265016968,0.539552602526864,0.104831707456146,0.196857629675375,0.511542345115843,0.195021030434088,0.169570583655479,0.552781539136766,0.561654263294764,0.931708011276229,15.9722346474525,11.2472525233498,0.145015130691678,1.20479999761647,0.704175262360279,0.488268672375,0.374758973628288,0.136972353996712,0.948321079603034,0.727861225938237,0.266029294867744,0.632799781592332,0.039618738113972,0.445601952224307,0.041837005891293,0.193268414693925,0.36985553876649,0.146969532359989,0.0646190253382747
"27","42","2017-07-15","Sample",0.682807700095055,3.74438118811881,814.276973457096,"42_NA_SS-0000_2017-07-15_Sample_1",NA,1,1,0.716694992284202,5110.09963492966,60.2243465419386,0.916944902,0.383381043443036,0.206528682833108,0.198428002084462,0.13986941011518,0.0717928615242135,0.652555880903576,0.351534090855588,0.337745858619643,0.238072819953438,0.122199192672088,6.69839138883985,3.872439953604,0.222716141434506,0.970182305464746,0.937101351756149,0.139899462028667,0.541752266247514,0.163045824203917,0.268745910447452,0.55840254269325,0.255908046853811,0.120656974352045,0.746144477683769,0.762507706995085,0.736788384156857,7.52445667432225,5.08170461993415,0.446579779885853,1.03895879665874,0.675358346772842,0.443551087785468,0.326783405737206,0.229665506477326,0.277750109101788,0.20463060309315,0.143815720979243,0.179044687490665,0.0237950320189453,0.120919324142156,0.0127104693673695,0.0471440197735863,0.116385100671007,0.0722570178042028,0.05400012515935
"28","45","2017-08-03","Duplicate",0.0276408475538282,2.5282301980198,642.980565020627,NA,NA,NA,NA,NA,NA,NA,NA,NA,NA,NA,NA,NA,NA,NA,NA,NA,NA,NA,NA,NA,NA,NA,NA,NA,NA,NA,NA,NA,NA,NA,NA,NA,NA,NA,NA,NA,NA,NA,NA,NA,NA,NA,NA,NA,NA,NA,NA,NA,NA,NA,NA
"29","45","2017-08-03","Sample",0.394561636626695,3.04688943894389,828.361718622112,NA,NA,NA,NA,NA,NA,NA,NA,NA,NA,NA,NA,NA,NA,NA,NA,NA,NA,NA,NA,NA,NA,NA,NA,NA,NA,NA,NA,NA,NA,NA,NA,NA,NA,NA,NA,NA,NA,NA,NA,NA,NA,NA,NA,NA,NA,NA,NA,NA,NA,NA,NA
"30","48","2017-07-12","Sample",0.944676578837169,14.4824051155116,2333.49193851898,"48_NA_SS-0000_2017-07-12_Sample_1",NA,1,1,0.372051571330289,11793.9419588215,128.58205991951,0.898321422,0.436353849742687,0.210010139942576,0.130306896255314,0.129252615169983,0.0940764988894402,0.772823176312904,0.371947453893316,0.230785610162238,0.228918380487119,0.166618213019107,5.54101503095092,3.15012746257686,0.320026923135052,0.929767784713594,0.948104000292966,0.171106556289247,0.539007461993709,0.170483048600197,0.271076989138272,0.579722669311181,0.306504782103257,0.17249689960868,0.774079691098734,0.789228917693046,0.879013080174579,8.43017396591043,5.10801223054375,0.356332965345231,0.999999253910354,0.60592014485102,0.534597795831955,0.304262851614868,0.161139352553176,1.88809052138277,1.07459441588028,0.569111370360093,0.895703644530103,0.106249722503012,0.542724882037267,0.0527088786378479,0.22579177852165,0.542725286958984,0.353658691228536,0.19339076658298
"31","5","2017-07-22","Sample",1.11129672846671,15.9753547854785,3128.97589042904,"5_NA_SS-0000_2017-07-22_Sample_1",NA,1,1,0.553702640260894,9709.86221700995,108.82897950005,0.902953274,0.381390899046225,0.20633721757122,0.181193483771592,0.134873427201045,0.0962049724099177,0.65611887888754,0.35496846989313,0.31171290592211,0.232027041201485,0.165504470082679,5.3062867825546,3.16640874084193,0.257193533551926,0.993336066903204,0.914961501551079,0.172429711970937,0.545982947165631,0.174705615266267,0.27328820642975,0.549645749668359,0.259809489367667,0.140423283440623,0.680188413471969,0.680188413471969,0.843421799519767,7.16733465965554,4.62679301885322,0.332211345383754,1.05836087448124,0.645538856291606,0.490625885579234,0.365145697138919,0.144228417281847,1.80612244695225,1.34419699285134,0.530942597196234,0.737979814897971,0.102964330527499,0.476394645675527,0.0567402385450897,0.223876567621951,0.450124959418058,0.234019365974965,0.158263706173483
"32","53","2017-07-15","Sample",0.949022237592503,5.4601196369637,941.863391976073,NA,NA,NA,NA,NA,NA,NA,NA,NA,NA,NA,NA,NA,NA,NA,NA,NA,NA,NA,NA,NA,NA,NA,NA,NA,NA,NA,NA,NA,NA,NA,NA,NA,NA,NA,NA,NA,NA,NA,NA,NA,NA,NA,NA,NA,NA,NA,NA,NA,NA,NA,NA
"33","57","2017-07-30","Sample",1.04212123609655,17.5003424092409,2881.26523893152,"57_NA_SS-0000_2017-07-30_Sample_1",NA,1,1,0.505434759444615,7327.85625178306,90.9252760121877,0.862112884,0.573218622965463,0.132184415893692,0.050376390184055,0.114388338870828,0.129832232085962,0.94110866366938,0.217019988562244,0.0827078105057654,0.18780244119977,0.213158180045721,4.29882423927037,2.4924810391817,0.412392608704021,0.871328975557735,0.899246247150864,0.209184232036314,0.521387732046298,0.0971933867387418,0.19938564918771,0.598382180177767,0.368802735929216,0.215016446964846,0.765272454574405,0.773558559614577,0.888013408280521,7.83685048131145,4.90336976909966,0.316004807502675,1.0140066326453,0.625681168830862,0.444418709528366,0.39592317830273,0.159658112168905,0.766693115762068,0.683030594048305,0.275435693527332,0.901731898123891,0.115063047365042,0.564196667990228,0.0560066910759331,0.269563696477619,0.556403330931253,0.330782901725003,0.178288859461902
"34","6","2017-07-17","Sample",0.865762251195371,30.5824669966997,4847.60972517327,"6_NA_SS-0000_2017-07-17_Sample_1",NA,1,1,0.609993645759372,25.96062717232,0.304020760639484,0.860218122,0.35047708161842,0.138643318193791,0.209360750982618,0.120657108999142,0.180861740206029,0.594327059017346,0.235106601475968,0.355026807546387,0.204606202522164,0.306699158898038,2.93731080587446,1.8942185808981,0.32946336854045,1.00002911625481,0.849348612986458,0.289158577052114,0.547729549478169,0.113877778341733,0.222235817955706,0.547713602109368,0.245959025342495,0.180456822420221,0.745718838824966,0.759505557309989,0.908117139590598,16.712350891617,10.1116858800868,0.276551282221324,0.987917202476436,0.605042698400908,0.452224311869874,0.406900921592254,0.140874766537873,0.198880710253259,0.178948239103649,0.0619543728420246,0.875655610635593,0.052395717174346,0.529809033528854,0.0435617956507746,0.228620467034495,0.536288903767207,0.308088079528854,0.146519367554845
"35","62","2017-08-05","Sample",0.785954743394769,55.9491171617162,9391.03725317657,"62_NA_SS-0000_2017-08-05_Sample_1",NA,2,0.666666666666667,0.660487444475568,364.731049884299,4.56908558883029,0.925970812,0.278024280630894,0.178243256492517,0.329125656089237,0.147427573535733,0.0671792332516197,0.436266796078753,0.279693608976082,0.516453437676528,0.231338626303246,0.105415501074961,7.63222617205635,4.8744435356032,0.168744148138238,1.11944159263657,0.886278576611337,0.116123206602058,0.566036013754919,0.13342924267666,0.246776160647368,0.50564139967478,0.184075904865516,0.095515264956638,0.57092344464157,0.577288432832079,0.942501686882598,21.2334413467451,14.2367178249062,0.15648439853779,1.18073331109324,0.670485654794177,0.50566918713214,0.332938109559405,0.161392703308455,0.483129755359414,0.318097901779464,0.154198870032855,0.892470175454608,0.0420313486109219,0.598388449973957,0.0605639816269423,0.270596799694717,0.506793908795466,0.219454720819967,0.0936384566861348
"36","7","2017-07-30","Sample",0.930147775360888,32.3654084158416,5525.79998691832,NA,NA,NA,NA,NA,NA,NA,NA,NA,NA,NA,NA,NA,NA,NA,NA,NA,NA,NA,NA,NA,NA,NA,NA,NA,NA,NA,NA,NA,NA,NA,NA,NA,NA,NA,NA,NA,NA,NA,NA,NA,NA,NA,NA,NA,NA,NA,NA,NA,NA,NA,NA
"37","71","2017-08-05","Sample",0.832597367242181,27.3782920792079,4646.04926500825,"71_NA_SS-0000_2017-08-05_Sample_1",NA,2,0.5,0.712982207920768,50.0831561287956,0.635783936312416,0.910154487,0.310126614126126,0.175302776724971,0.29151359528578,0.134837178646808,0.0882198352163152,0.496859023791985,0.280855503991573,0.467038795699355,0.216024894032706,0.141338470186379,6.6629131470153,4.18636308622414,0.256738276197561,1.08263102011863,0.889735949281003,0.133535576653819,0.559028408801205,0.13590253714034,0.235576815221887,0.516360974711356,0.21615142134348,0.143523990021087,0.57860064565076,0.581838549017293,0.942496754169434,23.5623340288212,15.8217802888114,0.153592818532279,1.12263286942198,0.671486121428308,0.484782804025415,0.373867471566891,0.141349724407694,0.382415531935648,0.294921203527659,0.111502160554135,0.886784173291413,0.0376356676807445,0.59546326506746,0.0626703518446557,0.266421609707749,0.530416738442773,0.222709386523177,0.0914588812141447
"38","8","2017-07-22","Sample",1.07586435154491,12.0191666666667,2284.99054,"8_NA_SS-0000_2017-07-22_Sample_1",NA,1,1,1.03556341908489,21.1603192136407,0.25823941058196,0.846245631,0.294369084537246,0.197889963017933,0.176498700230055,0.120429853242743,0.210812398972023,0.559743377491757,0.376288143320164,0.33561261619909,0.228997596370894,0.400860180012584,2.50212261869473,1.54038832660845,0.594544916379141,1.08915132786449,0.866730663755868,0.346398157020782,0.533587677433494,0.190689948368545,0.268773825936561,0.489911423493103,0.318639691685395,0.317241841060637,0.576149453410483,0.58298435787324,0.931743277850908,18.8324368723975,12.4901017004097,0.188164119609661,1.12085998069512,0.663222809933656,0.471618599184015,0.375323048835277,0.153058351980708,0.675362418209651,0.537466254108248,0.219181047778276,0.50808595666949,0.0269792996048316,0.336974195870169,0.0395461830959733,0.16260285854589,0.300638975138703,0.132412916026396,0.0634064528970837
"39","9-alt","2017-07-17","Sample",0.898642483414606,30.3107136963696,4659.58532802393,"9-alt_NA_SS-0000_2017-07-17_Sample_1",NA,1,1,0.732360800846327,758.996272660536,9.40034473705331,0.907471785,0.402438518740834,0.175548713930732,0.206004093943921,0.129705693756216,0.086302979628297,0.65875599108569,0.287357600338776,0.337210343329811,0.212316661703197,0.141270286593266,6.14376479421801,3.57701417865305,0.247295700139374,0.972654215111632,0.923946033330673,0.150387598529197,0.537938572232521,0.13105584345869,0.237287597106801,0.553062500398234,0.261443581094114,0.133029895852216,0.649909572690944,0.649966759287233,0.929059885517902,20.1723851340906,12.4033485685946,0.205649626523118,1.04002178507295,0.614867725662912,0.447450044682252,0.416783007624794,0.135766947692954,0.974689991688298,0.907887329693114,0.295744042695008,0.893973675749885,0.0443167067160096,0.549675560810845,0.0537963512803052,0.276234430150207,0.528523122015456,0.251584388610244,0.113040573789636
"40","BL","2017-07-21","Field Blank",NA,1.62824669966997,603.693266183993,NA,NA,NA,NA,NA,NA,NA,NA,NA,NA,NA,NA,NA,NA,NA,NA,NA,NA,NA,NA,NA,NA,NA,NA,NA,NA,NA,NA,NA,NA,NA,NA,NA,NA,NA,NA,NA,NA,NA,NA,NA,NA,NA,NA,NA,NA,NA,NA,NA,NA,NA,NA
"41","BL","2017-08-07","Field Blank",NA,0.766835808580858,289.457922966172,NA,NA,NA,NA,NA,NA,NA,NA,NA,NA,NA,NA,NA,NA,NA,NA,NA,NA,NA,NA,NA,NA,NA,NA,NA,NA,NA,NA,NA,NA,NA,NA,NA,NA,NA,NA,NA,NA,NA,NA,NA,NA,NA,NA,NA,NA,NA,NA,NA,NA,NA,NA
"42","SC Outlet","2017-07-10","Duplicate",0.885004929689115,15.7911922442244,2663.91765676155,NA,NA,NA,NA,NA,NA,NA,NA,NA,NA,NA,NA,NA,NA,NA,NA,NA,NA,NA,NA,NA,NA,NA,NA,NA,NA,NA,NA,NA,NA,NA,NA,NA,NA,NA,NA,NA,NA,NA,NA,NA,NA,NA,NA,NA,NA,NA,NA,NA,NA,NA,NA
"43","SC Outlet","2017-07-10","Sample",0.962795007052523,16.3113820132013,2809.95812639026,"SC Outlet_NA_SS-0000_2017-07-10_Sample_1",NA,1,1,0.569651825546531,528.81727907576,6.0069595078396,0.863543523,0.413511737201163,0.159815095547556,0.144482351910983,0.115496334495494,0.166694480844804,0.714937373167907,0.276310862121344,0.249801453868065,0.199686341562201,0.288204913029581,3.04345542345397,1.76657762148132,0.345613925279431,0.938449869897741,0.869483491048317,0.285689576508255,0.50469281254996,0.121784023419374,0.22195893197028,0.537794109987947,0.281272106725556,0.174428864005708,0.649617154218681,0.650567727819763,0.886148352392709,10.6091472591686,6.47045696200186,0.275167666176512,1.03326115033347,0.609894160570728,0.51048669339183,0.3422619133359,0.14725139327227,0.474348493657975,0.318032624804905,0.136827222906918,0.882589054467472,0.0831913284740888,0.538285910503352,0.0591474988598145,0.2652370771184,0.520958240159932,0.263686675052346,0.148118877728906
"44","SC Outlet","2017-08-07","Duplicate",1.13079101936963,11.4368729372937,2042.45537745875,NA,NA,NA,NA,NA,NA,NA,NA,NA,NA,NA,NA,NA,NA,NA,NA,NA,NA,NA,NA,NA,NA,NA,NA,NA,NA,NA,NA,NA,NA,NA,NA,NA,NA,NA,NA,NA,NA,NA,NA,NA,NA,NA,NA,NA,NA,NA,NA,NA,NA,NA,NA
"45","SC Outlet","2017-08-07","Sample",1.14704685268977,11.3250041254125,2017.29556799917,"SC Outlet_NA_SS-0000_2017-08-07_Sample_1",NA,1,1,0.629507150768071,427.891778786422,5.09359950197778,0.869901733,0.382986206621165,0.173109609691272,0.154757608636384,0.123815726401549,0.16533084864963,0.706436542192508,0.319309029872092,0.285457878202934,0.228384083071388,0.304960729704104,2.94849459563327,1.71714157658819,0.338541990309026,0.932052432569707,0.920410630565672,0.312162902360005,0.536027898310804,0.146839962645074,0.254694410891647,0.575104875626957,0.280732500928319,0.181467951555304,0.651103627321097,0.651380940567215,0.884880911840131,14.5681196109305,9.04449573773432,0.256205582373616,1.04716702914335,0.620841672040378,0.519278413706536,0.347492124386169,0.133229461907295,5.47325233248143,3.66260570459679,1.40425337139365,0.69634846761794,0.0477994748955429,0.432322146958677,0.0466843641573109,0.208095983256181,0.412849273255238,0.207961431613686,0.11076334743456
"46","DC-3","2017-07-27","Sample",NA,NA,NA,"DC-3_NA_SS-0000_2017-07-27_Sample_1",NA,1,1,0.61673750274872,4009.14444710549,46.8195388661965,0.905201305,0.420160010358179,0.17396652840188,0.197048090616198,0.129103464983987,0.0797219056397565,0.65415638884813,0.270852325767047,0.306788519157323,0.201004032653442,0.124120793554192,6.67419065685313,3.98219005697874,0.246235132984331,0.988850562196857,0.871729847167155,0.130612068486844,0.520122080449736,0.12359742620302,0.225762353649877,0.525986534602578,0.253491548160107,0.128072329647628,NA,NA,NA,NA,NA,NA,NA,NA,NA,NA,NA,NA,NA,NA,NA,NA,NA,NA,NA,NA,NA,NA
"47","DC-4","2017-07-27","Sample",NA,NA,NA,"DC-4_NA_SS-0000_2017-07-27_Sample_1",NA,1,1,0.484932214023759,1444.54807089368,16.2274738754756,0.883472792,0.406290333545498,0.153899151850706,0.180737992147926,0.123260506448136,0.135812016007735,0.687252320210202,0.260325044568001,0.305723750230168,0.208498854273823,0.229730110237261,3.79815073761558,2.28938156461412,0.291313962237781,0.963514647661518,0.890511592347747,0.234459255007556,0.536766696067459,0.116400301642876,0.224063853524007,0.557092408890939,0.268796895958967,0.156367633028694,NA,NA,NA,NA,NA,NA,NA,NA,NA,NA,NA,NA,NA,NA,NA,NA,NA,NA,NA,NA,NA,NA
"48","SA","2016-07-29","Sample",NA,NA,NA,"SA_IN_SS-0000_2016-07-29_Sample_1","IN",1,1,0.612802633642053,18007.6271044696,212.495336589401,0.905879006,0.421144489268776,0.179774422777215,0.180444337652598,0.135555927821059,0.0830808224803532,0.700641886385849,0.299083791686915,0.300198303295084,0.225519182606985,0.138218368442126,6.18210739484768,3.5135672519407,0.254757829397006,0.954997701350568,0.926060924589961,0.149796964925223,0.526321710401374,0.135464751734074,0.242410771545254,0.551123536378197,0.273806691609917,0.134084576506374,NA,NA,NA,NA,NA,NA,NA,NA,NA,NA,NA,NA,NA,NA,NA,NA,NA,NA,NA,NA,NA,NA
"49","SA","2016-07-29","Sample",NA,NA,NA,"SA_DN_SS-0000_2016-07-29_Sample_1","DN",1,1,0.48351933183706,743.308483030576,8.49757290064963,0.879565749,0.394004942294895,0.152094378345867,0.186348100512245,0.124035334659054,0.143517244187939,0.670977437746624,0.259011716157089,0.317344676648938,0.211228089056018,0.244405139226923,3.54212571632258,2.15830437932213,0.280153241256631,0.993253525198004,0.8886239244659,0.250873062006524,0.541460428382635,0.1173519594395,0.22558847994007,0.545138189441306,0.265355070029151,0.151691894023599,NA,NA,NA,NA,NA,NA,NA,NA,NA,NA,NA,NA,NA,NA,NA,NA,NA,NA,NA,NA,NA,NA
"50","SA","2016-07-29","Sample",NA,NA,NA,"SA_UP_SS-0000_2016-07-29_Sample_1","UP",2,0.666666666666667,0.719713293464034,190.713099603685,2.43627891337423,0.908068868,0.291057239850932,0.132530527470978,0.355696962783448,0.133635040718384,0.0870802291762573,0.415929617222531,0.189390140542582,0.508301740418853,0.190968523449141,0.124440286754183,6.47296272230717,4.41996554472698,0.178631397206364,1.09848002524283,0.811419489124198,0.125355192658206,0.554065632401881,0.0921361144767882,0.197832734978117,0.504392997295879,0.173795891090205,0.098973518059976,NA,NA,NA,NA,NA,NA,NA,NA,NA,NA,NA,NA,NA,NA,NA,NA,NA,NA,NA,NA,NA,NA
"51","SB","2016-07-12","Sample",NA,NA,NA,"SB_IN_SS-0000_2016-07-12_Sample_1","IN",1,1,0.646101810189889,53117.8811491972,719.147993942938,0.861142289,0.609990782504325,0.121358018811401,0.0418101407572824,0.103196183081839,0.123644874845153,0.888240184197908,0.176715898132719,0.0608819808311213,0.150269478323606,0.180045911442616,4.49203735750059,2.75171905326497,0.393456881192356,0.883028787149668,0.802431259513335,0.17863414652451,0.491550984555222,0.0813432256910753,0.16728996391542,0.556664733594814,0.337884458404754,0.193404117330129,NA,NA,NA,NA,NA,NA,NA,NA,NA,NA,NA,NA,NA,NA,NA,NA,NA,NA,NA,NA,NA,NA
"52","SB","2016-07-12","Sample",NA,NA,NA,"SB_DN_SS-0000_2016-07-12_Sample_1","DN",1,1,0.582553624942036,10049.1116178566,120.914039972752,0.895159297,0.464534037829291,0.16685311925432,0.146896091059012,0.126523332994958,0.0951934188624188,0.756648625596825,0.271775958442724,0.239269281374368,0.20608544954836,0.155054234313355,5.73714870647337,3.24412373006761,0.28979058120056,0.930505153392595,0.909555103088659,0.158537829438234,0.514316334593987,0.120598704677085,0.225798728666529,0.552728088306447,0.295946907640324,0.149044029522933,NA,NA,NA,NA,NA,NA,NA,NA,NA,NA,NA,NA,NA,NA,NA,NA,NA,NA,NA,NA,NA,NA
"53","SC","2016-07-13","Sample",NA,NA,NA,"SC_DN_SS-0000_2016-07-13_Sample_1","DN",1,1,0.643484114972428,10988.336561862,126.764684178418,0.92432854,0.406819374779047,0.21225129567463,0.188056954128646,0.13960097004901,0.0532714053686664,0.678259682433345,0.353870797030081,0.313533371059216,0.232746313186913,0.0888154515938521,8.80327019738432,4.8683662460034,0.20253258096537,0.951559913915446,0.947683609256959,0.107651314569277,0.524086026186961,0.159668122302839,0.261035967151702,0.550765136827244,0.262016280301271,0.10614449553153,NA,NA,NA,NA,NA,NA,NA,NA,NA,NA,NA,NA,NA,NA,NA,NA,NA,NA,NA,NA,NA,NA
"54","SC","2016-07-13","Sample",NA,NA,NA,"SC_UP_SS-0000_2016-07-13_Sample_1","UP",1,1,0.644796518021804,790.704675120691,9.44959028285584,0.930499128,0.329342816986301,0.175455296004807,0.294960788929357,0.134960816154419,0.0652802819251157,0.50576889724956,0.269445170807043,0.452968716044189,0.207258150588906,0.100250360713892,7.29250808484366,4.55179178109029,0.159389817362595,1.07487020517487,0.874905982961062,0.119973261980939,0.546093307835429,0.126735910826457,0.225912954164674,0.508055116986505,0.202200337517101,0.0870417125988242,NA,NA,NA,NA,NA,NA,NA,NA,NA,NA,NA,NA,NA,NA,NA,NA,NA,NA,NA,NA,NA,NA
"55","SC","2016-07-13","Sample",NA,NA,NA,"SC_IN_SS-0000_2016-07-13_Sample_1","IN",1,1,0.731102862589159,76858.4110141062,917.632185741822,0.928109315,0.428492887016767,0.215804345826483,0.165895611806387,0.141644466560085,0.0481626887902775,0.714761732333765,0.359979576655274,0.276727662171585,0.236274737251395,0.0803393659886908,9.19824161068058,4.91624080662495,0.217195039191996,0.919286093758059,0.961129928771673,0.104490615647196,0.51370102855411,0.162986949133263,0.265102283739879,0.558804306996629,0.28067153107311,0.111573315029778,NA,NA,NA,NA,NA,NA,NA,NA,NA,NA,NA,NA,NA,NA,NA,NA,NA,NA,NA,NA,NA,NA
"56","SC-3B","2017-07-27","Sample",NA,NA,NA,"SC-3B_NA_SS-0000_2017-07-27_Sample_1",NA,1,1,0.651750992693387,1364.94637750332,16.1860468200828,0.887170093,0.435703545070317,0.183272183793219,0.14188010607775,0.127066047992374,0.112078117066341,0.744034125478409,0.312966833839048,0.242283180485268,0.216985785325079,0.191391474226503,4.59785975821787,2.62090242348479,0.312403815102349,0.913781421458001,0.904507283479009,0.196723547703333,0.515593222932192,0.139624542225409,0.241859852398315,0.564241306317574,0.290520180697831,0.161073289884933,NA,NA,NA,NA,NA,NA,NA,NA,NA,NA,NA,NA,NA,NA,NA,NA,NA,NA,NA,NA,NA,NA
"57","SC-4B","2017-07-25","Sample",NA,NA,NA,"SC-4B_NA_SS-0000_2017-07-25_Sample_1",NA,1,1,0.505509738394378,442.669967723848,4.90882021093414,0.890946701,0.349657780021502,0.187769400469359,0.203465948962899,0.126857999915152,0.132248870631089,0.619062809369376,0.332442345658708,0.360232802393909,0.224599806741393,0.234144246365044,3.73641505591561,2.28451723467867,0.262760709469397,1.01023170193605,0.908461194541805,0.243137119657919,0.555450940248646,0.155033187353815,0.25873578906165,0.549825291746595,0.248506333173779,0.145950683135178,NA,NA,NA,NA,NA,NA,NA,NA,NA,NA,NA,NA,NA,NA,NA,NA,NA,NA,NA,NA,NA,NA
"58","SC-5B","2017-07-25","Sample",NA,NA,NA,"SC-5B_NA_SS-0000_2017-07-25_Sample_1",NA,1,1,0.451964237436622,852.734123544703,9.23190648529703,0.90613537,0.344914380621112,0.209166758939665,0.215551090081855,0.133286782789921,0.0970809875674474,0.584692472695441,0.354575617490616,0.365398217450964,0.225945286672947,0.16456989288272,5.2564990998413,3.23660634237641,0.231141191998414,1.03734635209496,0.899024173126857,0.171030976330615,0.553559942734498,0.174998011436165,0.267951439466787,0.53363077974542,0.229848803148943,0.127950505006226,NA,NA,NA,NA,NA,NA,NA,NA,NA,NA,NA,NA,NA,NA,NA,NA,NA,NA,NA,NA,NA,NA
"59","SC-6B","2017-07-25","Sample",NA,NA,NA,"SC-6B_NA_SS-0000_2017-07-25_Sample_1",NA,1,1,0.468690036668815,1201.85142047187,13.3915872310191,0.892552519,0.365152110917085,0.183766722301107,0.197269847470407,0.127972511525188,0.125838807786212,0.638305671489795,0.321234185888418,0.344838380197342,0.223702882878497,0.21997305315234,3.91231316710701,2.32281007060996,0.265678494354906,0.986658334227249,0.91582909770453,0.234088903057254,0.543744061439429,0.149603054785456,0.252155848847942,0.551096608194456,0.249634911092221,0.144461103557649,NA,NA,NA,NA,NA,NA,NA,NA,NA,NA,NA,NA,NA,NA,NA,NA,NA,NA,NA,NA,NA,NA
"60","SC-7B","2017-07-25","Sample",NA,NA,NA,"SC-7B_NA_SS-0000_2017-07-25_Sample_1",NA,1,1,0.478525789414496,1038.65187743128,11.6846608426653,0.901436984,0.378587886851662,0.175638386623999,0.209243479099038,0.128060374384397,0.108469873040904,0.635164221349329,0.294671918868856,0.351051832586602,0.214849367363514,0.181982004291862,4.67324696051454,2.86091889272275,0.248243203565681,0.99687922255966,0.905548118220774,0.193772793492829,0.554368245799297,0.139182131022558,0.243580671503392,0.55610372174862,0.251906621055466,0.137618149292305,NA,NA,NA,NA,NA,NA,NA,NA,NA,NA,NA,NA,NA,NA,NA,NA,NA,NA,NA,NA,NA,NA
"61","SC-8B","2017-07-25","Sample",NA,NA,NA,"SC-8B_NA_SS-0000_2017-07-25_Sample_1",NA,1,1,0.470144653483525,1763.62491345945,19.3548873487354,0.869181776,0.358606686821374,0.161248471207517,0.188356544741955,0.123211541677898,0.168576755551255,0.639217828558268,0.287426033622601,0.335746281230567,0.219625057253585,0.300488729264958,2.9196714334767,1.8062054487303,0.318180723030596,0.990716990595022,0.878714308796476,0.30096342304864,0.543601774578976,0.131278314614845,0.24138309036044,0.548695318379965,0.254929769773293,0.172963605676254,NA,NA,NA,NA,NA,NA,NA,NA,NA,NA,NA,NA,NA,NA,NA,NA,NA,NA,NA,NA,NA,NA
"62","SC-9","2017-07-25","Sample",NA,NA,NA,"SC-9_NA_SS-0000_2017-07-25_Sample_1",NA,1,1,0.367724450142786,1237.61464909575,13.2379880898123,0.879043112,0.354533137573505,0.187066204908094,0.193640609200321,0.125425574757859,0.139334473560221,0.627366142342522,0.331024073346359,0.342657848082464,0.221947543537076,0.246560115003857,3.66267537709723,2.25676804696062,0.290068289422876,1.00882596553971,0.893701436128039,0.244002360055267,0.550656729555707,0.157088283636981,0.255597030713852,0.545839171834867,0.249688299350635,0.159728055601419,NA,NA,NA,NA,NA,NA,NA,NA,NA,NA,NA,NA,NA,NA,NA,NA,NA,NA,NA,NA,NA,NA
"63","SD","2016-07-19","Sample",NA,NA,NA,"SD_DN_SS-0000_2016-07-19_Sample_1","DN",2,0.666666666666667,0.64020333521808,2934.99367447433,34.7002210708635,0.912465931,0.364100605020534,0.200987036757149,0.234472308266325,0.134452666074338,0.0659873838816541,0.600564188717741,0.331517209827303,0.386749347979799,0.221772376119282,0.10884260866377,7.62820933889845,4.50241040288028,0.187872296857589,1.01848002881222,0.93148273958888,0.122110274929003,0.549790572138916,0.151757054350066,0.250714066580425,0.539814779461209,0.235055451965224,0.103290417578386,NA,NA,NA,NA,NA,NA,NA,NA,NA,NA,NA,NA,NA,NA,NA,NA,NA,NA,NA,NA,NA,NA
"64","SD","2016-07-19","Sample",NA,NA,NA,"SD_IN_SS-0000_2016-07-19_Sample_1","IN",3,0.08,0.594507412769197,157123.235292079,1705.75058292079,0.906305563,0.276254607881142,0.277140441070105,0.257636804018115,0.131772765126214,0.0571953819044238,0.471259486855832,0.472770619275567,0.439499594189542,0.224789610393293,0.0975689293783614,10.1052253574385,6.16023633387379,0.176897394653288,1.13509488520894,0.911603913739274,0.090211141413906,0.55572195105817,0.214188905278629,0.295889473756167,0.489581935659835,0.191838928543864,0.0983057652938323,NA,NA,NA,NA,NA,NA,NA,NA,NA,NA,NA,NA,NA,NA,NA,NA,NA,NA,NA,NA,NA,NA
"65","SD","2016-07-19","Sample",NA,NA,NA,"SD_UP_SS-0000_2016-07-19_Sample_1","UP",2,0.5,0.675845571268024,576.967684641703,7.13688550981871,0.934447808,0.27346233483187,0.20675251555867,0.328770307853262,0.135151434690293,0.055863407065905,0.416835622128601,0.315150580069968,0.50114095564818,0.206009841886772,0.0851519755101059,8.45346527491074,5.37192723208226,0.143758136980171,1.11437779347804,0.862065665201514,0.101977785105483,0.547817240875579,0.15152871783028,0.239235624467964,0.49159023455215,0.167797184599522,0.0787531859538908,NA,NA,NA,NA,NA,NA,NA,NA,NA,NA,NA,NA,NA,NA,NA,NA,NA,NA,NA,NA,NA,NA
"66","SE","2016-06-17","Sample",NA,NA,NA,"SE_IN_SS-0000_2016-06-17_Sample_1","IN",1,1,0.792117975408278,63878.7316992025,765.795309299515,0.923819574,0.428628845223411,0.205597659818955,0.174963328019876,0.146755636972159,0.044054529965599,0.693001848188813,0.33240776915881,0.282878558067742,0.237272709914853,0.0712268225236609,10.6180480993889,5.92323318361305,0.225326722425383,0.962543949822518,0.928682186270131,0.0874626087184121,0.518061426286263,0.153944997812962,0.263022649054915,0.538221061367418,0.272805669947345,0.116733083200103,NA,NA,NA,NA,NA,NA,NA,NA,NA,NA,NA,NA,NA,NA,NA,NA,NA,NA,NA,NA,NA,NA
"67","SE","2016-06-17","Sample",NA,NA,NA,"SE_UP_SS-0000_2016-06-17_Sample_1","UP",2,0.166666666666667,0.53581329928914,374.180201770614,4.22874095076591,0.897426156,0.256159642856375,0.185901418453235,0.316818896584003,0.124299848209444,0.116820193896942,0.410316070101838,0.297776568531745,0.507479957150141,0.199103280527878,0.187122383267857,4.47200626890712,2.97006886917886,0.21320124836147,1.11428691118954,0.842044813902576,0.188292404632151,0.559241409300782,0.136687892779443,0.235220463603492,0.501882776944558,0.177726345853033,0.119230966598354,NA,NA,NA,NA,NA,NA,NA,NA,NA,NA,NA,NA,NA,NA,NA,NA,NA,NA,NA,NA,NA,NA
"68","SE","2016-06-17","Sample",NA,NA,NA,"SE_DN_SS-0000_2016-06-17_Sample_1","DN",1,1,0.613562175654575,1896.9303448967,21.6335451437647,0.926383957,0.352639518725699,0.204586178814184,0.242513547938812,0.138939607544592,0.0613211469767127,0.570488914844653,0.330972965156252,0.392330647735363,0.224772045468652,0.0992033868529237,7.84465934439526,4.78227167304338,0.19428992279762,1.05371007383689,0.90433195127905,0.115279951821638,0.551300048066426,0.158924232400882,0.258288926143996,0.523198991596397,0.224379792612832,0.10711204377715,NA,NA,NA,NA,NA,NA,NA,NA,NA,NA,NA,NA,NA,NA,NA,NA,NA,NA,NA,NA,NA,NA
"69","SE","2016-08-09","Sample",NA,NA,NA,"SE_DN_SS-0000_2016-08-09_Sample_1","DN",1,1,0.776730256927196,13390.5493658106,160.850932429406,0.918179039,0.398231154339474,0.195318252182713,0.19814695859321,0.139875948013314,0.0684276868712888,0.652240236440235,0.319900694851584,0.324533672753734,0.229094887254186,0.112073829929292,7.2991370716254,4.15658849091775,0.22355206840845,0.982448195857882,0.915103976494049,0.125371529197803,0.521117855352346,0.147145797822643,0.25326264401698,0.530427820570531,0.25834195436287,0.116496974448592,NA,NA,NA,NA,NA,NA,NA,NA,NA,NA,NA,NA,NA,NA,NA,NA,NA,NA,NA,NA,NA,NA
"70",NA,NA,NA,NA,NA,NA,"53_NA_SS-0000_2017-07-15_Sample_1",NA,NA,NA,NA,NA,NA,NA,NA,NA,NA,NA,NA,NA,NA,NA,NA,NA,NA,NA,NA,NA,NA,NA,NA,NA,NA,NA,NA,NA,0.813750160382078,0.819740479386203,0.881624431631407,13.7889356373678,10.0169835280723,0.192918575473743,1.3543473364108,0.726450814733403,0.380321098236916,0.470387597621563,0.14929130414152,0.778794671694167,0.96322648508574,0.305708183781227,0.319511534427102,0.023171587918739,0.232109414501288,0.0227678412972454,0.100593335567571,0.171381010071174,0.0947770545944671,0.0447782175996329
"71",NA,NA,NA,NA,NA,NA,"7_NA_SS-0000_2017-07-30_Sample_1",NA,NA,NA,NA,NA,NA,NA,NA,NA,NA,NA,NA,NA,NA,NA,NA,NA,NA,NA,NA,NA,NA,NA,NA,NA,NA,NA,NA,NA,0.622927365140502,0.625017354671703,0.915370431873162,15.4619656960878,9.71978778076514,0.227265608549085,1.06184430759845,0.628625620558999,0.499143659235265,0.358993559825117,0.141862780939618,0.81343186469287,0.58503558119655,0.231187363187237,0.89063763154057,0.05760183724673,0.559877633820388,0.0581694235139872,0.270362538023608,0.527269044825084,0.252184169043765,0.127240931163213
"72",NA,NA,NA,NA,NA,NA,"24_NA_SS-0000_2017-07-20_Sample_1",NA,NA,NA,NA,NA,NA,NA,NA,NA,NA,NA,NA,NA,NA,NA,NA,NA,NA,NA,NA,NA,NA,NA,NA,NA,NA,NA,NA,NA,0.62033378509108,0.62239857754565,0.942753725951251,19.6594886611678,12.8086479941073,0.16956641804754,1.06931751632521,0.651524981898818,0.500951195183341,0.343483484303205,0.155565320513454,0.255906484446387,0.17546549799379,0.0794691671706734,0.503867716657977,0.0256297468027862,0.328282404974987,0.0353629375674154,0.150946786662657,0.307001802517136,0.137148065733048,0.0556656715196405
"73",NA,NA,NA,NA,NA,NA,"45_NA_SS-0000_2017-08-03_Sample_1",NA,NA,NA,NA,NA,NA,NA,NA,NA,NA,NA,NA,NA,NA,NA,NA,NA,NA,NA,NA,NA,NA,NA,NA,NA,NA,NA,NA,NA,0.91103057564705,0.945649011424442,0.481531445792757,Inf,Inf,0.349498896566953,1.42353120327639,0.753569718107763,0.514734869711876,0.315480170141197,0.169784960146926,2.4041187681784,1.47348050939139,0.792997003432329,0.0674190494851073,0,0.0508049541155857,0.00521069173127842,0.0230802979167756,0.0356893856619745,0.0203045519218972,0.0177562754035319
"74",NA,NA,NA,NA,NA,NA,"29_NA_SS-0000_2017-07-20_Sample_1",NA,NA,NA,NA,NA,NA,NA,NA,NA,NA,NA,NA,NA,NA,NA,NA,NA,NA,NA,NA,NA,NA,NA,NA,NA,NA,NA,NA,NA,0.621323398565229,0.621700651121171,0.938617318655582,16.1566999712074,10.2893955656984,0.179421810366512,1.07465164688981,0.636850073593923,0.51886347580064,0.360712571667053,0.120423952532307,2.16850627123753,1.50754005678898,0.503292500730686,0.280050460025383,0.0173333948469957,0.178350156077177,0.0214227586993178,0.084024797289063,0.165960901463602,0.0757917256862255,0.0319999078825172
