"","site","date","D50","psand","streambednotes","loc","trans","tssmgL","POCmgL","PO13C","POCTSSrat","DOCmgL","dism3s","lat.x","long.x","year","campaign","trannum","WatershedArea","percshale","colluvial_perc","piedmont_perc","alluvial_perc","bedrock_perc","fluvial_perc","glaciogenic_perc","organic_perc","moraine_perc","lakeperc","water_perc","scaledgpp","meanelev_m","meanslope_deg","barrenland_perc","forest_perc","grassland_perc","lichenmoss_perc","shrubland_perc","wetland_perc","percslump17act","percslump17all","slumpacccount","strahlerimpactacc","wmeanSOCC_100CM","gldistkm","meanrough","strahlerstream","RainTot24","RainTot48","RainTot72","RainTot96","NamgL","KmgL","CamgL","MgmgL","FemgL","SrmgL","ClmgL","SO4mgL","deltadpermille","delta18opermille","slope","time","lat.y","long.y","melev_m","mtemp_degC","sdtemp","mDO_perc","mDO_mgL","mcond_uscm","mpH","avgvelocity_ms","Q_m3s","maxdepth_m","avgdepth_m","bankfulwidth_m","wettedwidth_m","samplecode","filteredvol_L","chlafilter_ug","finalconc_ugL","finalconc_ugL_dlcor","DLnote","tssflux","pocflux","docflux","tssyield","pocyield","docyield","tocyield","percPOCy","percDOCy","Cayield","Nayield","Mgyield","SO4yield","Clyield","Sryield","Feyield","wateryield","streampower"
"1","0",2017-07-17,7.475,47.18614719,NA,"NA","SS-0000",424425,6743.87879966405,-26.7082799739183,1.59241530098325,6.136,0.0222769597604058,67.33891,-135.90845,2017,"2017synoptic",1,6.794182473,0.235021370015589,99.4644128909625,0,0.53558710903751,0,0,0,0,0,0,0,0.2347246047,658.196965310395,6.39851505237467,0.42421620881021,1.9709666854198,0.172337834839342,66.9740861629094,30.4583931080212,0,3.49557199014626,3.61981438948145,6,6,21.6,6.32055478062423,3.03049215588584,3,0,0.4,0.4,0.4,26.36,4.37,83.4,28.28,0.00805,210.4,1.25,313.24,-197,-25.28,0.078708913450861,"1899-12-31 14:31:00",67.33891,135.90845,466,14.8,NA,89,8.95,624,6.95,0.274799654957898,0.0222769597604058,0.15,0.118333333333333,4.87,0.66,"0-SS02BI-071717",8e-04,0.0285133700242744,35.641712530343,NA,"Below Detection Limit of 1ugL per 200 mL interpreted as 0.2 ug Chla in extraction",9454898.64631023,150233.11664917,136.69142508985,1391616.82570109,22112.0226379251,20.1188922483404,22132.1415301734,99.9090964956061,0.0909035043938776,273.454304679203,86.4299217187505,92.7252726178401,1027.06026855772,4.09853574159477,689.865536025232,0.0263945701758703,3.27882859327582,17.1832739177549
"2","14",2017-07-22,41.35714286,27.26315789,NA,"NA","SS-0000",24.9471960989202,0.813909515200091,-27.5648327681141,3.14250778069534,11.8,0.0730524894838813,67.34028,-135.07568,2017,"2017synoptic",1,25.73146868,98.2262158850136,7.40635390732989,0,0.180453264615654,0,0,0,0,92.4131928280545,2.12142804519475,0.460670751508671,0.2674930217,299.427546259819,3.37809905520062,0.159185307829058,13.2624575497663,0.0175022778293851,30.7688956524235,53.2103221211998,0,0,0,0,0,21.6,34.2187453097455,1.70456770312664,3,3.9,37.5,37.5,37.5,26.94,1.28,51.03,19.38,0.2,164.1,0.58,189.5,-154.7,-19.99,0.0378356590918413,"1899-12-31 10:20:00",67.34028,135.07568,52,6,NA,102.8,12.75,512.3,6.96,0.289822098078983,0.0730524894838813,0.17,0.119,9.19,2.05,"14-SS03MU-072217*",0.3,0.266799980408584,0.889333268028614,0.889333268028614,NA,1822.45478066869,59.4581162999856,862.019375909799,70.8259137219482,2.31071599679811,33.5005897498502,35.8113057466483,6.45247624631609,93.5475237536839,144.875855502954,76.4835498187258,55.0204601145845,537.996759118357,1.64663915719603,465.88532016529,0.567806605929664,2.83903302964832,27.0870930616401
"3","19",2017-07-22,60.125,33.08,NA,"NA","SS-0000",1872.22298534798,31.82357817514,-26.8489159105721,1.74265592365973,2.108,0.18969048051972,67.28463,-135.81267,2017,"2017synoptic",1,9.109938406,100,66.7847807659372,33.2152192340628,0,0,0,0,0,0,0,0.00988688224131336,0.2134850385,795.513025491745,8.59278030396376,26.1127008619318,0.0889819401641414,2.32849245517137,50.5346306709731,20.9253071895183,0,1.14843141799723,1.36987337776363,7,2,20.5377825319916,3.95046887847813,5.02998792450925,3,0,37.5,37.5,37.5,1.7,0.84,24.86,10.23,0.55,59.5,0.22,109.83,-157.2,-20.84,0.0524348229155489,"1899-12-31 13:11:00",67.28463,135.81267,559,6.7,NA,94.7,11.58,243,5.31,0.572848199581106,0.18969048051972,0.34,0.224,5.8,1.33,"19-SS01LI-072217",0.023,-0.0410189708491762,-1.78343351518157,NA,"Below Detection Limit of 1ugL per 200 mL interpreted as 0.2 ug Chla in extraction",355142.877730723,6036.62983589918,399.86753293557,38984.1140415196,662.642222907164,43.8935495625534,706.535772469717,93.7874979197271,6.21250208027291,517.644042753832,35.3980238407689,213.012814053568,2286.92056378332,4.5809207323348,1238.93083442691,11.452301830837,20.8223669651582,97.4745901972056
"4","20",2017-07-22,15.15714286,35.34482759,NA,"NA","SS-0000",18214.5833333334,295.33033725181,-26.9448245351716,1.57383606315912,4.318,0.0822294640619373,67.28432,-135.811577,2017,"2017synoptic",1,2.655512002,100,0,100,0,0,0,0,0,0,1.67641735072114,0.368410991435178,0.2397805363,649.133407161497,3.71095551494944,0,0.169589143648588,0,73.3849037368563,24.4006787774135,0,3.09099092038701,3.09099083644786,3,2,21.5932514411744,3.9333504724871,0.906847624756377,2,0,37.5,37.5,37.5,4.27,2.16,28.11,9.25,0.09,40,0.47,105.22,-159.4,-20.91,0.0655878091249966,"1899-12-31 14:01:00",67.28432,135.811577,548,7.8,NA,90.6,10.77,239.8,6.3,0.496625648893823,0.0822294640619373,0.16,0.131,4.7,1.22,"20-SS02LI-072217",0.004,-0.0568502097054843,-14.2125524263711,NA,"Below Detection Limit of 1ugL per 200 mL interpreted as 0.2 ug Chla in extraction",1497775.4256115,24284.8553534475,355.066825819445,564025.101179526,9145.07459772631,133.7093658594,9278.78396358571,98.5589774868761,1.4410225131239,870.44239794065,132.223018114784,286.431596618677,3258.19811850997,14.5538216660301,1238.6231205132,2.7869020211547,30.96557801283,52.8538538547821
"5","23",2017-07-20,18.33333333,40.17241379,NA,"NA","SS-0000",10214.3650793651,213.120663633538,-26.9487228048541,1.83172035783015,2.855,0.0253015573325231,67.42294,-135.76846,2017,"2017synoptic",1,13.8056319,89.1172748807889,65.1490695827938,34.8509304172062,0,0,0,0,0,0,0.325546073609374,0.301753752980242,0.2266299701,721.299260933631,12.5698296341815,19.6911912492479,2.32910266381718,1.07144380581719,59.7463675426632,16.534594911833,0,1.91983151786428,1.91983156799729,4,3,21.6,12.7051866229019,10.2381773181533,3,0,0,0,0,12.52,4.33,157.28,95.76,0.00805,407.6,0.33,701.72,-162.5,-21.13,0.065554663893585,"1899-12-31 12:04:00",67.42294,135.76846,505,17,NA,93.1,8.95,1301,6.93,0.153832193076191,0.0253015573325231,0.24,0.161,6.54,1.08,"23-SS05LI-072017",0.01,-0.0480925031041224,-4.80925031041224,NA,"Below Detection Limit of 1ugL per 200 mL interpreted as 0.2 ug Chla in extraction",258439.343670877,5392.28468966933,72.2359461843535,18719.8489386695,390.585865879079,5.23235348498271,395.818219364062,98.6780918035079,1.32190819649212,288.246779726123,22.9453820077,175.499183790523,1286.04101137726,0.604790420330751,747.007804020649,0.0147532208595835,1.83269824342652,16.2546238517947
"6","24",2017-07-20,56,4.344827586,NA,"NA","SS-0000",2.77875295195799,NA,NA,NA,2.604,0.0044155415215127,67.42281,-135.7681,2017,"2017synoptic",1,3.664340364,100,68.6631859328511,31.3368140671488,0,0,0,0,0,0,0,0,0.2319918888,717.339357872305,12.3755123673137,19.5036725589578,4.37523945628887,2.39286919460781,58.7914361232326,14.9367826669129,0,0,0,0,0,21.6,12.7184636908255,9.94666213991027,2,0,0,0,0,3.69,1.07,83.31,29.11,0.00805,263.2,0.015,291.53,-157.4,-20.82,0.0626270223321313,"1899-12-31 12:36:00",67.42281,135.7681,508,11.5,NA,83.5,9.1,609.2,7.1,0.048921353553109,0.0044155415215127,0.16,0.11875,3.5,0.88,"24-SS06LU-072017",8,0.675332557582007,0.0844165696977509,0.0844165696977509,NA,12.2696990373965,NA,11.4980701220191,3.34840593901677,NA,3.1378280890555,NA,NA,NA,100.388808793861,4.44646146260169,35.0776404271911,351.294555607662,0.0180750465959418,317.15681760346,0.00970027500648879,1.20500310639612,2.71001573126704
"7","26",2017-07-14,39.11538462,10.35353535,NA,"NA","SS-0000",1.41563458856346,0.102861702904691,-27.601087761303,8.03607053942898,1.074,0.0564686235352443,67.15805,-135.91437,2017,"2017synoptic",1,4.257982299,100,92.4889526402868,7.51104735971318,0,0,0,0,0,0,0,0,0.1565292365,800.271251574263,14.7962268089861,70.402244220089,0.355540942446362,1.05446785713755,25.5023318746712,2.68541510565595,0,0,0,0,0,19.6,0.199757044733126,12.8652335931453,NA,0,0,0,0,10.67,1.09,127.36,106.04,0.16,505.2,0.21,658.09,-167.8,-21.83,0.0524434008364732,"1899-12-31 11:42:00",67.15805,135.91437,624,7.75,0.0707106781186545,93.8,11.15,1234,6.135,0.569506183811242,0.0564686235352443,0.12,0.0944444444444444,3.4,0.99,"26-SS01LU-071417",3,0.00154252084810209,0.00051417361603403,NA,"Below Detection Limit of 1ugL per 200 mL interpreted as 0.2 ug Chla in extraction",79.9389366450605,5.80845877751914,60.6473016768524,18.7739006486322,1.3641340826812,14.2432019247932,15.6073360074744,8.7403390433057,91.2596609566943,1689.02625432185,141.503691375739,1406.28410810528,8727.47556302345,2.78498361657969,6699.87487188599,2.12189227929881,13.2618267456176,29.0217852556787
"8","27",2017-07-12,34.19230769,0,NA,"NA","SS-0000",2,NA,NA,NA,2.938,0.00989993332379877,67.14847,-135.73062,2017,"2017synoptic",1,0.867775451,90.4727857091637,63.5187631909168,36.4812368090832,0,0,0,0,0,0,0,0,0.2207185366,680.027837387334,6.59094228932644,0,0,0,82.7967245798994,17.2032754201006,0,0,0,0,0,21.6,2.15000418869546,2.56385319996026,NA,0,0,0,0,2.92,1.22,41.05,14.34,0.00805,289.4,0.13,115.22,-166.2,-21.97,0.0641620373791348,"1899-12-31 12:03:00",67.17847,135.73062,581,5.45,0.353553390593274,92.8,11.6,396.65,6.77,0.047341123789039,0.00989993332379877,0.26,0.184,17.9,1.41,"27-SS02LU-071217",2.13,0.719866939227944,0.337965699168049,0.337965699168049,NA,19.7998666475975,NA,29.0860041053208,22.8168089161554,NA,33.5178922978322,NA,NA,NA,468.315003004089,33.3125410175868,163.596519928834,1314.47636165971,1.4830925795501,3301.59225016768,0.0918376558875253,11.4084044580777,6.22495894133069
"9","29",2017-07-20,54.5,0,NA,"NA","SS-0000",0.370201686004351,0.044154043134458,-31.1882913695052,12.3631320776482,1.472,0.0356367776101462,67.36329,-136.04463,2017,"2017synoptic",1,13.84863642,39.4998735309636,57.6143117552736,0,0,0,0,0,0,42.3856882447264,0.0078780332157411,0,0.224013328,760.852060447142,6.00413637133234,15.1016475425838,0.366442566801793,0.134529238367249,59.1274783633003,25.2620242557309,0,0.0929793098501544,0.0929793357973952,0,0,12.7,3.08641717772349,2.20817449123229,3,0,0,0,0,4.42,0.9,29.05,9.87,0.00805,282.3,0.12,90.21,-165.4,-21.81,0.0436614981337897,"1899-12-31 15:30:00",67.36329,136.04463,595,10.8,NA,102.8,11.32,248.6,7.03,0.209323775768853,0.0356367776101462,0.15,0.137,8.03,1.21,"29-SS04LU-072017",1.5,0.379759959786041,0.253173306524027,0.253173306524027,NA,13.1927951550382,1.57350781577148,52.4573366421352,0.952642177534923,0.113621859080584,3.78790626392481,3.90152812300539,2.91223990955266,97.0877600904473,74.7545359830269,11.3740120153177,25.3985290930284,232.137923959685,0.308796706298218,726.444251566558,0.0207151123808388,2.57330588581848,15.2483599713728
"10","3",2017-07-22,90.47368421,0,NA,"NA","SS-0000",0.857777777777776,0.0878829604461967,-28.0590306701336,10.8052820220734,1.044,1.77502827674119,67.28441,-136.00156,2017,"2017synoptic",1,61.45302904,90.5517235943891,94.9578991374016,0,0,0,4.58551653765669,0,0,0.456584324941666,0,0.184588192367758,0.1740477157,960.064324729189,13.8891552389166,42.1207968910954,1.26483911832416,4.87538379947859,43.0857508971331,8.46277857961578,0.0058625219852213,0,0,0,0,15.7026643759332,1.24186604027067,12.3506114952137,4,1,37.5,37.5,37.5,3.25,0.73,32.09,23.96,0.00805,125.9,0.015,181.59,-161.1,-21.08,0.0189150573119624,"1899-12-31 11:46:00",67.28441,136.00156,615,6.6,NA,92.2,11.32,382.1,6.28,0.718046966882192,1.77502827674119,0.34,0.263,13,9.4,"3-SS04BU-072217",1.5,0.149653624798608,0.099769083199072,NA,"Below Detection Limit of 1ugL per 200 mL interpreted as 0.2 ug Chla in extraction",1522.57981071577,155.994739835727,1853.1295209178,24.7763183442873,2.53843858102079,30.1552185444202,32.693657125441,7.76431517367773,92.2356848263223,926.897474224564,93.8740040894308,692.068042456234,5245.10166233838,0.433264634258911,3636.53449687979,0.232518687052282,28.8843089505941,329.032663532152
"11","30",2017-07-14,34.3,15.85714286,NA,"NA","SS-0000",0.71575559162563,0.146768200772751,-28.9542955365112,19.7164510676647,1.028,0.00763874488774073,67.16476,-135.89633,2017,"2017synoptic",1,1.637125667,78.3317911998827,96.6073758113468,0,0,0,0,3.39262418865324,0,0,0.322772299492219,0.424255609021841,0.173848875,779.418367516782,11.83508509624,56.993841598904,1.10390653736746,1.08246154922206,36.3994181501034,3.63019807169971,0,0,0,0,0,19.6,-0.840288916177133,9.56276543505566,NA,0,0,0,0,2.91,0.9,35.05,28.31,0.04,100.7,0.015,205.14,-166.5,-21.87,0.0320184721885159,"1899-12-31 13:20:00",67.16476,135.89633,645,9.1,0,95,10.95,405.55,5.33,0.351828783989625,0.00763874488774073,0.04,0.03,8.47,0.59,"30-SS01FU-071417",2.475,0.403386519902902,0.162984452486021,0.162984452486021,NA,5.46747436640212,1.12112484333576,7.85262974459747,3.33967909526528,0.684812941324288,4.7965955838853,5.48140852520958,12.4933753464052,87.5066246535948,163.541512855233,13.5779116236442,132.093016517308,957.172780231741,0.0699892351734236,469.86106546425,0.186637960462463,4.66594901156157,2.39689321928429
"12","31",2017-07-29,45.88461538,6.416666667,NA,"NA","SS-0000",3.48350837772429,0.164196294962483,-27.7618567659549,4.74383751970498,0.919,0.131243263595883,67.16723,-135.89769,2017,"2017synoptic",1,4.85587127,94.2274773402322,100,0,0,0,0,0,0,0,0,0,0.1344787851,958.977870709468,16.1322937251764,71.3445496325625,0.583339466524674,0.722092864544352,26.2556650231755,1.09435301319298,0,0,0,0,0,19.6,-1.00078885369953,15.4630156018799,NA,0,0,0,2.4,13.86,1.4,104.36,125.56,0.00805,1148.6,0.11,770.18,-160.4,-20.82,0.0559207495629693,"1899-12-31 13:04:00",67.16723,135.89769,650,9.6,NA,NA,NA,1376,6.1,0.311008973493201,0.131243263595883,0.22,0.157,6.3,2.5,"31-SS02FU-072917",1.5,-0.0652710814375631,-0.0435140542917087,NA,"Below Detection Limit of 1ugL per 200 mL interpreted as 0.2 ug Chla in extraction",457.187008256136,21.5496576212285,120.612559244616,94.1513855774302,4.437856035098,24.8385001451277,29.2763561802257,15.1584985774134,84.8415014225866,2820.61575097446,374.604583255136,3393.6040024181,20816.2307309842,2.97305224805664,31044.0710192532,0.217573369062327,27.0277477096058,71.924372418647
"13","31",2017-08-01,NA,NA,NA,NA,NA,NA,NA,NA,NA,NA,NA,NA,NA,NA,NA,NA,NA,NA,NA,NA,NA,NA,NA,NA,NA,NA,NA,NA,NA,NA,NA,NA,NA,NA,NA,NA,NA,NA,NA,NA,NA,NA,NA,NA,NA,NA,NA,NA,NA,NA,NA,NA,NA,NA,NA,NA,NA,NA,NA,NA,"1899-12-31 11:53:00",67.16723,135.89769,650,9.3,0,97.4,11.12,1479.5,5.92,NA,NA,NA,NA,NA,NA,NA,NA,NA,NA,NA,NA,NA,NA,NA,NA,NA,NA,NA,NA,NA,NA,NA,NA,NA,NA,NA,NA,NA,NA
"14","32",2017-07-29,33.40909091,2.714285714,NA,"NA","SS-0000",2.53497212931996,0.12306073959054,-27.0231277609421,4.91913918951491,0.8537,0.296017796596071,67.16783,-135.89722,2017,"2017synoptic",1,8.437003145,68.7539820816219,98.5294784258482,0,0,0,0,1.47052157415186,0,0,0,0.0213508739269099,0.1461026197,924.026881657919,16.7792095126157,63.5698604567787,0.367457973517928,4.21736637594179,30.8877209641839,0.936243355650837,0,0,0,0,0,19.6,-1.03523657825522,16.6342908452478,NA,0,0,0,2.4,5.31,1.16,90.71,79.31,0.29,421.7,0.1,523.81,-157,-20.46,0.0723414392098744,"1899-12-31 10:53:00",67.16723,135.89722,663,6.5,NA,NA,NA,1038,6,0.434087304045576,0.296017796596071,0.26,0.177,5.8,3.64,"32-SS03FU-072917",1.5,0.0128264889690877,0.00855099264605844,NA,"Below Detection Limit of 1ugL per 200 mL interpreted as 0.2 ug Chla in extraction",750.396864153745,36.4281689810745,252.710392954066,88.9411620758315,4.31766687234944,29.9526251929666,34.2702920653161,12.598862198549,87.401137801451,3182.61992650112,186.304837501058,2782.64343921071,18378.2178778586,3.50856567798602,14795.621464067,10.1748404661595,35.0856567798602,209.860663687457
"15","32",2017-08-01,NA,NA,NA,NA,NA,NA,NA,NA,NA,NA,NA,NA,NA,NA,NA,NA,NA,NA,NA,NA,NA,NA,NA,NA,NA,NA,NA,NA,NA,NA,NA,NA,NA,NA,NA,NA,NA,NA,NA,NA,NA,NA,NA,NA,NA,NA,NA,NA,NA,NA,NA,NA,NA,NA,NA,NA,NA,NA,NA,NA,"1899-12-31 11:24:00",67.16783,135.89722,663,10.05,0.0707106781186545,96.7,10.87,1095.5,5.83,NA,NA,NA,NA,NA,NA,NA,NA,NA,NA,NA,NA,NA,NA,NA,NA,NA,NA,NA,NA,NA,NA,NA,NA,NA,NA,NA,NA,NA,NA
"16","35",2017-07-20,6.8,28.91666667,NA,"NA","SS-0000",6.025,0.915583635166625,-28.8905001429127,14.3059942994785,11.3,0.00378083315137195,67.31586,-135.55933,2017,"2017synoptic",1,2.912410106,100,0,0,11.5760505499384,0,0,0,0,88.4239494500616,9.015419763398,0.687111400106325,0.2371299889,362.278557065422,3.5571558676528,1.7439926018799,1.39020854340554,0,68.1838280263331,18.979439664856,0,0,0,0,0,21.6,15.1765548098325,0.998944386850693,2,0,0,0,0,1.65,0.81,9.85,4.17,0.89,50.6,0.12,9.34,-147.7,-17.84,0.0832722208502106,"1899-12-31 14:24:00",67.16669,135.8998,705,15.2,NA,92.4,9.13,85.7,7.09,0.0991085759090826,0.00378083315137195,0.11,0.0933333333333333,4,0.42,"35-SS02OI-072017",0.216,0.190819657751713,0.883424341443116,NA,"Below Detection Limit of 1ugL per 200 mL interpreted as 0.2 ug Chla in extraction",22.779519737016,3.46166896069162,42.723414610503,7.82153574116735,1.18859255211348,14.6694363278325,15.858028879946,7.49520990983036,92.5047900901696,12.7870750291284,2.14199733990475,5.41341145903201,12.1250031240669,0.155781624720346,65.6879184237457,1.15538038334256,1.29818020600288,3.08541605715266
"17","36",2017-07-20,44.42592593,0,NA,"NA","SS-0000",1.34666666666667,0.116422315556206,-29.4988875552999,9.31378524449651,1.948,0.0550521203528723,67.27912,-135.67836,2017,"2017synoptic",1,42.50411543,56.308731145675,54.8788630638765,39.4386243442731,4.26810921448422,0,0,0,1.41440337736615,0,0.0776131751596511,0.150134978126593,0.205613316,731.836727754508,10.5059200266148,22.3207374176,1.60316772226275,2.68714697378465,59.7760577376827,13.3851419953743,0,1.29383497967082,1.49796129227784,17,12,20.4705213219445,8.98821876946282,8.83322735326991,3,0,0,0,0,5.79,1.52,62.92,25.85,0.2,236.3,0.015,246.48,-160.5,-20.93,0.0567870074760126,"1899-12-31 10:16:00",67.27912,135.67836,45,12.3,NA,91.3,9.74,519.9,5.35,0.150919263554814,0.0550521203528723,0.17,0.126,2.66,2.86,"36-SS03OI-072017",1.5,0.413900579751241,0.27593371983416,0.27593371983416,NA,74.1368554085349,6.40929532776033,107.241530447395,1.74422769791859,0.150792347115559,2.52308580857332,2.67387815568888,5.63946217200423,94.3605378279958,81.4951535294832,7.49931562199154,33.4814004885114,319.245477462604,0.0194282788134496,306.060152241209,0.259043717512661,1.29521858756331,30.6372026664793
"18","37",2017-07-20,40.38235294,0,NA,"NA","SS-0000",278.73476702509,7.05570523080893,-27.4173183123461,2.51689841764885,1.728,0.136041708451086,67.27955,-135.67537,2017,"2017synoptic",1,26.33408465,99.3164239003956,23.3321180103414,71.6419552435907,4.2455125182998,0,0,0,0.780414227768086,0,0.0916717238058918,0.116466874405976,0.2255428533,628.358304807785,6.84359991055602,8.33340813234859,0.222407825960611,1.00571785145854,69.5416066828291,20.6887209092036,0,0.526794235705614,0.662676688484999,6,5,21.1102629383491,9.05579300620325,4.50283624800461,3,0,0,0,0,12.72,1.65,66.66,19.07,0.00805,244.7,0.35,211.35,-161.8,-21.44,0.0547448367083354,"1899-12-31 10:55:00",67.27955,135.67537,425,13.3,NA,97.6,10.22,508.1,6.2,0.267534771873324,0.136041708451086,0.21,0.151,2.108,3.03,"37-SS04OI-072017",0.05,-0.0376746817898649,-0.753493635797297,NA,"Below Detection Limit of 1ugL per 200 mL interpreted as 0.2 ug Chla in extraction",37919.5539108087,959.870193926511,235.080072203477,1439.94197690136,36.4497269103489,8.92683665780943,45.3765635681583,80.3272086825156,19.6727913174844,344.365122459246,65.711436508875,98.5154948289502,1091.8327127477,1.80809770268131,1264.11859384605,0.0415862471616701,5.16599343623231,72.9862949238412
"19","38",2017-07-20,16.4,28.83333333,NA,"NA","SS-0000",1877.22222222222,64.5341827551479,-27.1379726670213,3.61030393035792,9.679,0.0691890009587836,67.36964,-135.65767,2017,"2017synoptic",1,4.17658057,34.7276231018914,0,91.2878753372135,0,0,0,0,8.71212466278651,0,3.80905811568245,1.01280881454909,0.2485181358,420.574556790258,2.8246829130568,0,0.614297960174312,0,85.4847726823177,9.07906242726684,0,1.12825100356091,1.48167038080152,3,2,21.6,15.1285591402933,0.618199100031191,2,0,0,0,0,27.65,1.91,17.04,7.28,1.12,164.9,1.4,35.17,-157,-19.52,0.0247424487287255,"1899-12-31 13:55:00",67.36964,135.65767,379,15.3,NA,91.3,9.16,232.3,7.2,0.169408355906217,0.0691890009587836,0.09,0.08,NA,5.2101,"38-SS01OI-072017",0.018,-0.00560319030740479,-0.311288350411377,NA,"Below Detection Limit of 1ugL per 200 mL interpreted as 0.2 ug Chla in extraction",129883.130133183,4465.05563252024,669.680340280066,31097.9587143899,1069.0696749854,160.341774582375,1229.41144956778,86.9578427434732,13.0421572565268,282.283690348555,458.048359045631,120.600074280369,582.624259950627,23.192321976994,2731.7242100045,18.5538575815952,16.5659442692814,16.7766720263815
"20","40-alt1",2017-08-09,38.5,16.41666667,NA,"NA","SS-0000",1.21812080661297,0.0874941217673082,-28.7696949516985,7.16707167668377,3.758,0.0188238311898529,67.13908,-136.01559,2017,"2017synoptic",1,1.243442443,100,94.2259206250597,0,0,0,5.77407937494034,0,0,0,0,0,0.1810567006,747.234703018977,10.4100870863017,54.3050356602483,0,0,45.081645348046,0.507038599404232,0,0,0,0,0,19.6,0.1774908330936,6.77978248572314,NA,0,0,0,0,1.62,0.15,5.3,3.83,0.1,0.00785,0.015,31.29,-154.4,-20.19,0.0700780699958852,"1899-12-31 13:53:00",67.13908,135.01559,660,10,0,94,10.6,79.35,4.96,0.37846770640718,0.0188238311898529,0.22,0.2,6.76,0.24,"40-SS02BU-alt1-080917",1.5,0.0561578889390131,0.0374385926260088,NA,"Below Detection Limit of 1ugL per 200 mL interpreted as 0.2 ug Chla in extraction",22.92970043253,1.64697457825224,70.7399576114672,18.440500050174,1.3245281979266,56.8904158046881,58.2149440026147,2.27523743365125,97.7247625663487,80.2339552327959,24.5243410334206,57.9803865172846,473.683105515884,0.227077231790932,0.118837084637254,1.51384821193955,15.1384821193955,12.9275500451897
"21","42",2017-07-15,12.92857143,36.57142857,NA,"NA","SS-0000",5388.11111111111,114.242998350656,-26.9309832268687,2.10702689691361,1.161,0.0254319503058187,67.18324,-135.80646,2017,"2017synoptic",1,4.231788471,43.3188127035748,100,0,0,0,0,0,0,0,0,0.20037340793289,0.1764943429,885.13107354651,13.2361725943226,58.0104348583087,0,4.58758268677873,33.3390792608237,2.34401369983027,0,0.0905526802086102,0.0905527033882217,1,1,19.6,0.499711859631769,10.8918513564232,NA,0,0,0,0,2.88,1.17,35.2,13.84,0.19,111,0.49,138.14,-163.2,-21.49,0.0699410849174919,"1899-12-31 10:51:30",67.18324,135.80646,736,3.7,0,75.8,9.99,333.25,6.095,0.153813690882723,0.0254319503058187,0.21,0.16,12.9,0.9898,"42-SS01BI-071517",0.01,-0.0515089710639943,-5.15089710639943,NA,"Below Detection Limit of 1ugL per 200 mL interpreted as 0.2 ug Chla in extraction",137030.174020007,2905.42225684161,29.5264943050555,32381.1492372695,686.570767124152,6.97730865032538,693.548075774477,98.9939689988277,1.00603100117233,211.542863472397,17.3080524659234,83.1748076834653,830.185544320369,2.9447728153828,667.081188790798,1.14185068351578,6.00974043955674,17.4316343203757
"22","45",2017-08-03,35.14,23.41666667,NA,"NA","SS-0000",0.558928571428571,0.0285878037720078,-27.8414827413358,4.64842337756224,0.7205,0.208666933787836,67.12401,-136.08083,2017,"2017synoptic",1,11.2852774,100,100,0,0,0,0,0,0,0,0,1.14736458843419,0.1427002503,911.573398230187,13.5910304875606,58.7692351491492,0.710300358816114,2.48981325125035,35.9610594169333,0.922227235416802,0,0,0,0,0,12.7952847000747,-1.11232297071097,11.9518883429535,NA,0,0,0,0.1,12.33,0.78,53.76,64.48,0.28,324.8,0.015,933.52,-156.2,-20.23,0.0494921671581982,"1899-12-31 12:55:00",67.12401,136.08083,647,11,0,92.6,10.15,1528.5,4.315,0.400729878110347,0.208666933787836,0.25,0.166,11.67,2.9,"45-SS03BU-alt2-080317",2.115,0.0119362825288393,0.00564363240134247,NA,"Below Detection Limit of 1ugL per 200 mL interpreted as 0.2 ug Chla in extraction",116.629911206415,5.9653293568332,150.344525794136,10.3346960001546,0.528593949922152,13.3221825627552,13.8507765126774,3.81634884829987,96.1836511517001,994.032664224458,227.984054127373,1192.24751095969,17260.963033981,0.277352863901913,6005.61401302277,5.17725345950238,18.4901909267942,101.208311920679
"23","48",2017-07-12,1,63.51118761,NA,"NA","SS-0000",26285,529.162389499798,-27.0834921662548,2.0534046934412,6.855,0.00526440442121751,67.17965,-135.73062,2017,"2017synoptic",1,1.09097012,24.0285912206883,100,0,0,0,0,0,0,0,0,0,0.2165484154,708.132386003101,6.93377655477171,11.0646930325756,0,0,83.7277029165707,5.20760405085365,0,1.64220479334464,1.64220475269746,1,1,21.6,2.15360710160752,3.15019855912095,NA,0,0,0,0,18.08,5.85,57.67,18.52,0.03,111.1,1.12,225.77,-168.6,-21.79,0.087506570245037,"1899-12-31 14:20:30",67.17965,135.73062,575,10.65,0.494974746830583,92.4,10.16,616.05,7.24,0.179619711898827,0.00526440442121751,0.06,0.05,6.1,0.51,"48-SS08LI-071217",0.002,-0.0555509894953922,-27.7754947476961,NA,"Below Detection Limit of 1ugL per 200 mL interpreted as 0.2 ug Chla in extraction",138374.870211702,2785.72482282476,36.087492307446,126836.535368817,2553.43823974277,33.0783507686224,2586.51659051139,98.7211235802635,1.27887641973649,278.282784657396,87.2438485626101,89.3670395674524,1089.43825718919,5.40448619414399,536.105728722676,0.144763023057428,4.82543410191428,4.51456575777882
"24","53",2017-07-15,31.37272727,4.083333333,NA,"NA","SS-0000",0.164590163934427,0.0671305043556534,-28.8205826180717,33.3310759998419,1.505,0.0122418648940588,67.17613,-135.7614,2017,"2017synoptic",1,1.752290269,72.325273478623,97.0836259979553,2.91637400204466,0,0,0,0,0,0,0.0405694077163077,0,0.1913991969,873.260428237537,14.6349810343309,34.6821993043128,0,0.136678894186973,62.5668910779353,2.57366131584614,0,0,0,0,0,20.0281268497863,1.46960030483457,13.0213036226596,NA,0,0,0,0,16.02,1.82,148.84,190.22,0.08,485.4,0.015,1136.37,-160.1,-20.99,0.0466254914083983,"1899-12-31 13:12:30",67.17613,135.7614,619,12.7,0,93.3,9.83,1835,4.69,0.119899475040598,0.0122418648940588,0.14,0.1275,7.51,0.8,"53-SS01LU-alt2-071517",6.925,1.15864247573629,0.167312992886107,0.167312992886107,NA,2.01489054977624,0.821802564591935,18.4240066655585,1.14986117621146,0.468987689500166,10.5142435539933,10.9832312434935,4.27003382795929,95.7299661720407,1039.8272495524,111.919057631211,1328.91655072466,7938.91757305741,0.104793125122857,3391.10552897566,0.558896667321905,6.98620834152381,5.59367307111897
"25","57",2017-07-30,1,50.41666667,NA,"NA","SS-0000",91803.3333333333,1431.46882874071,-26.791307297889,1.4264761621731,7.361,0.00986553611343824,67.26318,-135.21683,2017,"2017synoptic",1,2.472676752,100,12.1293650407816,8.26158303448384,0,0,0,0,0,79.6090519247346,3.21840727276993,0.85795998660629,0.2631652494,379.514895704367,4.89357337190363,0.50997605217612,44.2662735939701,0.565973608808056,6.25191120252093,42.8240889013628,0,2.10535754800229,2.48089623513175,1,1,21.6,25.1995856462381,1.87909325713805,3,0,0,0,0,17.64,2.51,72.62,16.59,0.00805,195.6,1.04,428.55,-156,-19.92,0.0904400318022418,"1899-12-31 11:50:00",67.26318,135.21683,239,8,NA,NA,NA,955,7.6,0.362587192148153,0.00986553611343824,0.05,0.0366666666666667,19.6,0.6999,"57-SS06MI-alt1-073017",0.003,0.0595262376318446,19.8420792106149,NA,"Below Detection Limit of 1ugL per 200 mL interpreted as 0.2 ug Chla in extraction",905689.100334008,14122.2074252026,72.6202113310189,366278.810847981,5711.3035150187,29.3690678622997,5740.672582881,99.488403711616,0.511596288384046,289.740756440729,70.3804316113255,66.1911202058895,1709.83752647583,4.14941320157475,780.408867526943,0.032118054108343,3.98982038612957,8.74394611848609
"26","6",2017-07-17,16.98,37.71428571,NA,"NA","SS-0000",22.2422392023685,0.581767659410184,-27.2254464996755,2.45221833181619,9.709,0.00710766936384575,67.35889,-135.30692,2017,"2017synoptic",1,4.976088038,99.5355312553526,8.78939813259981,0,0,0,0,0,0,91.2106018674002,3.16259863299208,0.857100558276445,0.2585070316,331.332243269648,4.53304381129388,0,17.1980135584237,0.287427338991691,33.3150979446181,45.1797619664838,0,0,0,0,0,21.6,27.0246185904593,2.01529292291033,3,0,0.4,0.4,0.4,40.28,1.6,98.64,28.16,0.04,350.8,0.4,256.18,-158.2,-20.35,0.0699303796395377,"1899-12-31 11:34:00",67.35889,135.30692,148,8,NA,101,11.87,764,6.98,0.226754953803018,0.00710766936384575,0.08,0.0725,4.45,0.43,"6-SS02MI-071717",0.79,-0.00204236454641145,-0.00258527157773602,NA,"Below Detection Limit of 1ugL per 200 mL interpreted as 0.2 ug Chla in extraction",158.090482162003,4.13501216966601,69.0083618535784,31.7700331977132,0.830976489581556,13.8679945625147,14.6989710520962,5.65329700042541,94.3467029995746,140.893911179982,57.534537128241,40.2227548543015,365.918513443713,0.571345949634965,501.070397829864,0.0571345949634965,1.42836487408741,4.87101176626724
"27","7",2017-07-30,1,69.35294118,NA,"NA","SS-0000",720.803571428571,14.2231774030972,-27.039019180909,2.0158834114626,9.175,0.0655267811056021,67.25775,-135.23975,2017,"2017synoptic",1,11.20312906,100,12.5777509053533,27.6035755096967,0,0,0,0,0,59.81867358495,0.335204312047165,0.0443614264235065,0.2570060744,426.810842004562,4.75253480958327,0.0637912619367082,8.59547163549466,0.70030900765138,39.9109391407167,49.3414615277482,0,0.933471310093295,0.933471311156727,2,4,21.6,24.114270192922,1.69947289070302,3,0,0,0,0,20.11,1.86,71.2,19,0.08,132.2,0.96,218.37,-152.2,-19.95,0.0261859215691869,"1899-12-31 14:17:00",67.25775,135.23975,278,17.3,NA,100.9,9.67,566.5,7.4,0.453950552554062,0.0655267811056021,0.13,0.112,6.55,1.27,"7-SS03MI-073017",0.019,-0.0766512880926296,-4.03427832066472,NA,"Below Detection Limit of 1ugL per 200 mL interpreted as 0.2 ug Chla in extraction",47231.9378451362,931.999032318896,601.208216643899,4215.95945134423,83.1909573947992,53.664312302754,136.855269697553,60.7875440811663,39.2124559188337,416.446761412108,117.622814213448,111.130455994804,1277.23987766239,5.61501251342168,773.23401486911,0.467917709451806,5.84897136814758,16.8156156769832
"28","71",2017-08-05,12.5,34.14285714,NA,"NA","SS-0000",2.68,0.221989503999164,-28.9837701832528,9.32729008399848,7.38,0.000936977133296152,67.19936,-135.6806,2017,"2017synoptic",1,0.328326023,100,0,100,0,0,0,0,0,0,0,0,0.2478756556,528.740544546755,5.80999445495851,0,0,0,83.0141587312369,16.9858412687631,0,0,0,0,0,21.6,3.96783535950284,1.8053466162035,NA,8.3,10.1,10.1,10.1,0.68,0.29,11.65,4.6,0.22,24.9,0.015,23.56,-154.2,-20.35,0.0524077792830412,"1899-12-31 11:35:00",67.19936,135.6806,471,6.9,0,92.5,11.27,104.45,6.66,0,0,0.04,0.04,5,0.28,"71-SS05LU-080517",1.5,0.661498268307877,0.440998845538585,0.440998845538585,NA,2.51109871723368,0.207999089078971,6.9148912437256,7.64818668434845,0.63351386886251,21.0610513919745,21.694565260837,2.92015009863382,97.0798499013662,33.2467816689028,1.94058468110334,13.1274846074638,67.2355515982275,0.0428070150243384,71.0596449404018,0.627836220356963,2.85380100162256,0
"29","9-alt",2017-07-17,27.3,37.71428571,NA,"NA","SS-0000",1024.83796296296,19.9592199094684,-26.9239790889669,2.05236194441834,11.43,0.0153083781096081,67.35922,-135.3075,2017,"2017synoptic",1,32.82675451,99.76063948319,15.3286676843366,18.5691459667409,0,0,0,0,0,66.1021863489225,2.22751859620016,0.51616065614886,0.2592360865,349.17211030832,4.53526257330153,0.187610347935402,10.3817212455055,0.229425149048315,58.6471811000977,27.8103829022068,0,0.194963426958613,0.241084433207055,7,3,21.6,26.9758424680768,2.18538952037041,3,0,0.4,0.4,0.4,81.84,3.27,141.38,45.24,0.00805,460.2,0.94,473.37,-155,-19.75,0.0116362668365784,"1899-12-31 10:36:00",67.35922,135.3075,758,11,NA,100.8,11.09,1192,6.13,0.143141132234418,0.0153083781096081,0.07,0.051,1.361,2.06,"9-SS05MI-071717",0.034,0.0311118104444587,0.915053248366434,NA,"Below Detection Limit of 1ugL per 200 mL interpreted as 0.2 ug Chla in extraction",15688.6070381175,305.54328514696,174.974761792821,477.92135629303,9.30775185386915,5.33024858547981,14.638000439349,63.5862247199326,36.4137752800674,65.9309313224091,38.1651394781862,21.0971518816366,220.750636299963,0.438358151386791,214.608958795959,0.00375402459432305,0.466338458922118,1.74569725068263
"30","SC-4B",2017-07-25,NA,NA,NA,"NA","SS-0000",364.809523809524,7.77935891584205,-27.0740989532461,2.15345575525039,3.7999,5.25087499259686,67.35751,-135.78325,2017,"2017transect",1,235.6075011,65.3993591988987,66.4345300993511,14.6909703529975,2.85144794970082,0,1.43641669788697,0,0.73869396761595,13.8479409324477,0.0588097281336861,0.165555025806312,0.2064992925,780.790123966661,10.9752791005126,24.6921868459042,2.14821176230991,2.16229057454115,51.3240449914755,19.4473719525235,0.0015291193061794,0.253390910749049,0.299889793730802,21,15,17.5186885799379,10.7518929160215,8.82592574810444,5,2.7,20.7,38.9,38.9,NA,NA,NA,NA,NA,NA,NA,NA,NA,NA,NA,NA,NA,NA,NA,NA,NA,NA,NA,NA,NA,NA,NA,NA,NA,NA,NA,NA,NA,NA,NA,NA,NA,1915569.2056326,40848.4411896304,19952.7998843688,8130.34048869083,173.374960469926,84.6866071377759,258.061567607701,67.1835647892699,32.8164352107301,NA,NA,NA,NA,NA,NA,NA,22.2865357345656,NA
"31","1",2017-08-03,NA,NA,NA,"NA","SS-0000",1.13974415599478,0.122240235368529,-28.1860785742415,11.2496448491327,2.93,0.0177505024883564,67.13112,-136.05009,2017,"2017synoptic",1,0.958454483,100,100,0,0,0,0,0,0,0,0,0,0.1963546817,763.9220618858,9.99417936984734,38.707492941838,0,0,52.2078006759768,8.73934540493947,0,0,0,0,0,19.6,-0.426071342000547,6.44751278150899,NA,0,0,0,0.1,2.19,0.11,6.48,10.64,0.13,0.00785,0.015,61.83,-156.4,-20.07,0.0847250780442559,"1899-12-31 10:35:00",67.13112,136.05009,753,5.3,0,91.7,11.6,150.05,5.66,0.131841134699892,0.0177505024883564,0.42,0.39,6.5,0.3501,"1-SS02BU-080317",1.5,0.0550511457970827,0.0367007638647218,NA,"Below Detection Limit of 1ugL per 200 mL interpreted as 0.2 ug Chla in extraction",20.231031477075,2.16982560208635,52.0089722908842,21.1079731337383,2.26387965268283,54.2633721406301,56.5272517933129,4.0049349311382,95.9950650688618,120.009096065284,40.5586296887304,197.05197255164,1145.08679162292,0.277798833484455,0.145381389523531,2.40758989019861,18.519922232297,14.7383445447774
"32","10",2017-07-22,NA,NA,NA,"NA","SS-0000",27601.25,175.656045483018,-27.0369251771454,0.656044987798386,9.976,0.0672266449303294,67.2708,-135.37079,2017,"2017synoptic",1,105.7384634815,91.9075169362564,27.5587198144479,44.8913888841822,2.87135717790259,0,0,0,2.56772890603101,22.1108052174363,1.22416337347444,0.194516877074997,0.250540446373062,449.828126537548,5.64077872296588,2.09223740175487,6.71129426774364,0.673480290566369,58.8962536568112,30.1997168237932,0.0076664190522851,0.536818423679909,0.590872263334586,7,16,21.5471401600267,19.4001576390015,2.84464457549354,4,0,37.5,37.5,37.5,13.41,1.97,45.44,13.26,0.12,64.8,2,137.75,-155,-20.55,0.0494963332489907,"1899-12-31 17:16:00",67.2708,135.37079,241,10.2,NA,95.7,10.72,376.3,7.36,0.429951429980325,0.0672266449303294,0.16,0.12,20.85,1.24,"10-SS06MI-072217",0.004,-0.0574757601770102,-14.3689400442525,NA,"Below Detection Limit of 1ugL per 200 mL interpreted as 0.2 ug Chla in extraction",1855539.43338325,11808.7665995526,670.653009824966,17548.3865784365,111.679006964374,6.34256435873313,118.021571323107,94.6259278811251,5.37407211887488,28.8899483220563,8.52584082303641,8.43047347602258,87.5790136743673,1.27156462685107,41.1986939099746,0.0762938776110641,0.635782313425534,32.6092297226949
"33","12-1",2017-08-09,NA,NA,NA,"NA","SS-0000",6.06507936507937,1.10346520155059,-28.3154753748406,17.9425236024486,24.46,3.55574147667852e-05,67.2702,-135.07635,2017,"2017synoptic",1,0.211774287,100,0,0,0,0,0,0,0,100,0,0,0.2685050167,345.925433325146,3.03479205934939,0,16.6923445032105,0,8.04673752489151,70.9945097768108,0,0,0,0,0,21.6,31.2565358071998,0.460677004764547,1,0,0,0,0,8.27,0.91,50.24,18.41,2.42,108.4,0.26,158.24,-150.9,-19.98,0.0787713509849876,"1899-12-31 11:07:00",67.2702,135.07635,322,14.05,1.06066017177982,56.6,5.9,424.8,6.19,0.00209161263334031,3.55574147667852e-05,0.05,0.05,4.65,0.34,"12-SS01MU-080917",0.5,0.83275473970484,1.66550947940968,1.66550947940968,NA,0.215658542577597,0.0392363698522486,0.869734365195566,1.01834148815997,0.18527447504639,4.10689313379941,4.2921676088458,4.31657129755499,95.683428702445,8.43541745879323,1.38855299331648,3.09108350749171,26.5688785565175,0.0436546285685955,18.2006220647529,0.406323850523082,0.167902417571521,0.0274488748673895
"34","13",2017-07-13,NA,NA,NA,"NA","SS-0000",4.94174488395109,1.79924263473865,-29.2770176591351,33.1110623753988,13.36,0.004640625,67.22099,-135.50356,2017,"2017synoptic",1,2.259198546,100,0,53.8612701795831,0,0,0,0,0,46.1387298204169,0.476443085208316,0.0523655553363364,0.2629929184,376.530495818196,2.21541253341587,0,0,0,85.9118143363968,13.55937702195,0,0,0,0,0,21.6,11.9843263652641,0.356833477304614,NA,0,0,0,0,0.43,0.06,1.48,0.83,1.26,0.00785,0.03,0.73,-151.3,-19.77,0.0700554792582109,"1899-12-31 10:50:30",67.22099,135.50356,350,11.2,0,26,2.85,16.45,4.635,0.234375,0.004640625,0.11,0.11,2.31,0.18,"13-SS02MU-071317",0.415,0.0944608255032115,0.22761644699569,NA,"Below Detection Limit of 1ugL per 200 mL interpreted as 0.2 ug Chla in extraction",22.9327848520855,8.34961035183405,61.99875,10.1508496863584,3.69582849042523,27.442807144937,31.1386356353622,11.8689480608717,88.1310519391283,3.04007145018763,0.883264002419378,1.70490493490252,1.49949470178174,0.0616230699362357,0.0161247032999817,2.5881689373219,2.05410233120786,3.18599184263982
"35","SC-9A",2017-07-25,NA,NA,NA,"NA","SS-0000",938.1045751634,15.8430529091127,-26.9293330474775,1.65895841980238,6.6201,16.2742518565239,67.39,-134.9838,2017,"2017transect",1,997.9728281,80.2218528991294,34.4252742022423,29.436913080231,4.81437838426244,0.0419811023636893,0.337811206600999,0.192216755160362,2.06352294619174,28.6879023229475,0.774550070213205,0.646066650769695,0.2394159985,499.866828653906,7.15913797324321,8.4675524701015,12.4253539271425,0.966581279466324,48.322111935612,28.3474594698892,0.00180506147042578,0.378796048587207,0.464029645750781,109,94,20.5506001067033,40.4484835522246,4.81559049191755,6,2.5,20.5,38.7,38.7,NA,NA,NA,NA,NA,NA,NA,NA,NA,NA,NA,NA,NA,NA,NA,NA,NA,NA,NA,NA,NA,NA,NA,NA,NA,NA,NA,NA,NA,NA,NA,NA,NA,15266950.1239665,257833.833219134,107737.174715374,15297.9617220968,258.357568421991,107.956020125809,366.3135885478,70.529070310008,29.470929689992,NA,NA,NA,NA,NA,NA,NA,16.3073095762615,NA
"36","8",2017-07-22,NA,NA,NA,"NA","SS-0000",3.70231066499723,0.191196564744909,-27.6149302304724,5.64324662462945,3.103,0.17633929656367,67.33733,-135.91872,2017,"2017synoptic",1,8.660237387,9.73587865007243,37.6228820467238,35.1856388233572,1.39008400977288,0,0,0,0,25.8013951201461,0,0,0.2264098959,723.026080080656,10.0624023851872,20.8632283542163,6.29875592128075,0.65520931517072,58.8653691639787,13.3174372453535,0,0,0,0,0,16.1143958199781,5.85683326898325,6.5966145615143,2,0,37.5,37.5,37.5,2.4,0.61,22.82,7.85,0.00805,98.7,0.015,75.1,-158.9,-20.95,0.0436915159151189,"1899-12-31 16:02:00",67.33733,135.91872,490,8.3,NA,95.2,11.2,203.2,7,0.388416963462751,0.17633929656367,0.24,0.188,1.073,2.38,"8-SS04MI-072217",1.5,0.454080167730016,0.302720111820011,0.302720111820011,NA,652.862858325785,33.7154677325074,547.180837237068,75.3862543428435,3.89313435947128,63.1831222153851,67.0762565748563,5.80404238141492,94.1959576185851,464.659635499545,48.8686733215998,159.841285656066,1529.18223602173,0.305429208259999,2009.72419035079,0.163913675099533,20.3619472173332,75.5044055862701
"37","SC Outlet",2017-07-10,NA,NA,NA,"NA","SS-0000",1001.23359535202,17.8832618029305,-26.9519813598116,1.98624089838181,4.396,3.05486147286284,67.39014,-134.94226,2017,"2017transect",1,1028.508895,80.0070868169883,33.7179313941642,28.5619433064953,5.12714176104551,0.0423640004491967,0.327770255832843,0.186503389417409,2.00218770358641,30.0341581890092,0.773848957870396,0.65286422392288,0.2408334854,489.344130851375,7.04569763271861,8.21615895557748,13.3578962445474,0.940439891023555,46.9524803415519,29.0574812662184,0.00175147092598162,0.36754995707749,0.450253050678763,109,94,20.5691822879214,41.9682073413434,4.71085548683871,6,0,0,0,0,16.42,1.73,56.48,17.18,0.05,257.5,0.92,159,-160,-20.78,NA,"1899-12-31 15:45:10",67.39014,134.94226,NA,18.2666666666667,0.832666399786452,92.4333333333333,8.66,463.3,7.56666666666667,0.171601069939367,3.05486147286284,1.11,0.613,47.1,28.8,"StonyCreek-071017",0.04,-0.0611087648385642,-1.5277191209641,NA,"Below Detection Limit of 1ugL per 200 mL interpreted as 0.2 ug Chla in extraction",3058629.93577682,54630.887490892,13429.171034705,2973.84879279709,53.1165921427369,13.0569323221119,66.1735244648488,80.2686460669816,19.7313539330184,167.756036749972,48.7704341967872,51.0277746346409,472.259381077294,2.73257000371768,764.822582562284,0.148509239332482,2.97018478664965,NA
"38","SC Outlet",2017-08-07,NA,NA,NA,"NA","SS-0000",652.932415946908,12.0640331362442,-27.1547013313304,1.83232581048666,3.712,NA,67.38822,-134.92104,2017,"2017transect",1,1030.128605,79.8813083156845,33.6648549659435,28.5169830769951,5.27648403212218,0.0422973139789415,0.327254302637103,0.186209808721559,1.99903599861698,29.9868805009846,0.788811320463124,0.678348599759795,0.2408777084,488.59217212293,7.03690299649785,8.20324064321835,13.4506894742664,0.938961232159613,46.8786566959327,29.012538681834,0.00174871707851688,0.366972056238574,0.44954511531768,109,94,20.5534782288543,42.6197409461438,4.70418739094878,6,0,0,8.3,10.1,13.12,1.5,57.45,20.99,0.00805,195.1,1,192.77,-157.3,-20.43,NA,"1899-12-31 11:38:40",67.38822,134.92104,3,15.7333333333333,0.152752523165195,96.65,9.55,494.866666666667,7.28,0.103644833728122,0.672405234842507,3.15,2.35666666666667,NA,2.641,"StonyCreek-080717",0.051,-0.052326998603682,-1.02601958046435,NA,"Below Detection Limit of 1ugL per 200 mL interpreted as 0.2 ug Chla in extraction",NA,NA,NA,NA,NA,NA,NA,NA,NA,NA,NA,NA,NA,NA,NA,NA,NA,NA
"39","DC-3",2017-07-27,NA,NA,NA,"NA","SS-0000",5304,115.90069307178,-26.7594325759584,2.10728532857782,NA,0.494745174361091,67.29575,-135.17517,2017,"2017transect",1,34.80724847,99.8585350074388,17.660878834622,13.914350726099,0,0,0,0,0,68.424770439279,1.2526455198643,0.204028919080453,0.2620487494,356.398090182959,5.85263522529824,0.178384781825257,40.7630245502424,0.735900025613939,16.0797380738085,40.027713182448,0,1.95966111012117,2.11370783354636,4,10,21.6,28.1756240733722,3.00299010998718,4,NA,NA,NA,NA,NA,NA,NA,NA,NA,NA,NA,NA,NA,NA,NA,NA,NA,NA,NA,NA,NA,NA,NA,NA,NA,NA,NA,NA,NA,NA,NA,"DC-3-072715",0.01,-0.016742800627269,-1.6742800627269,NA,"Below Detection Limit of 1ugL per 200 mL interpreted as 0.2 ug Chla in extraction",2624128.40481123,57341.3086023691,NA,75390.2856490635,1647.39561794984,NA,NA,NA,NA,NA,NA,NA,NA,NA,NA,NA,14.2138547603815,NA
"40","DC-4",2017-07-27,NA,NA,NA,"NA","SS-0000",1847,34.6092772008123,-27.1040442872763,1.88093897830502,NA,11.5266210345706,67.32426,-135.13873,2017,"2017transect",1,225.956106,95.3728636884449,21.7836636260528,25.6498556802631,2.36989184152089,0,0,0.0871092286185529,1.22378278645458,48.88569683709,1.38365928119656,0.217900256645392,0.2546200833,376.598207348747,5.64200627948474,1.19478263565056,22.3534329735232,0.79789086003518,42.1500429548372,31.7815374156726,0.00358760119557979,0.601230787384944,0.671334691440595,14,29,21.5752635457009,30.9937823698034,3.07141998584599,5,NA,NA,NA,NA,NA,NA,NA,NA,NA,NA,NA,NA,NA,NA,NA,NA,NA,NA,NA,NA,NA,NA,NA,NA,NA,NA,NA,NA,NA,NA,NA,"DC-4-072717",0.024,-0.0179457823032803,-0.747740929303345,NA,"Below Detection Limit of 1ugL per 200 mL interpreted as 0.2 ug Chla in extraction",21289669.0508518,398928.022574167,NA,94220.3750442214,1765.51114123982,NA,NA,NA,NA,NA,NA,NA,NA,NA,NA,NA,51.0126556817658,NA
"41","SC-1A",2017-07-27,NA,NA,NA,"NA","SS-0000",3.48148148148148,NA,NA,NA,1.04,0.912813192696413,67.29198,-135.96233,2017,"2017transect",1,19.11339662,79.8334699852332,100,0,0,0,0,0,0,0,0,0.259284640945223,0.1307066944,1027.25222617978,17.4955331817302,57.7616214476898,0.527778855097382,4.67113789381755,32.9975743595601,3.78260280288985,0,0,0,0,0,19.6,1.96377342799129,18.7729999706859,3,0,2.4,3,21,NA,NA,NA,NA,NA,NA,NA,NA,NA,NA,NA,NA,NA,NA,NA,NA,NA,NA,NA,NA,NA,NA,NA,NA,NA,NA,NA,NA,NA,NA,NA,NA,NA,3177.94222642455,NA,949.325720404269,166.267790576751,NA,49.6680804190976,NA,NA,NA,NA,NA,NA,NA,NA,NA,NA,47.7577696337477,NA
"42","SC-2B",2017-07-27,NA,NA,NA,"NA","SS-0000",3.53398058252427,0.308915167136623,-27.620730745691,8.69351426641315,1.24,4.70191258602839,67.30436,-136.00502,2017,"2017transect",1,108.422849,86.6811753639063,90.7383718013052,0,0,0,2.8069820515872,0,0,6.45464614710763,0,0.192394886641852,0.1721407446,940.49636219597,13.8079546000604,42.965336065641,0.956974606189018,4.34562767765699,42.7790748945163,8.75726904086114,0.00332282849367908,0,0.00638639968553743,0,0,16.0813198940918,1.45687231372757,12.6064842371718,4,0,2.4,3,21,NA,NA,NA,NA,NA,NA,NA,NA,NA,NA,NA,NA,NA,NA,NA,NA,NA,NA,NA,NA,NA,NA,NA,NA,NA,NA,NA,NA,NA,NA,NA,NA,NA,16616.4677797508,1452.49211237475,5830.3716066752,153.256144189227,13.3965499502301,53.7743811424398,67.1709310926699,19.9439694110359,80.0560305889641,NA,NA,NA,NA,NA,NA,NA,43.3664364051934,NA
"43","5",2017-07-22,NA,NA,NA,"NA","SS-0000",12925,254.477722984266,-27.0682261111346,2.02448466972368,4.122,0.3516414230596,67.29549,-135.808,2017,"2017synoptic",1,18.11033579,67.8464137308807,64.1902529602978,35.8097470397022,0,0,0,0,0,0,0.00701462927875598,0,0.2293504331,692.204354850243,6.73013886616727,8.76629790713948,0.154173603626893,1.1289486459634,48.0795811850911,41.8639840288998,0,1.73183745706896,1.7756343185677,10,8,21.2971290907497,4.88609104054648,2.85716675887535,3,0,37.5,37.5,37.5,3.32,1.57,17.28,5.77,0.19,32.1,0.83,55.94,-158.9,-20.94,0.0160038288588609,"1899-12-31 15:35:00",67.29549,135.808,509,7.2,NA,93,11.12,160.8,6.71,0.509791783486314,0.3516414230596,0.17,0.141,15.6,4.88,"5-SS01MI-072217",0.004,-0.0660650493437305,-16.5162623359326,NA,"Below Detection Limit of 1ugL per 200 mL interpreted as 0.2 ug Chla in extraction",4544965.39304533,89484.908647154,1449.46594585167,250959.75280342,4941.09605060801,80.0352882828392,5021.13133889085,98.4060307751177,1.59396922488227,335.519112452077,64.4631628090796,112.033870303732,1086.16546010238,16.1157907022699,623.273351256463,3.68915690774853,19.4166153039397,55.150569712455
"44","SC-8B",2017-07-25,NA,NA,NA,"NA","SS-0000",1102.38649940263,19.8007381153874,-26.8984896423158,1.77320042824365,9.9801,13.4725779094666,67.32733,-135.11501,2017,"2017transect",1,917.4909926,79.7530711755633,36.6044753196042,32.0224118760059,4.59884743604771,0.0456683806224792,0.367481792830121,0.209099510075606,2.24476600241477,23.9072496823992,0.761182798276366,0.519641296861458,0.2364676812,523.348916658155,7.44095951542629,9.19921201514643,10.5204230120421,1.03976940716407,51.4578985164982,26.4717422732832,0.00127620804575569,0.412023100117055,0.50473317667058,109,94,20.4628963135317,32.0479090324859,5.03797066359467,6,2.4,20.4,38.6,38.6,NA,NA,NA,NA,NA,NA,NA,NA,NA,NA,NA,NA,NA,NA,NA,NA,NA,NA,NA,NA,NA,NA,NA,NA,NA,NA,NA,NA,NA,NA,NA,NA,NA,14851987.9995461,266766.986924502,134457.674794268,16187.6117796626,290.757063639975,146.549313158094,437.306376798069,66.4881829002542,33.5118170997458,NA,NA,NA,NA,NA,NA,NA,14.6841527798413,NA
"45","SC-5B",2017-07-25,NA,NA,NA,"NA","SS-0000",658.896624819546,12.2054923302279,-26.990887864597,1.80496888976192,5.76,7.84011817498337,67.34917,-135.48483,2017,"2017transect",1,479.4988255,72.8100448530734,47.5388628660299,32.2464281218548,6.14213598495919,0.0874867737880224,0.703983720077886,0.199566064143946,3.30193088712084,9.77960558202541,0.357764194791044,0.339317032633758,0.2202708836,652.060707410396,8.65260877594345,15.9746794961752,3.01889769821898,1.49806872747618,54.8665792741013,23.9439422175321,0.00075135907139104,0.406432881066482,0.48748324772564,74,52,19.4359039047298,19.6824706158142,6.33614225981177,6,0.6,18.6,36.8,39.2,NA,NA,NA,NA,NA,NA,NA,NA,NA,NA,NA,NA,NA,NA,NA,NA,NA,NA,NA,NA,NA,NA,NA,NA,NA,NA,NA,NA,NA,NA,NA,NA,NA,5165827.40368292,95692.5022528399,45159.0806879042,10773.3890657526,199.567751084804,94.1797524546892,293.747503539493,67.9385351977886,32.0614648022114,NA,NA,NA,NA,NA,NA,NA,16.350651467828,NA
"46","SC-6B",2017-07-25,NA,NA,NA,"NA","SS-0000",1056.34920634921,18.476858564241,-26.9420722821489,1.72144645008456,6.13,11.5277623496726,67.38373,-135.45415,2017,"2017transect",1,595.1246112,72.2206160564996,44.1514675830129,38.1923854866293,5.29289636328982,0.07045515395055,0.566934625992104,0.258912983903696,2.99755691865518,8.46939088456649,0.355358032065103,0.390042829990493,0.2257800173,616.548113202052,8.36518807251608,13.6337323020027,3.89186782825904,1.26414803481099,56.7654604988214,23.6987850932965,0.000605380656218226,0.383868086460815,0.470837381157769,85,60,19.8563570945575,22.8909644110218,5.93765380256791,6,0.6,18.6,36.8,36.8,NA,NA,NA,NA,NA,NA,NA,NA,NA,NA,NA,NA,NA,NA,NA,NA,NA,NA,NA,NA,NA,NA,NA,NA,NA,NA,NA,NA,NA,NA,NA,NA,NA,12177342.609059,212996.834497084,70665.1832034933,20461.836697536,357.902917285844,118.740145968766,476.643063254611,75.0882462952496,24.9117537047504,NA,NA,NA,NA,NA,NA,NA,19.3703337632572,NA
"47","62",2017-08-05,NA,NA,NA,"NA","SS-0000",19.2739130434783,0.999357574793178,-27.4828560458583,5.3578611235998,11.63,0.00246951219512195,67.21964,-135.50516,2017,"2017synoptic",1,1.870492798,100,1.06581040606919,91.7798901229979,0,0,0,0,0,7.15429947093288,0.0680277806628321,0,0.2646651022,429.756490485696,3.15389269510343,0,0,0,68.0645005729133,31.867471646277,0,0,0,0,0,21.6,11.8876541016428,0.685858866276261,NA,5.7,10.1,10.1,10.1,0.65,0.53,5,2.4,0.68,0.00785,0.12,16.26,-156.3,-20.49,0.0438841658624653,"1899-12-31 13:05:00",67.21964,135.50516,347,7.55,0.0707106781186545,83,9.92,54.45,5.53,0.0831485587583149,0.00246951219512195,0.09,0.09,7.2,0.33,"62-SS06MU-080517",0.25,0.108968784515907,0.435875138063629,NA,"Below Detection Limit of 1ugL per 200 mL interpreted as 0.2 ug Chla in extraction",47.5971633085897,2.46792571823925,28.7204268292683,25.4463226800351,1.31939867444453,15.354470682794,16.6738693572385,7.91297236518021,92.0870276348198,6.60123417145055,0.858160442288571,3.16859240229626,21.4672135255572,0.158429620114813,0.0103639376491774,0.897767847317275,1.32024683429011,1.0620503311471
"48","SC-3B",2017-07-27,NA,NA,NA,"NA","SS-0000",3490.66666666667,74.3461173900564,-27.0983725945029,2.18665051147225,1.81,3.61245715202268,67.33891,-135.90863,2017,"2017transect",1,143.3521784,67.3802632630699,86.0937057125874,2.94402700731888,1.48039689974668,0,2.36471237310254,0,0,7.11715800724448,0,0.250062245742974,0.186323851,877.6182730069,12.8233027610087,36.2202677224832,1.71862920474116,3.36028318610646,46.2356635493934,12.2125809031334,0.00251318839936173,0.19749053926226,0.208209411505477,7,7,16.5216037877557,6.33353187838364,11.1888199711938,4,0,2.4,3,21,NA,NA,NA,NA,NA,NA,NA,NA,NA,NA,NA,NA,NA,NA,NA,NA,NA,NA,NA,NA,NA,NA,NA,NA,NA,NA,NA,"SC-3B-072717",0.022,-0.0594967693927091,-2.7043986087595,NA,"Below Detection Limit of 1ugL per 200 mL interpreted as 0.2 ug Chla in extraction",12609883.7653272,268572.163490827,6538.54744516105,87964.3679368543,1873.51295591352,45.6117759642015,1919.12473187773,97.6233032065835,2.37669679341653,NA,NA,NA,NA,NA,NA,NA,25.1998762233158,NA
"49","SC-7B",2017-07-25,NA,NA,NA,"NA","SS-0000",1029.42794884327,22.7205915986445,-27.0055682516637,2.19968250955022,6.95,12.5706726310353,67.3484,-135.30128,2017,"2017transect",1,665.579982,74.6432774073396,41.8659988035117,35.4406196407983,5.11108314533048,0.0629838425526025,0.506814891727684,0.258755837274279,2.67968547963933,14.0740583591657,0.545383996659173,0.526843616966204,0.2291387133,584.643826113641,8.05351817677682,12.2287606117074,5.52821892091787,1.16175171522751,55.6765883191472,24.3319115199353,0.000541299166370754,0.363857453115251,0.467618994356961,95,65,20.0409273050463,26.7361945756748,5.64321149944076,6,0.7,18.7,36.9,36.9,NA,NA,NA,NA,NA,NA,NA,NA,NA,NA,NA,NA,NA,NA,NA,NA,NA,NA,NA,NA,NA,NA,NA,NA,NA,NA,NA,NA,NA,NA,NA,NA,NA,12940601.7421469,285613.118970012,87366.1747856956,19442.5945673152,429.119154262683,131.26322477904,560.382379041723,76.5761327107562,23.4238672892438,NA,NA,NA,NA,NA,NA,NA,18.886794932236,NA
