,site,date,loc,campaign,trans,tssmgL,POCmgL,DOCmgL,tssyield,pocyield,tocyield,docyield,delta18opermille,Cayield,wateryield,streampower,slope,meanslope_deg,percshale,colluvial_perc,morainal_perc,lakeperc,scaledgpp,forest_perc,grassland_perc,lichenmoss_perc,shrubland_perc,wmeanSOCC_100CM,gldistkm,meanrough,RainTot96,percslump17act,percslump17all,slumpacccount,strahlerimpactacc,PO13C,POCTSSrat,FemgL,SR_d,a254dec_d,atot250450_d,sampcode,SR_p,atot250450_p,a254naperian_p,HIX_p,prcntC1_p,prcntC2_p,prcntC3_p,prcntC4_p,prcntC5_p,normC1_p,normC2_p,normC3_p,normC4_p,normC5_p,pkAB_p,pkCB_p,pkTC_p,pkCM_p,normA_p,normB_p,normC_p,normE_p,normD_p,normM_p,normN_p,normT_p,FrI_d,BIX_d,HIX_d,pkAB_d,pkCB_d,pkTC_d,pkCM_d,pkCA_d,prcntC1_d,prcntC2_d,prcntC3_d,normC1_d,normC2_d,normC3_d,normA_d,normB_d,normC_d,normE_d,normD_d,normM_d,normN_d,normT_d,atot250450TSSstd,a254Fe,a254decfecor,SUVA254,JDay,slumpYN
1,0,2017-07-17,NA,2017synoptic,SS-0000,424425,6743.8788,6.136,1391616.826,22112.02264,22132.14153,20.11889225,-25.28,273.4543047,3.278828593,17.18327392,0.078708913,6.398515052,0.23502137,0,100,0,0.234724605,1.970966685,0.172337835,66.97408616,30.45839311,21.6,6.320554781,3.030492156,0.4,3.49557199,3.619814389,6,6,-26.70827997,1.592415301,0.00805,0.95523929,10.3580198,1640.694386,0_NA_SS-0000_2017-07-17_Sample_1,0.684215856,63876.77659,786.5381903,NA,NA,NA,NA,NA,NA,NA,NA,NA,NA,NA,NA,NA,NA,NA,NA,NA,NA,NA,NA,NA,NA,NA,0.87166856,0.915483344,0.872170196,6.476759072,4.240216582,0.389137727,0.979135148,0.654681845,0.494522559,0.35854979,0.14692765,1.488214145,1.079018256,0.442163463,0.855455099,0.132080735,0.560050923,0.047151756,0.199528216,0.571985312,0.401795085,0.217936943,0.150501918,0.002525665,10.35549414,1.687662017,198,Y
2,1,2017-08-03,NA,2017synoptic,SS-0000,1.139744156,0.122240235,2.93,21.10797313,2.263879653,56.52725179,54.26337214,-20.07,120.0090961,18.51992223,14.73834454,0.084725078,9.99417937,100,89.1477529,0,0,0.196354682,0,0,52.20780068,8.739345405,19.6,-0.426071342,6.447512782,0.1,0,0,0,0,-28.18607857,11.24964485,0.13,0.911681025,11.75143977,2200.758838,1_NA_SS-0000_2017-08-03_Sample_1,0.632214745,51.55923482,0.630003319,0.919195285,0.25220574,0.170280842,0.345243067,0.139993024,0.092277327,0.389949833,0.263281025,0.533800206,0.216451284,0.142675295,5.774856419,3.933253457,0.201420006,1.133368071,0.839976411,0.145454077,0.572107752,0.131591362,0.237792007,0.504785485,0.177557997,0.115233947,0.560370496,0.567529741,0.928570318,25.78954654,18.37387989,0.165674775,1.200957528,0.712454554,0.522738674,0.294301974,0.182959352,0.414949154,0.233616454,0.145232851,0.417890634,0.016203877,0.297728085,0.033598534,0.145721291,0.247908921,0.100056864,0.049326033,45.23755138,0.010489,11.74095077,4.007150433,215,N
3,10,2017-07-22,NA,2017synoptic,SS-0000,27601.25,175.6560455,9.976,17548.38658,111.679007,118.0215713,6.342564359,-20.55,28.88994832,0.635782313,32.60922972,0.049496333,5.640778723,91.90751694,12.52113982,80.56249153,1.25916845,0.250540446,6.711294268,0.673480291,58.89625366,30.19971682,21.54714016,19.40015764,2.844644575,37.5,0.536818424,0.590872263,7,16,-27.03692518,0.656044988,0.12,0.999075394,36.31182756,6709.383266,10_NA_SS-0000_2017-07-22_Sample_1,0.536550073,12991.02919,146.0885518,0.909885778,0.400010817,0.186724485,0.212332949,0.131050169,0.069881581,0.653510809,0.305057923,0.346895312,0.214100965,0.114167834,7.492841439,4.629074014,0.226655276,1.00050306,0.913603672,0.121930202,0.564423931,0.144152964,0.24602959,0.564140134,0.255788585,0.127929662,NA,NA,NA,NA,NA,NA,NA,NA,NA,NA,NA,NA,NA,NA,NA,NA,NA,NA,NA,NA,NA,NA,0.470668147,0.009836,36.30199156,3.638932594,203,Y
4,1-Dec,2017-08-09,NA,2017synoptic,SS-0000,6.065079365,1.103465202,24.46,1.018341488,0.185274475,4.292167609,4.106893134,-19.98,8.435417459,0.167902418,0.027448875,0.078771351,3.034792059,100,0,100,0,0.268505017,16.6923445,0,8.046737525,70.99450978,21.6,31.25653581,0.460677005,0,0,0,0,0,-28.31547537,17.9425236,2.42,0.664983275,113.2389686,19606.4451,12-1_NA_SS-0000_2017-08-09_Sample_1,0.624842662,507.330678,6.812777753,0.935215064,0.304683837,0.125871217,0.395715808,0.138658394,0.035070745,0.415515425,0.171658046,0.539661126,0.189096678,0.047828055,14.30478339,9.656894259,0.13771727,1.087773693,0.840882539,0.058783312,0.567664224,0.085325693,0.190858865,0.521858754,0.172924844,0.078177167,0.560884242,0.565649473,0.941141634,28.3638791,17.82875602,0.15560304,1.113005093,0.628572557,0.509940453,0.305651079,0.184408468,0.090952349,0.054515549,0.032890867,0.892672593,0.031472162,0.561109495,0.054423089,0.247810236,0.504139198,0.218257095,0.087310343,83.6478218,0.160026,113.0789426,4.623014826,221,N
5,13,2017-07-13,NA,2017synoptic,SS-0000,4.941744884,1.799242635,13.36,10.15084969,3.69582849,31.13863564,27.44280714,-19.77,3.04007145,2.054102331,3.185991843,0.070055479,2.215412533,100,0,100,0.476443085,0.262992918,0,0,85.91181434,13.55937702,21.6,11.98432637,0.356833477,0,0,0,0,0,-29.27701766,33.11106238,1.26,0.741309201,78.5047896,13730.26194,13_NA_SS-0000_2017-07-13_Sample_1,0.487050021,1282.364812,15.68167727,0.939601768,0.244759541,0.161057882,0.425190853,0.136945162,0.032046563,0.337205377,0.221889547,0.585785712,0.188669438,0.04415057,16.7210651,11.31126155,0.134311645,1.146492109,0.835379177,0.049959687,0.565107086,0.107376146,0.206516601,0.492900982,0.149026723,0.075900462,0.518330281,0.527441673,0.945910342,30.21514705,19.74389389,0.140114239,1.233538745,0.653443581,0.436497232,0.36342515,0.200077618,0.031767032,0.026449053,0.014561082,0.885120614,0.029293937,0.578376384,0.054566908,0.258188433,0.468875733,0.194858056,0.081038767,259.4963605,0.084278,78.4205116,5.869798773,194,N
6,14,2017-07-22,NA,2017synoptic,SS-0000,24.9471961,0.813909515,11.8,70.82591372,2.310715997,35.81130575,33.50058975,-19.99,144.8758555,2.83903303,27.08709306,0.037835659,3.378099055,98.22621589,10.03672128,89.96327872,2.121428045,0.267493022,13.26245755,0.017502278,30.76889565,53.21032212,21.6,34.21874531,1.704567703,37.5,0,0,0,0,-27.56483277,3.142507781,0.2,0.871231978,44.44448432,7570.044712,14_NA_SS-0000_2017-07-22_Sample_1,0.689324157,75.32150575,0.907931767,0.849865748,0.343852824,0.110251212,0.194266886,0.137067509,0.214561568,0.599443131,0.192202382,0.338668005,0.238951583,0.374047991,2.399792798,1.447746717,0.35485186,1.011829783,0.86280156,0.35953169,0.520510824,0.092466263,0.225275475,0.514425284,0.248498119,0.184704234,0.581751913,0.584221934,0.940230763,18.33326264,11.57299898,0.169124867,1.097259587,0.631256924,0.525421309,0.332871111,0.14170758,0.842623649,0.533828882,0.227257928,0.884822398,0.048263226,0.558550265,0.062578659,0.287227705,0.509041134,0.220929061,0.094464739,3.01923733,0.01506,44.42942432,3.765205451,203,N
7,19,2017-07-22,NA,2017synoptic,SS-0000,1872.222985,31.82357818,2.108,38984.11404,662.6422229,706.5357725,43.89354956,-20.84,517.6440428,20.82236697,97.4745902,0.052434823,8.592780304,100,55.55959532,44.44040468,0,0.213485039,0.08898194,2.328492455,50.53463067,20.92530719,20.53778253,3.950468878,5.029987925,37.5,1.148431418,1.369873378,7,2,-26.84891591,1.742655924,0.55,0.943026785,9.175928218,2034.091906,19_NA_SS-0000_2017-07-22_Sample_1,0.661698819,1896.933385,20.70050748,0.838036162,0.410706396,0.130847129,0.11654514,0.12138872,0.220512615,0.784231,0.249848494,0.222539295,0.231787959,0.421061931,2.16358962,1.265757113,0.401478944,0.913595163,0.902098783,0.41694542,0.527751631,0.110076066,0.235883597,0.577664651,0.312906227,0.211881167,0.700230979,0.715534319,0.874150236,8.865955863,6.75169539,0.248347923,1.110578919,0.761530454,0.43022698,0.355361387,0.214411634,0.197801468,0.163381209,0.098578048,0.222916299,0.025142952,0.16975755,0.012873386,0.064398456,0.152855008,0.076525086,0.042158935,1.013198428,0.037915,9.138013218,4.334920881,203,Y
8,20,2017-07-22,NA,2017synoptic,SS-0000,18214.58333,295.3303373,4.318,564025.1012,9145.074598,9278.783964,133.7093659,-20.91,870.4423979,30.96557801,52.85385385,0.065587809,3.710955515,100,0,100,1.676417351,0.239780536,0.169589144,0,73.38490374,24.40067878,21.59325144,3.933350472,0.906847625,37.5,3.09099092,3.090990836,3,2,-26.94482454,1.573836063,0.09,1.174177335,16.1757632,3279.998013,20_NA_SS-0000_2017-07-22_Sample_1,0.509463085,10731.07365,121.9319792,0.905906017,0.408122409,0.193049457,0.178068317,0.136232605,0.084527213,0.697093969,0.329738356,0.304149802,0.232692263,0.144376807,6.164407316,3.597880984,0.262866536,0.976611653,0.937634001,0.152104485,0.547253834,0.151608062,0.260537144,0.560359722,0.27767598,0.14385472,0.70354077,0.705446592,0.864121537,6.784883729,4.391269277,0.315185817,1.055762807,0.647213637,0.460810442,0.379453894,0.159735665,0.631199439,0.519760542,0.21879943,0.710479354,0.104715038,0.459831927,0.049024854,0.206792512,0.43554473,0.244094824,0.144932502,0.589147358,0.007877,16.1678862,3.744299722,203,Y
9,23,2017-07-20,NA,2017synoptic,SS-0000,10214.36508,213.1206636,2.855,18719.84894,390.5858659,395.8182194,5.232353485,-21.13,288.2467797,1.832698243,16.25462385,0.065554664,12.56982963,89.11727488,34.58610344,65.41389656,0.325546074,0.22662997,2.329102664,1.071443806,59.74636754,16.53459491,21.6,12.70518662,10.23817732,0,1.919831518,1.919831568,4,3,-26.9487228,1.831720358,0.00805,1.422275904,8.554830858,1641.847473,23_NA_SS-0000_2017-07-20_Sample_1,0.521336862,6146.507187,70.10553406,0.908159644,0.394180462,0.200890707,0.180927031,0.131111482,0.092890317,0.679707086,0.346406914,0.311982448,0.226082752,0.160175891,5.272798284,2.998876565,0.246481191,0.951004478,0.937332043,0.177767476,0.533102718,0.161145605,0.261016215,0.560568042,0.263047413,0.131399793,0.757955087,0.769155538,0.895201856,9.79927906,5.837410015,0.287875458,1.003676999,0.595697906,0.474021406,0.380699372,0.145279221,0.357989496,0.287511017,0.109717482,0.710858404,0.072541908,0.423456863,0.049192038,0.197507747,0.421905517,0.24381237,0.121902838,0.601751273,0.002525665,8.552305193,2.995553483,201,Y
10,24,2017-07-20,NA,2017synoptic,SS-0000,2.778752952,NA,2.604,3.348405939,NA,NA,3.137828089,-20.82,100.3888088,1.205003106,2.710015731,0.062627022,12.37551237,100,27.59096497,72.40903503,0,0.231991889,4.375239456,2.392869195,58.79143612,14.93678267,21.6,12.71846369,9.94666214,0,0,0,0,0,NA,NA,0.00805,1.339835948,8.906047855,1654.543796,NA,NA,NA,NA,NA,NA,NA,NA,NA,NA,NA,NA,NA,NA,NA,NA,NA,NA,NA,NA,NA,NA,NA,NA,NA,NA,NA,NA,NA,NA,NA,NA,NA,NA,NA,NA,NA,NA,NA,NA,NA,NA,NA,NA,NA,NA,NA,NA,NA,NA,0.002525665,8.90352219,3.419171348,201,N
11,26,2017-07-14,NA,2017synoptic,SS-0000,1.415634589,0.102861703,1.074,18.77390065,1.364134083,15.60733601,14.24320192,-21.83,1689.026254,13.26182675,29.02178526,0.052443401,14.79622681,100,94.89562242,0,0,0.156529237,0.355540942,1.054467857,25.50233187,2.685415106,19.6,0.199757045,12.86523359,0,0,0,0,0,-27.60108776,8.036070539,0.16,0.497755009,3.004443069,505.6786693,26_NA_SS-0000_2017-07-14_Sample_1,0.499056898,51.27197838,0.577931113,0.860701876,0.287124846,0.117837334,0.288689927,0.136988008,0.169359885,0.47317632,0.1941937,0.475755544,0.225753648,0.27910189,3.476015782,2.507422215,0.235100987,1.073308482,0.813608069,0.234063399,0.586895767,0.075939794,0.223841614,0.546809959,0.195679993,0.137979774,0.677659461,0.688889827,0.799843765,11.80476873,8.453006423,0.322055785,1.093828307,0.716067093,0.420532898,0.329941219,0.249525882,0.10416101,0.081722526,0.061804601,0.118625212,0.010048923,0.084943611,0.006192212,0.033781096,0.07765717,0.038711055,0.027356581,36.21837075,0.012448,2.991995069,2.785842709,195,N
12,27,2017-07-12,NA,2017synoptic,SS-0000,2,NA,2.938,22.81680892,NA,NA,33.5178923,-21.97,468.315003,11.40840446,6.224958941,0.064162037,6.590942289,90.47278571,0.033882595,99.9661174,0,0.220718537,0,0,82.79672458,17.20327542,21.6,2.150004189,2.5638532,0,0,0,0,0,NA,NA,0.00805,0.992110098,10.28658003,1810.401934,27_NA_SS-0000_2017-07-12_Sample_1,0.846260208,20.83276413,0.257309744,0.887870426,0.304093933,0.161763354,0.272898581,0.132458929,0.128785203,0.490627633,0.260990315,0.440296796,0.213710317,0.207783096,4.552689103,2.939330552,0.312689875,1.090048468,0.84299539,0.185164278,0.544259019,0.126365867,0.228670919,0.499297999,0.224411767,0.170184285,0.59458153,0.596543071,0.93025228,24.22631247,15.2305868,0.179669442,1.091081955,0.628679533,0.430079939,0.430524871,0.13939519,1.01953993,1.020594677,0.330447783,0.612126665,0.025267018,0.384831506,0.043599512,0.183323313,0.352706324,0.159546447,0.069142462,10.41638206,0.002525665,10.28405437,3.500358873,193,N
13,29,2017-07-20,NA,2017synoptic,SS-0000,0.370201686,0.044154043,1.472,0.952642178,0.113621859,3.901528123,3.787906264,-21.81,74.75453598,2.573305886,15.24835997,0.043661498,6.004136371,39.49987353,54.8070241,45.1929759,0.007878033,0.224013328,0.366442567,0.134529238,59.12747836,25.26202426,12.7,3.086417178,2.208174491,0,0.09297931,0.092979336,0,0,-31.18829137,12.36313208,0.00805,1.27339101,5.249075908,947.6002657,NA,NA,NA,NA,NA,NA,NA,NA,NA,NA,NA,NA,NA,NA,NA,NA,NA,NA,NA,NA,NA,NA,NA,NA,NA,NA,NA,NA,NA,NA,NA,NA,NA,NA,NA,NA,NA,NA,NA,NA,NA,NA,NA,NA,NA,NA,NA,NA,NA,NA,0.002525665,5.246550243,3.564232502,201,N
14,3,2017-07-22,NA,2017synoptic,SS-0000,0.857777778,0.08788296,1.044,24.77631834,2.538438581,32.69365713,30.15521854,-21.08,926.8974742,28.88430895,329.0326635,0.018915057,13.88915524,90.55172359,99.70330447,0.296695534,0,0.174047716,1.264839118,4.875383799,43.0857509,8.46277858,15.70266438,1.24186604,12.3506115,37.5,0,0,0,0,-28.05903067,10.80528202,0.00805,1.248415642,3.597912541,766.1169491,3_NA_SS-0000_2017-07-22_Sample_1,0.740256911,29.17802413,0.36122666,0.887652259,0.266253814,0.141506758,0.325359095,0.128429504,0.138450829,0.408366173,0.217035663,0.499018762,0.196978455,0.21234864,4.228625558,2.883214056,0.266939194,1.115929145,0.810123073,0.191580707,0.552368186,0.103790033,0.210132603,0.494984999,0.195384199,0.147448718,0.667024301,0.673166027,0.896347778,13.58780407,9.607778922,0.275919488,1.111165357,0.707088421,0.518331748,0.327834441,0.153833811,0.4871821,0.308132913,0.14458902,0.135621498,0.00998112,0.095896391,0.009312191,0.040402172,0.086302538,0.036773748,0.026459683,34.01583124,0.002525665,3.595386876,3.443857161,203,N
15,30,2017-07-14,NA,2017synoptic,SS-0000,0.715755592,0.146768201,1.028,3.339679095,0.684812941,5.481408525,4.796595584,-21.87,163.5415129,4.665949012,2.396893219,0.032018472,11.8350851,78.3317912,80.80981863,0,0.322772299,0.173848875,1.103906537,1.082461549,36.39941815,3.630198072,19.6,-0.840288916,9.562765435,0,0,0,0,0,-28.95429554,19.71645107,0.04,0.797025384,3.271023102,617.3359855,30_NA_SS-0000_2017-07-14_Sample_1,0.697613029,66.46411083,0.842445974,0.872023725,0.305659455,0.134864326,0.267065342,0.149292901,0.143117976,0.497298323,0.219420018,0.434506916,0.242894855,0.232848448,4.278469724,2.754050894,0.246348965,1.082286869,0.849414659,0.198532352,0.546768202,0.080757509,0.238227418,0.505197113,0.209198705,0.134695781,0.835920677,0.868227567,0.86518486,26.87475274,20.82851608,0.228876701,1.258619502,0.775021682,0.412352049,0.42475308,0.162894871,0.144119116,0.148453339,0.056932577,0.121773822,0.004531161,0.094377352,0.007271041,0.039732338,0.074984816,0.032356065,0.021600777,92.85866796,0.004612,3.266411102,3.177442707,195,N
16,31,2017-07-29,NA,2017synoptic,SS-0000,3.483508378,0.164196295,0.919,94.15138558,4.437856035,29.27635618,24.83850015,-20.82,2820.615751,27.02774771,71.92437242,0.05592075,16.13229373,94.22747734,94.75402614,0,0,0.134478785,0.583339467,0.722092865,26.25566502,1.094353013,19.6,-1.000788854,15.4630156,2.4,0,0,0,0,-27.76185677,4.74383752,0.00805,1.010930477,2.058952145,549.1585207,31_NA_SS-0000_2017-07-29_Sample_1,0.292765448,2.762860683,0.034255062,0.777505133,0.404896906,0.063060273,0.113052767,0.144245508,0.274744547,0.790851555,0.123170403,0.220816596,0.281742791,0.536635743,1.811301358,1.24749844,0.511398546,0.949467198,0.857595415,0.473469205,0.590652095,0.072361393,0.25264741,0.622087942,0.358770322,0.302058623,0.804709653,0.820387215,0.795633001,25.13883051,20.69287909,0.182682086,1.288303987,0.823144063,0.40497929,0.333120813,0.261899897,0.051373785,0.042258154,0.0332234,0.062344055,0.00247999,0.051318139,0.004079417,0.019372049,0.039833874,0.018110264,0.009374905,0.79312589,0.002525665,2.05642648,2.237678433,210,N
17,31,2017-08-01,NA,NA,NA,NA,NA,NA,NA,NA,NA,NA,NA,NA,NA,NA,NA,NA,NA,NA,NA,NA,NA,NA,NA,NA,NA,NA,NA,NA,NA,NA,NA,NA,NA,NA,NA,NA,NA,NA,NA,NA,NA,NA,NA,NA,NA,NA,NA,NA,NA,NA,NA,NA,NA,NA,NA,NA,NA,NA,NA,NA,NA,NA,NA,NA,NA,NA,NA,NA,NA,NA,NA,NA,NA,NA,NA,NA,NA,NA,NA,NA,NA,NA,NA,NA,NA,NA,NA,NA,NA,NA,NA,NA,213,N
18,32,2017-07-29,NA,2017synoptic,SS-0000,2.534972129,0.12306074,0.8537,88.94116208,4.317666872,34.27029207,29.95262519,-20.46,3182.619927,35.08565678,209.8606637,0.072341439,16.77920951,68.75398208,93.98095879,0,0,0.14610262,0.367457974,4.217366376,30.88772096,0.936243356,19.6,-1.035236578,16.63429085,2.4,0,0,0,0,-27.02312776,4.91913919,0.29,1.152625246,1.996604785,557.7368442,32_NA_SS-0000_2017-07-29_Sample_1,-0.301278922,2.365396208,0.022678116,0.783357753,0.404558588,0.057496112,0.145749644,0.143489833,0.248705823,0.740695135,0.105268042,0.266848994,0.262711569,0.455348616,2.057677957,1.524314246,0.433571289,0.933105493,0.818772176,0.397910749,0.606541023,0.065850502,0.232246371,0.650024062,0.319258753,0.262978773,0.743032782,0.763953066,0.818933145,13.9287503,10.68588623,0.223816041,1.160193327,0.76718198,0.422449184,0.328655689,0.248895127,0.057251555,0.044540385,0.033730999,0.069358734,0.004979537,0.053210771,0.004365298,0.022666966,0.04586371,0.018524186,0.011909424,0.93310541,0.020937,1.975667785,2.314241286,210,N
19,32,2017-08-01,NA,NA,NA,NA,NA,NA,NA,NA,NA,NA,NA,NA,NA,NA,NA,NA,NA,NA,NA,NA,NA,NA,NA,NA,NA,NA,NA,NA,NA,NA,NA,NA,NA,NA,NA,NA,NA,NA,NA,NA,NA,NA,NA,NA,NA,NA,NA,NA,NA,NA,NA,NA,NA,NA,NA,NA,NA,NA,NA,NA,NA,NA,NA,NA,NA,NA,NA,NA,NA,NA,NA,NA,NA,NA,NA,NA,NA,NA,NA,NA,NA,NA,NA,NA,NA,NA,NA,NA,NA,NA,NA,NA,213,N
20,35,2017-07-20,NA,2017synoptic,SS-0000,6.025,0.915583635,11.3,7.821535741,1.188592552,15.85802888,14.66943633,-17.84,12.78707503,1.298180206,3.085416057,0.083272221,3.557155868,100,18.34146284,74.4652915,9.015419763,0.237129989,1.390208543,0,68.18382803,18.97943966,21.6,15.17655481,0.998944387,0,0,0,0,0,-28.89050014,14.3059943,0.89,0.885891693,52.20051155,9189.385281,35_NA_SS-0000_2017-07-20_Sample_1,0.618821261,198.6759381,2.478330204,0.899653073,0.256307535,0.132910015,0.367401629,0.129211159,0.114169661,0.377256215,0.195628775,0.540774376,0.19018447,0.168045056,5.046652379,3.401973564,0.223609108,1.132234272,0.82080154,0.162642774,0.553306416,0.095036043,0.197100392,0.488685451,0.17493851,0.123724354,0.531090568,0.532834536,0.93547088,15.33846339,9.932541725,0.18150101,1.089672825,0.647557808,0.470795529,0.363065862,0.16613861,0.122295633,0.094311366,0.043156796,0.874865785,0.057037381,0.56652617,0.050636691,0.22309739,0.519904835,0.209982671,0.102825072,32.97525944,0.060117,52.14039455,4.614194208,201,N
21,36,2017-07-20,NA,2017synoptic,SS-0000,1.346666667,0.116422316,1.948,1.744227698,0.150792347,2.673878156,2.523085809,-20.93,81.49515353,1.295218588,30.63720267,0.056787007,10.50592003,56.30873115,37.30410621,56.6329574,0.077613175,0.205613316,1.603167722,2.687146974,59.77605774,13.385142,20.47052132,8.988218769,8.833227353,0,1.29383498,1.497961292,17,12,-29.49888756,9.313785244,0.2,1.065750951,7.989834983,1622.596303,36_NA_SS-0000_2017-07-20_Sample_1,0.788636223,24.37859061,0.326622865,0.910814553,0.283650224,0.111133597,0.345328619,0.140068749,0.119818811,0.428481613,0.167878249,0.521652906,0.211587647,0.180998121,4.426274038,2.956411638,0.243150761,1.113971741,0.840932371,0.189986513,0.561678339,0.081902629,0.20208158,0.504212377,0.200634756,0.136572515,0.65805161,0.659415455,0.889218206,10.95032884,7.322359305,0.243544165,1.067751248,0.668688531,0.492943061,0.381223724,0.125833215,1.868461309,1.444998081,0.476960752,0.371511489,0.033926971,0.248425472,0.022030637,0.106083426,0.23266231,0.110641947,0.060502574,18.10291382,0.01506,7.974774983,4.093826994,201,Y
22,37,2017-07-20,NA,2017synoptic,SS-0000,278.734767,7.055705231,1.728,1439.941977,36.44972691,45.37656357,8.926836658,-21.44,344.3651225,5.165993436,72.98629492,0.054744837,6.843599911,99.3164239,14.50521652,80.77286844,0.091671724,0.225542853,0.222407826,1.005717851,69.54160668,20.68872091,21.11026294,9.055793006,4.502836248,0,0.526794236,0.662676688,6,5,-27.41731831,2.516898418,0.00805,1.375702561,6.748997525,1399.62561,37_NA_SS-0000_2017-07-20_Sample_1,0.124259539,318.8636025,3.117445689,0.811892605,0.32659076,0.151676594,0.123732873,0.109508881,0.288490892,0.717825386,0.333375353,0.271956858,0.240693444,0.634084338,1.428442013,0.823049502,0.454800368,0.895897771,0.918543097,0.643038421,0.529252452,0.153170432,0.262981289,0.590750942,0.299747829,0.24070421,0.679380681,0.681238931,0.834909704,15.8303458,9.560090538,0.3304527,1.032984046,0.603909141,0.490905333,0.344365976,0.164728691,0.459556643,0.322375132,0.154209293,0.413611465,0.026127759,0.249783745,0.0298825,0.120869172,0.241807941,0.128837432,0.082541713,1.143967815,0.002525665,6.74647186,3.904208252,201,Y
23,38,2017-07-20,NA,2017synoptic,SS-0000,1877.222222,64.53418276,9.679,31097.95871,1069.069675,1229.41145,160.3417746,-19.52,282.2836903,16.56594427,16.77667203,0.024742449,2.824682913,34.7276231,0,100,3.809058116,0.248518136,0.61429796,0,85.48477268,9.079062427,21.6,15.12855914,0.6181991,0,1.128251004,1.481670381,3,2,-27.13797267,3.61030393,1.12,1.103108239,51.1304868,9550.127258,38_NA_SS-0000_2017-07-20_Sample_1,0.043059545,981.6064836,10.02499795,0.828179815,0.35837687,0.124133906,0.160333185,0.105618406,0.251537633,0.684335944,0.237038997,0.306163066,0.201682859,0.480321857,1.815874723,1.128386793,0.407509284,0.944631113,0.880374696,0.484821274,0.547065922,0.115803259,0.219732638,0.579131806,0.280656958,0.222934442,0.602947807,0.603673837,0.854582155,7.481888384,4.679405795,0.298528135,1.050946895,0.625431115,0.46995762,0.348862777,0.181179603,0.050974095,0.037839507,0.0196517,0.87702776,0.117220107,0.54852045,0.053521183,0.235137251,0.52192975,0.252640644,0.163748787,0.52290372,0.075136,51.0553508,5.274858022,201,Y
24,40-alt1,2017-08-09,NA,2017synoptic,SS-0000,1.218120807,0.087494122,3.758,18.44050005,1.324528198,58.214944,56.8904158,-20.19,80.23395523,15.13848212,12.92755005,0.07007807,10.41008709,100,78.6407911,0,0,0.181056701,0,0,45.08164535,0.507038599,19.6,0.177490833,6.779782486,0,0,0,0,0,-28.76969495,7.167071677,0.1,0.940802121,15.21392739,2658.867788,40-alt1_NA_SS-0000_2017-08-09_Sample_1,0.935484312,15.72217091,0.209821769,0.856972952,0.249614326,0.126519949,0.287680009,0.106796229,0.229389486,0.429135424,0.217512324,0.494577714,0.183603425,0.394365003,2.07223287,1.37673188,0.314279985,1.054756478,0.812125189,0.391908265,0.539552603,0.104831707,0.19685763,0.511542345,0.19502103,0.169570584,0.552781539,0.561654263,0.931708011,15.97223465,11.24725252,0.145015131,1.204799998,0.704175262,0.488268672,0.374758974,0.136972354,0.94832108,0.727861226,0.266029295,0.632799782,0.039618738,0.445601952,0.041837006,0.193268415,0.369855539,0.146969532,0.064619025,12.90690613,0.00853,15.20539739,4.046140871,221,N
25,42,2017-07-15,NA,2017synoptic,SS-0000,5388.111111,114.2429984,1.161,32381.14924,686.5707671,693.5480758,6.97730865,-21.49,211.5428635,6.00974044,17.43163432,0.069941085,13.23617259,43.3188127,75.51663514,24.48336486,0,0.176494343,0,4.587582687,33.33907926,2.3440137,19.6,0.49971186,10.89185136,0,0.09055268,0.090552703,1,1,-26.93098323,2.107026897,0.19,0.6828077,3.744381188,814.2769735,42_NA_SS-0000_2017-07-15_Sample_1,0.716694992,5110.099635,60.22434654,0.916944902,0.383381043,0.206528683,0.198428002,0.13986941,0.071792862,0.652555881,0.351534091,0.337745859,0.23807282,0.122199193,6.698391389,3.872439954,0.222716141,0.970182305,0.937101352,0.139899462,0.541752266,0.163045824,0.26874591,0.558402543,0.255908047,0.120656974,0.746144478,0.762507707,0.736788384,7.524456674,5.08170462,0.44657978,1.038958797,0.675358347,0.443551088,0.326783406,0.229665506,0.277750109,0.204630603,0.143815721,0.179044687,0.023795032,0.120919324,0.012710469,0.04714402,0.116385101,0.072257018,0.054000125,0.948402795,0.014407,3.729974188,3.212725399,196,Y
26,45,2017-08-03,NA,2017synoptic,SS-0000,0.558928571,0.028587804,0.7205,10.334696,0.52859395,13.85077651,13.32218256,-20.23,994.0326642,18.49019093,101.2083119,0.049492167,13.59103049,100,100,0,0,0.14270025,0.710300359,2.489813251,35.96105942,0.922227235,12.7952847,-1.112322971,11.95188834,0.1,0,0,0,0,-27.84148274,4.648423378,0.28,0.394561637,3.046889439,828.3617186,NA,NA,NA,NA,NA,NA,NA,NA,NA,NA,NA,NA,NA,NA,NA,NA,NA,NA,NA,NA,NA,NA,NA,NA,NA,NA,NA,NA,NA,NA,NA,NA,NA,NA,NA,NA,NA,NA,NA,NA,NA,NA,NA,NA,NA,NA,NA,NA,NA,NA,0.020284,3.026605439,4.200701511,215,N
27,48,2017-07-12,NA,2017synoptic,SS-0000,26285,529.1623895,6.855,126836.5354,2553.43824,2586.516591,33.07835077,-21.79,278.2827847,4.825434102,4.514565758,0.08750657,6.933776555,24.02859122,0,100,0,0.216548415,0,0,83.72770292,5.207604051,21.6,2.153607102,3.150198559,0,1.642204793,1.642204753,1,1,-27.08349217,2.053404693,0.03,0.944676579,14.48240512,2333.491939,48_NA_SS-0000_2017-07-12_Sample_1,0.372051571,11793.94196,128.5820599,0.898321422,0.43635385,0.21001014,0.130306896,0.129252615,0.094076499,0.772823176,0.371947454,0.23078561,0.22891838,0.166618213,5.541015031,3.150127463,0.320026923,0.929767785,0.948104,0.171106556,0.539007462,0.170483049,0.271076989,0.579722669,0.306504782,0.1724969,0.774079691,0.789228918,0.87901308,8.430173966,5.108012231,0.356332965,0.999999254,0.605920145,0.534597796,0.304262852,0.161139353,1.888090521,1.074594416,0.56911137,0.895703645,0.106249723,0.542724882,0.052708879,0.225791779,0.542725287,0.353658691,0.193390767,0.448694767,0.003959,14.47844612,2.11210009,193,Y
28,5,2017-07-22,NA,2017synoptic,SS-0000,12925,254.477723,4.122,250959.7528,4941.096051,5021.131339,80.03528828,-20.94,335.5191125,19.4166153,55.15056971,0.016003829,6.730138866,67.84641373,7.073601129,92.92639887,0.007014629,0.229350433,0.154173604,1.128948646,48.07958119,41.86398403,21.29712909,4.886091041,2.857166759,37.5,1.731837457,1.775634319,10,8,-27.06822611,2.02448467,0.19,1.111296728,15.97535479,3128.97589,5_NA_SS-0000_2017-07-22_Sample_1,0.55370264,9709.862217,108.8289795,0.902953274,0.381390899,0.206337218,0.181193484,0.134873427,0.096204972,0.656118879,0.35496847,0.311712906,0.232027041,0.16550447,5.306286783,3.166408741,0.257193534,0.993336067,0.914961502,0.172429712,0.545982947,0.174705615,0.273288206,0.54964575,0.259809489,0.140423283,0.680188413,0.680188413,0.8434218,7.16733466,4.626793019,0.332211345,1.058360874,0.645538856,0.490625886,0.365145697,0.144228417,1.806122447,1.344196993,0.530942597,0.737979815,0.102964331,0.476394646,0.056740239,0.223876568,0.450124959,0.234019366,0.158263706,0.751246593,0.014407,15.96094779,3.872136775,203,Y
29,53,2017-07-15,NA,2017synoptic,SS-0000,0.164590164,0.067130504,1.505,1.149861176,0.46898769,10.98323124,10.51424355,-20.99,1039.82725,6.986208342,5.593673071,0.046625491,14.63498103,72.32527348,50.98279561,49.01720439,0.040569408,0.191399197,0,0.136678894,62.56689108,2.573661316,20.02812685,1.469600305,13.02130362,0,0,0,0,0,-28.82058262,33.331076,0.08,0.949022238,5.460119637,941.863392,NA,NA,NA,NA,NA,NA,NA,NA,NA,NA,NA,NA,NA,NA,NA,NA,NA,NA,NA,NA,NA,NA,NA,NA,NA,NA,NA,NA,NA,NA,NA,NA,NA,NA,NA,NA,NA,NA,NA,NA,NA,NA,NA,NA,NA,NA,NA,NA,NA,NA,0.007224,5.452895637,3.62318647,196,N
30,57,2017-07-30,NA,2017synoptic,SS-0000,91803.33333,1431.468829,7.361,366278.8108,5711.303515,5740.672583,29.36906786,-19.92,289.7407564,3.989820386,8.743946118,0.090440032,4.893573372,100,4.537893411,95.46210659,3.218407273,0.263165249,44.26627359,0.565973609,6.251911203,42.8240889,21.6,25.19958565,1.879093257,0,2.105357548,2.480896235,1,1,-26.7913073,1.426476162,0.00805,1.042121236,17.50034241,2881.265239,57_NA_SS-0000_2017-07-30_Sample_1,0.505434759,7327.856252,90.92527601,0.862112884,0.573218623,0.132184416,0.05037639,0.114388339,0.129832232,0.941108664,0.217019989,0.082707811,0.187802441,0.21315818,4.298824239,2.492481039,0.412392609,0.871328976,0.899246247,0.209184232,0.521387732,0.097193387,0.199385649,0.59838218,0.368802736,0.215016447,0.765272455,0.77355856,0.888013408,7.836850481,4.903369769,0.316004808,1.014006633,0.625681169,0.44441871,0.395923178,0.159658112,0.766693116,0.683030594,0.275435694,0.901731898,0.115063047,0.564196668,0.056006691,0.269563696,0.556403331,0.330782902,0.178288859,0.079821244,0.002525665,17.49781674,2.377097778,211,Y
31,6,2017-07-17,NA,2017synoptic,SS-0000,22.2422392,0.581767659,9.709,31.7700332,0.83097649,14.69897105,13.86799456,-20.35,140.8939112,1.428364874,4.871011766,0.06993038,4.533043811,99.53553126,7.604865944,92.39513406,3.162598633,0.258507032,17.19801356,0.287427339,33.31509794,45.17976197,21.6,27.02461859,2.015292923,0.4,0,0,0,0,-27.2254465,2.452218332,0.04,0.865762251,30.582467,4847.609725,6_NA_SS-0000_2017-07-17_Sample_1,0.609993646,25.96062717,0.304020761,0.860218122,0.350477082,0.138643318,0.209360751,0.120657109,0.18086174,0.594327059,0.235106601,0.355026808,0.204606203,0.306699159,2.937310806,1.894218581,0.329463369,1.000029116,0.849348613,0.289158577,0.547729549,0.113877778,0.222235818,0.547713602,0.245959025,0.180456822,0.745718839,0.759505557,0.90811714,16.71235089,10.11168588,0.276551282,0.987917202,0.605042698,0.452224312,0.406900922,0.140874767,0.19888071,0.178948239,0.061954373,0.875655611,0.052395717,0.529809034,0.043561796,0.228620467,0.536288904,0.30808808,0.146519368,1.167176872,0.004612,30.577855,3.14943403,198,N
32,62,2017-08-05,NA,2017synoptic,SS-0000,19.27391304,0.999357575,11.63,25.44632268,1.319398674,16.67386936,15.35447068,-20.49,6.601234171,1.320246834,1.062050331,0.043884166,3.153892695,100,0,100,0.068027781,0.264665102,0,0,68.06450057,31.86747165,21.6,11.8876541,0.685858866,10.1,0,0,0,0,-27.48285605,5.357861124,0.68,0.785954743,55.94911716,9391.037253,62_NA_SS-0000_2017-08-05_Sample_1,0.660487444,364.7310499,4.569085589,0.925970812,0.278024281,0.178243256,0.329125656,0.147427574,0.067179233,0.436266796,0.279693609,0.516453438,0.231338626,0.105415501,7.632226172,4.874443536,0.168744148,1.119441593,0.886278577,0.116123207,0.566036014,0.133429243,0.246776161,0.5056414,0.184075905,0.095515265,0.570923445,0.577288433,0.942501687,21.23344135,14.23671782,0.156484399,1.180733311,0.670485655,0.505669187,0.33293811,0.161392703,0.483129755,0.318097902,0.15419887,0.892470175,0.042031349,0.59838845,0.060563982,0.2705968,0.506793909,0.219454721,0.093638457,18.92356,0.046404,55.90271316,4.806768114,217,N
33,7,2017-07-30,NA,2017synoptic,SS-0000,720.8035714,14.2231774,9.175,4215.959451,83.19095739,136.8552697,53.6643123,-19.95,416.4467614,5.848971368,16.81561568,0.026185922,4.75253481,100,7.722098125,92.27790187,0.335204312,0.257006074,8.595471635,0.700309008,39.91093914,49.34146153,21.6,24.11427019,1.699472891,0,0.93347131,0.933471311,2,4,-27.03901918,2.015883411,0.08,0.930147775,32.36540842,5525.799987,NA,NA,NA,NA,NA,NA,NA,NA,NA,NA,NA,NA,NA,NA,NA,NA,NA,NA,NA,NA,NA,NA,NA,NA,NA,NA,NA,NA,NA,NA,NA,NA,NA,NA,NA,NA,NA,NA,NA,NA,NA,NA,NA,NA,NA,NA,NA,NA,NA,NA,0.007224,32.35818442,3.526777593,211,Y
34,71,2017-08-05,NA,2017synoptic,SS-0000,2.68,0.221989504,7.38,7.648186684,0.633513869,21.69456526,21.06105139,-20.35,33.24678167,2.853801002,0,0.052407779,5.809994455,100,0,100,0,0.247875656,0,0,83.01415873,16.98584127,21.6,3.96783536,1.805346616,10.1,0,0,0,0,-28.98377018,9.327290084,0.22,0.832597367,27.37829208,4646.049265,71_NA_SS-0000_2017-08-05_Sample_1,0.712982208,50.08315613,0.635783936,0.910154487,0.310126614,0.175302777,0.291513595,0.134837179,0.088219835,0.496859024,0.280855504,0.467038796,0.216024894,0.14133847,6.662913147,4.186363086,0.256738276,1.08263102,0.889735949,0.133535577,0.559028409,0.135902537,0.235576815,0.516360975,0.216151421,0.14352399,0.578600646,0.581838549,0.942496754,23.56233403,15.82178029,0.153592819,1.122632869,0.671486121,0.484782804,0.373867472,0.141349724,0.382415532,0.294921204,0.111502161,0.886784173,0.037635668,0.595463265,0.062670352,0.26642161,0.530416738,0.222709387,0.091458881,18.68774482,0.016366,27.36192608,3.70757806,217,N
35,8,2017-07-22,NA,2017synoptic,SS-0000,3.702310665,0.191196565,3.103,75.38625434,3.893134359,67.07625657,63.18312222,-20.95,464.6596355,20.36194722,75.50440559,0.043691516,10.06240239,9.73587865,34.22714999,65.33932443,0,0.226409896,6.298755921,0.655209315,58.86536916,13.31743725,16.11439582,5.856833269,6.596614562,37.5,0,0,0,0,-27.61493023,5.643246625,0.00805,1.075864352,12.01916667,2284.99054,8_NA_SS-0000_2017-07-22_Sample_1,1.035563419,21.16031921,0.258239411,0.846245631,0.294369085,0.197889963,0.1764987,0.120429853,0.210812399,0.559743377,0.376288143,0.335612616,0.228997596,0.40086018,2.502122619,1.540388327,0.594544916,1.089151328,0.866730664,0.346398157,0.533587677,0.190689948,0.268773826,0.489911423,0.318639692,0.317241841,0.576149453,0.582984358,0.931743278,18.83243687,12.4901017,0.18816412,1.120859981,0.66322281,0.471618599,0.375323049,0.153058352,0.675362418,0.537466254,0.219181048,0.508085957,0.0269793,0.336974196,0.039546183,0.162602859,0.300638975,0.132412916,0.063406453,5.71543588,0.002525665,12.016641,3.872588141,203,N
36,9-alt,2017-07-17,NA,2017synoptic,SS-0000,1024.837963,19.95921991,11.43,477.9213563,9.307751854,14.63800044,5.330248585,-19.75,65.93093132,0.466338459,1.745697251,0.011636267,4.535262573,99.76063948,13.35754621,86.30252856,2.227518596,0.259236087,10.38172125,0.229425149,58.6471811,27.8103829,21.6,26.97584247,2.18538952,0.4,0.194963427,0.241084433,7,3,-26.92397909,2.052361944,0.00805,0.898642483,30.3107137,4659.585328,9-alt_NA_SS-0000_2017-07-17_Sample_1,0.732360801,758.9962727,9.400344737,0.907471785,0.402438519,0.175548714,0.206004094,0.129705694,0.08630298,0.658755991,0.2873576,0.337210343,0.212316662,0.141270287,6.143764794,3.577014179,0.2472957,0.972654215,0.923946033,0.150387599,0.537938572,0.131055843,0.237287597,0.5530625,0.261443581,0.133029896,0.649909573,0.649966759,0.929059886,20.17238513,12.40334857,0.205649627,1.040021785,0.614867726,0.447450045,0.416783008,0.135766948,0.974689992,0.90788733,0.295744043,0.893973676,0.044316707,0.549675561,0.053796351,0.27623443,0.528523122,0.251584389,0.113040574,0.740601246,0.002525665,30.30818803,2.651634998,198,Y
37,DC-3,2017-07-27,NA,2017transect,SS-0000,5304,115.9006931,NA,75390.28565,1647.395618,NA,NA,NA,NA,14.21385476,NA,NA,5.852635225,99.85853501,16.08221659,83.91778341,1.25264552,0.262048749,40.76302455,0.735900026,16.07973807,40.02771318,21.6,28.17562407,3.00299011,NA,1.95966111,2.113707834,4,10,-26.75943258,2.107285329,NA,NA,NA,NA,DC-3_NA_SS-0000_2017-07-27_Sample_1,0.616737503,4009.144447,46.81953887,0.905201305,0.42016001,0.173966528,0.197048091,0.129103465,0.079721906,0.654156389,0.270852326,0.306788519,0.201004033,0.124120794,6.674190657,3.982190057,0.246235133,0.988850562,0.871729847,0.130612068,0.52012208,0.123597426,0.225762354,0.525986535,0.253491548,0.12807233,NA,NA,NA,NA,NA,NA,NA,NA,NA,NA,NA,NA,NA,NA,NA,NA,NA,NA,NA,NA,NA,NA,0.755871879,NA,NA,NA,208,Y
38,DC-4,2017-07-27,NA,2017transect,SS-0000,1847,34.6092772,NA,94220.37504,1765.511141,NA,NA,NA,NA,51.01265568,NA,NA,5.642006279,95.37286369,13.05474471,84.07780954,1.383659281,0.254620083,22.35343297,0.79789086,42.15004295,31.78153742,21.57526355,30.99378237,3.071419986,NA,0.601230787,0.671334691,14,29,-27.10404429,1.880938978,NA,NA,NA,NA,DC-4_NA_SS-0000_2017-07-27_Sample_1,0.484932214,1444.548071,16.22747388,0.883472792,0.406290334,0.153899152,0.180737992,0.123260506,0.135812016,0.68725232,0.260325045,0.30572375,0.208498854,0.22973011,3.798150738,2.289381565,0.291313962,0.963514648,0.890511592,0.234459255,0.536766696,0.116400302,0.224063854,0.557092409,0.268796896,0.156367633,NA,NA,NA,NA,NA,NA,NA,NA,NA,NA,NA,NA,NA,NA,NA,NA,NA,NA,NA,NA,NA,NA,0.782105074,NA,NA,NA,208,Y
39,SC-1A,2017-07-27,NA,2017transect,SS-0000,3.481481481,NA,1.04,166.2677906,NA,NA,49.66808042,NA,NA,47.75776963,NA,NA,17.49553318,79.83346999,97.551408,2.448591995,0,0.130706694,0.527778855,4.671137894,32.99757436,3.782602803,19.6,1.963773428,18.77299997,21,0,0,0,0,NA,NA,NA,NA,NA,NA,NA,NA,NA,NA,NA,NA,NA,NA,NA,NA,NA,NA,NA,NA,NA,NA,NA,NA,NA,NA,NA,NA,NA,NA,NA,NA,NA,NA,NA,NA,NA,NA,NA,NA,NA,NA,NA,NA,NA,NA,NA,NA,NA,NA,NA,NA,NA,NA,NA,NA,NA,NA,NA,208,N
40,SC-2B,2017-07-27,NA,2017transect,SS-0000,3.533980583,0.308915167,1.24,153.2561442,13.39654995,67.17093109,53.77438114,NA,NA,43.36643641,NA,NA,13.8079546,86.68117536,89.2426086,10.67842896,0,0.172140745,0.956974606,4.345627678,42.77907489,8.757269041,16.08131989,1.456872314,12.60648424,21,0,0.0063864,0,0,-27.62073075,8.693514266,NA,NA,NA,NA,NA,NA,NA,NA,NA,NA,NA,NA,NA,NA,NA,NA,NA,NA,NA,NA,NA,NA,NA,NA,NA,NA,NA,NA,NA,NA,NA,NA,NA,NA,NA,NA,NA,NA,NA,NA,NA,NA,NA,NA,NA,NA,NA,NA,NA,NA,NA,NA,NA,NA,NA,NA,NA,208,N
41,SC-3B,2017-07-27,NA,2017transect,SS-0000,3490.666667,74.34611739,1.81,87964.36794,1873.512956,1919.124732,45.61177596,NA,NA,25.19987622,NA,NA,12.82330276,67.38026326,74.08666352,24.51847735,0,0.186323851,1.718629205,3.360283186,46.23566355,12.2125809,16.52160379,6.333531878,11.18881997,21,0.197490539,0.208209412,7,7,-27.09837259,2.186650511,NA,NA,NA,NA,SC-3B_NA_SS-0000_2017-07-27_Sample_1,0.651750993,1364.946378,16.18604682,0.887170093,0.435703545,0.183272184,0.141880106,0.127066048,0.112078117,0.744034125,0.312966834,0.24228318,0.216985785,0.191391474,4.597859758,2.620902423,0.312403815,0.913781421,0.904507283,0.196723548,0.515593223,0.139624542,0.241859852,0.564241306,0.290520181,0.16107329,NA,NA,NA,NA,NA,NA,NA,NA,NA,NA,NA,NA,NA,NA,NA,NA,NA,NA,NA,NA,NA,NA,0.391027419,NA,NA,NA,208,Y
42,SC-4B,2017-07-25,NA,2017transect,SS-0000,364.8095238,7.779358916,3.7999,8130.340489,173.3749605,258.0615676,84.68660714,NA,NA,22.28653573,NA,NA,10.9752791,65.3993592,52.49727387,45.56401346,0.058809728,0.206499293,2.148211762,2.162290575,51.32404499,19.44737195,17.51868858,10.75189292,8.825925748,38.9,0.253390911,0.299889794,21,15,-27.07409895,2.153455755,NA,NA,NA,NA,SC-4B_NA_SS-0000_2017-07-25_Sample_1,0.505509738,442.6699677,4.908820211,0.890946701,0.34965778,0.1877694,0.203465949,0.126858,0.132248871,0.619062809,0.332442346,0.360232802,0.224599807,0.234144246,3.736415056,2.284517235,0.262760709,1.010231702,0.908461195,0.24313712,0.55545094,0.155033187,0.258735789,0.549825292,0.248506333,0.145950683,NA,NA,NA,NA,NA,NA,NA,NA,NA,NA,NA,NA,NA,NA,NA,NA,NA,NA,NA,NA,NA,NA,1.213427662,NA,NA,NA,206,Y
43,SC-5B,2017-07-25,NA,2017transect,SS-0000,658.8966248,12.20549233,5.76,10773.38907,199.5677511,293.7475035,94.17975245,NA,NA,16.35065147,NA,NA,8.652608776,72.81004485,33.03383565,59.61022679,0.357764195,0.220270884,3.018897698,1.498068727,54.86657927,23.94394222,19.4359039,19.68247062,6.33614226,39.2,0.406432881,0.487483248,74,52,-26.99088786,1.80496889,NA,NA,NA,NA,SC-5B_NA_SS-0000_2017-07-25_Sample_1,0.451964237,852.7341235,9.231906485,0.90613537,0.344914381,0.209166759,0.21555109,0.133286783,0.097080988,0.584692473,0.354575617,0.365398217,0.225945287,0.164569893,5.2564991,3.236606342,0.231141192,1.037346352,0.899024173,0.171030976,0.553559943,0.174998011,0.267951439,0.53363078,0.229848803,0.127950505,NA,NA,NA,NA,NA,NA,NA,NA,NA,NA,NA,NA,NA,NA,NA,NA,NA,NA,NA,NA,NA,NA,1.294184993,NA,NA,NA,206,Y
44,SC-6B,2017-07-25,NA,2017transect,SS-0000,1056.349206,18.47685856,6.13,20461.8367,357.9029173,476.6430633,118.740146,NA,NA,19.37033376,NA,NA,8.365188073,72.22061606,30.34510758,63.13860726,0.355358032,0.225780017,3.891867828,1.264148035,56.7654605,23.69878509,19.85635709,22.89096441,5.937653803,36.8,0.383868086,0.470837381,85,60,-26.94207228,1.72144645,NA,NA,NA,NA,SC-6B_NA_SS-0000_2017-07-25_Sample_1,0.468690037,1201.85142,13.39158723,0.892552519,0.365152111,0.183766722,0.197269847,0.127972512,0.125838808,0.638305671,0.321234186,0.34483838,0.223702883,0.219973053,3.912313167,2.322810071,0.265678494,0.986658334,0.915829098,0.234088903,0.543744061,0.149603055,0.252155849,0.551096608,0.249634911,0.144461104,NA,NA,NA,NA,NA,NA,NA,NA,NA,NA,NA,NA,NA,NA,NA,NA,NA,NA,NA,NA,NA,NA,1.137740638,NA,NA,NA,206,Y
45,SC-7B,2017-07-25,NA,2017transect,SS-0000,1029.427949,22.7205916,6.95,19442.59457,429.1191543,560.382379,131.2632248,NA,NA,18.88679493,NA,NA,8.053518177,74.64327741,28.96516263,65.22871279,0.545383997,0.229138713,5.528218921,1.161751715,55.67658832,24.33191152,20.04092731,26.73619458,5.643211499,36.9,0.363857453,0.467618994,95,65,-27.00556825,2.19968251,NA,NA,NA,NA,SC-7B_NA_SS-0000_2017-07-25_Sample_1,0.478525789,1038.651877,11.68466084,0.901436984,0.378587887,0.175638387,0.209243479,0.128060374,0.108469873,0.635164221,0.294671919,0.351051833,0.214849367,0.181982004,4.673246961,2.860918893,0.248243204,0.996879223,0.905548118,0.193772793,0.554368246,0.139182131,0.243580672,0.556103722,0.251906621,0.137618149,NA,NA,NA,NA,NA,NA,NA,NA,NA,NA,NA,NA,NA,NA,NA,NA,NA,NA,NA,NA,NA,NA,1.008960247,NA,NA,NA,206,Y
46,SC-8B,2017-07-25,NA,2017transect,SS-0000,1102.386499,19.80073812,9.9801,16187.61178,290.7570636,437.3063768,146.5493132,NA,NA,14.68415278,NA,NA,7.440959515,79.75307118,24.80911463,70.35446416,0.761182798,0.236467681,10.52042301,1.039769407,51.45789852,26.47174227,20.46289631,32.04790903,5.037970664,38.6,0.4120231,0.504733177,109,94,-26.89848964,1.773200428,NA,NA,NA,NA,SC-8B_NA_SS-0000_2017-07-25_Sample_1,0.470144653,1763.624913,19.35488735,0.869181776,0.358606687,0.161248471,0.188356545,0.123211542,0.168576756,0.639217829,0.287426034,0.335746281,0.219625057,0.300488729,2.919671433,1.806205449,0.318180723,0.990716991,0.878714309,0.300963423,0.543601775,0.131278315,0.24138309,0.548695318,0.25492977,0.172963606,NA,NA,NA,NA,NA,NA,NA,NA,NA,NA,NA,NA,NA,NA,NA,NA,NA,NA,NA,NA,NA,NA,1.599824485,NA,NA,NA,206,Y
47,SC-9A,2017-07-25,NA,2017transect,SS-0000,938.1045752,15.84305291,6.6201,15297.96172,258.3575684,366.3135885,107.9560201,NA,NA,16.30730958,NA,NA,7.159137973,80.2218529,23.92927759,71.26694593,0.77455007,0.239415999,12.42535393,0.966581279,48.32211194,28.34745947,20.55060011,40.44848355,4.815590492,38.7,0.378796049,0.464029646,109,94,-26.92933305,1.65895842,NA,NA,NA,NA,NA,NA,NA,NA,NA,NA,NA,NA,NA,NA,NA,NA,NA,NA,NA,NA,NA,NA,NA,NA,NA,NA,NA,NA,NA,NA,NA,NA,NA,NA,NA,NA,NA,NA,NA,NA,NA,NA,NA,NA,NA,NA,NA,NA,NA,NA,NA,NA,NA,NA,NA,NA,NA,206,Y
48,SC Outlet,2017-07-10,NA,2017transect,SS-0000,1001.233595,17.8832618,4.396,2973.848793,53.11659214,66.17352446,13.05693232,-20.78,167.7560367,2.970184787,NA,NA,7.045697633,80.00708682,23.49031061,71.64368973,0.773848958,0.240833485,13.35789624,0.940439891,46.95248034,29.05748127,20.56918229,41.96820734,4.710855487,0,0.367549957,0.450253051,109,94,-26.95198136,1.986240898,0.05,0.962795007,16.31138201,2809.958126,SC Outlet_NA_SS-0000_2017-07-10_Sample_1,0.569651826,528.8172791,6.006959508,0.863543523,0.413511737,0.159815096,0.144482352,0.115496334,0.166694481,0.714937373,0.276310862,0.249801454,0.199686342,0.288204913,3.043455423,1.766577621,0.345613925,0.93844987,0.869483491,0.285689577,0.504692813,0.121784023,0.221958932,0.53779411,0.281272107,0.174428864,0.649617154,0.650567728,0.886148352,10.60914726,6.470456962,0.275167666,1.03326115,0.609894161,0.510486693,0.342261913,0.147251393,0.474348494,0.318032625,0.136827223,0.882589054,0.083191328,0.538285911,0.059147499,0.265237077,0.52095824,0.263686675,0.148118878,0.528165736,0.005265,16.30611701,3.709307783,191,Y
49,SC Outlet,2017-08-07,NA,2017transect,SS-0000,652.9324159,12.06403314,3.712,NA,NA,NA,NA,-20.43,NA,NA,NA,NA,7.036902996,79.88130832,23.45671413,71.54129679,0.78881132,0.240877708,13.45068947,0.938961232,46.8786567,29.01253868,20.55347823,42.61974095,4.704187391,10.1,0.366972056,0.449545115,109,94,-27.15470133,1.83232581,0.00805,1.147046853,11.32500413,2017.295568,SC Outlet_NA_SS-0000_2017-08-07_Sample_1,0.629507151,427.8917788,5.093599502,0.869901733,0.382986207,0.17310961,0.154757609,0.123815726,0.165330849,0.706436542,0.31930903,0.285457878,0.228384083,0.30496073,2.948494596,1.717141577,0.33854199,0.932052433,0.920410631,0.312162902,0.536027898,0.146839963,0.254694411,0.575104876,0.280732501,0.181467952,0.651103627,0.651380941,0.884880912,14.56811961,9.044495738,0.256205582,1.047167029,0.620841672,0.519278414,0.347492124,0.133229462,5.473252332,3.662605705,1.404253371,0.696348468,0.047799475,0.432322147,0.046684364,0.208095983,0.412849273,0.207961432,0.110763347,0.655338544,0.002525665,11.32247846,3.050236654,219,Y
