"","site","date","loc","campaign","trans","tssmgL","POCmgL","DOCmgL","tssyield","pocyield","tocyield","docyield","delta18opermille","Cayield","wateryield","streampower","slope","meanslope_deg","percshale","colluvial_perc","piedmont_perc","moraine_perc","lakeperc","scaledgpp","forest_perc","grassland_perc","lichenmoss_perc","shrubland_perc","wmeanSOCC_100CM","gldistkm","meanrough","RainTot96","percslump17act","percslump17all","slumpacccount","strahlerimpactacc","PO13C","POCTSSrat","FemgL","SR_d","a254dec_d","atot250450_d","sampcode","SR_p","atot250450_p","a254naperian_p","HIX_p","prcntC1_p","prcntC2_p","prcntC3_p","prcntC4_p","prcntC5_p","normC1_p","normC2_p","normC3_p","normC4_p","normC5_p","pkAB_p","pkCB_p","pkTC_p","pkCM_p","normA_p","normB_p","normC_p","normE_p","normD_p","normM_p","normN_p","normT_p","FrI_d","BIX_d","HIX_d","pkAB_d","pkCB_d","pkTC_d","pkCM_d","pkCA_d","prcntC1_d","prcntC2_d","prcntC3_d","normC1_d","normC2_d","normC3_d","normA_d","normB_d","normC_d","normE_d","normD_d","normM_d","normN_d","normT_d","atot250450TSSstd","a254Fe","a254decfecor","SUVA254","JDay","slumpYN"
"1","0","2017-07-17",NA,"2017synoptic","SS-0000",424425,6743.87879966405,6.136,1391616.82570109,22112.0226379251,22132.1415301734,20.1188922483404,-25.28,273.454304679203,3.27882859327582,17.1832739177549,0.078708913450861,6.39851505237467,0.235021370015589,99.4644128909625,0,0,0,0.2347246047,1.9709666854198,0.172337834839342,66.9740861629094,30.4583931080212,21.6,6.32055478062423,3.03049215588584,0.4,3.49557199014626,3.61981438948145,6,6,-26.7082799739183,1.59241530098325,0.00805,0.955239290035877,10.3580198019802,1640.69438622937,"0_NA_SS-0000_2017-07-17_Sample_1",0.6842158564166,63876.7765850639,786.538190348577,NA,NA,NA,NA,NA,NA,NA,NA,NA,NA,NA,NA,NA,NA,NA,NA,NA,NA,NA,NA,NA,NA,NA,0.871668559964172,0.915483344323013,0.872170196273482,6.47675907238862,4.24021658156821,0.389137727171391,0.979135147793733,0.654681845376166,0.494522559337721,0.358549790476186,0.146927650186093,1.48821414463912,1.07901825643437,0.442163462751561,0.855455099149099,0.132080735069493,0.560050922947383,0.0471517561080376,0.199528215585575,0.571985311945277,0.40179508517355,0.217936943255984,0.15050191808933,0.002525665,10.3554941369802,1.6876620171089,198,"Y"
"2","1","2017-08-03",NA,"2017synoptic","SS-0000",1.13974415599478,0.122240235368529,2.93,21.1079731337383,2.26387965268283,56.5272517933129,54.2633721406301,-20.07,120.009096065284,18.519922232297,14.7383445447774,0.0847250780442559,9.99417936984734,100,100,0,0,0,0.1963546817,0,0,52.2078006759768,8.73934540493947,19.6,-0.426071342000547,6.44751278150899,0.1,0,0,0,0,-28.1860785742415,11.2496448491327,0.13,0.911681024918153,11.7514397689769,2200.75883754538,"1_NA_SS-0000_2017-08-03_Sample_1",0.63221474479828,51.5592348150458,0.63000331850769,0.919195285,0.252205740347498,0.170280841677761,0.345243066514893,0.139993023982134,0.0922773274777149,0.389949833248476,0.263281024952737,0.533800206260891,0.216451284108628,0.142675295229088,5.77485641915012,3.93325345704846,0.201420006205064,1.13336807074326,0.839976410850884,0.145454077103185,0.572107751607896,0.131591361925976,0.237792006561883,0.504785485294913,0.177557996774505,0.115233946878828,0.560370496436065,0.5675297411135,0.928570318305513,25.7895465373443,18.3738798856229,0.165674774503766,1.20095752826815,0.712454554368252,0.522738673931546,0.294301974491983,0.18295935157647,0.414949154190239,0.233616454037142,0.145232851468328,0.417890633569916,0.0162038767515665,0.297728085114721,0.033598533824491,0.145721290850792,0.247908921095705,0.100056863976226,0.0493260333648196,45.2375513784007,0.010489,11.7409507689769,4.00715043309792,215,"N"
"3","10","2017-07-22",NA,"2017synoptic","SS-0000",27601.25,175.656045483018,9.976,17548.3865784365,111.679006964374,118.021571323107,6.34256435873313,-20.55,28.8899483220563,0.635782313425534,32.6092297226949,0.0494963332489907,5.64077872296588,91.9075169362564,27.5587198144479,44.8913888841822,22.1108052174363,1.22416337347444,0.250540446373062,6.71129426774364,0.673480290566369,58.8962536568112,30.1997168237932,21.5471401600267,19.4001576390015,2.84464457549354,37.5,0.536818423679909,0.590872263334586,7,16,-27.0369251771454,0.656044987798386,0.12,0.99907539445122,36.3118275577558,6709.38326613449,"10_NA_SS-0000_2017-07-22_Sample_1",0.5365500729241,12991.0291861839,146.088551759621,0.909885778,0.400010816953686,0.186724484530541,0.212332948575911,0.131050168793995,0.069881581145867,0.653510808858644,0.305057922804611,0.346895311551665,0.214100964723515,0.114167834176955,7.49284143897719,4.6290740138161,0.226655276023438,1.00050306029103,0.913603672333045,0.121930202283549,0.564423930890116,0.144152963782412,0.246029589930719,0.564140134389929,0.255788585452373,0.127929661850133,NA,NA,NA,NA,NA,NA,NA,NA,NA,NA,NA,NA,NA,NA,NA,NA,NA,NA,NA,NA,NA,NA,0.470668146775378,0.009836,36.3019915577558,3.63893259400118,203,"Y"
"4","12-1","2017-08-09",NA,"2017synoptic","SS-0000",6.06507936507937,1.10346520155059,24.46,1.01834148815997,0.18527447504639,4.2921676088458,4.10689313379941,-19.98,8.43541745879323,0.167902417571521,0.0274488748673895,0.0787713509849876,3.03479205934939,100,0,0,100,0,0.2685050167,16.6923445032105,0,8.04673752489151,70.9945097768108,21.6,31.2565358071998,0.460677004764547,0,0,0,0,0,-28.3154753748406,17.9425236024486,2.42,0.664983274930475,113.238968646865,19606.4450993729,"12-1_NA_SS-0000_2017-08-09_Sample_1",0.624842661557519,507.330677950346,6.81277775255522,0.935215064,0.30468383674027,0.12587121679058,0.39571580803872,0.138658393805571,0.0350707446248587,0.415515425446765,0.171658046438561,0.539661125750447,0.189096678413568,0.0478280552373227,14.3047833881269,9.65689425928405,0.137717269574606,1.08777369325271,0.840882539414932,0.0587833116097985,0.567664224426368,0.0853256925550789,0.190858864592928,0.521858754212847,0.172924843789861,0.0781771670231856,0.560884241883204,0.565649473094082,0.941141634125787,28.3638790983918,17.8287560216249,0.15560303975635,1.11300509324667,0.628572557363488,0.509940452990542,0.305651078998491,0.184408468010967,0.0909523493758482,0.0545155489452635,0.0328908665943972,0.892672592817945,0.0314721618196631,0.561109494555872,0.0544230891149128,0.247810235624417,0.504139197529725,0.218257095106896,0.0873103429890426,83.6478218028573,0.160026,113.078942646865,4.62301482611876,221,"N"
"5","13","2017-07-13",NA,"2017synoptic","SS-0000",4.94174488395109,1.79924263473865,13.36,10.1508496863584,3.69582849042523,31.1386356353622,27.442807144937,-19.77,3.04007145018763,2.05410233120786,3.18599184263982,0.0700554792582109,2.21541253341587,100,0,53.8612701795831,46.1387298204169,0.476443085208316,0.2629929184,0,0,85.9118143363968,13.55937702195,21.6,11.9843263652641,0.356833477304614,0,0,0,0,0,-29.2770176591351,33.1110623753988,1.26,0.741309201480112,78.5047896039604,13730.2619420421,"13_NA_SS-0000_2017-07-13_Sample_1",0.487050020748564,1282.36481197018,15.6816772744785,0.939601768,0.244759540725454,0.161057881613233,0.425190852738405,0.136945162150227,0.0320465627726812,0.337205376850943,0.221889547198994,0.585785711585611,0.188669438069339,0.0441505701657641,16.7210650961616,11.3112615535194,0.134311645094009,1.14649210901693,0.835379177080717,0.0499596869144706,0.565107085821517,0.107376146238803,0.206516600791501,0.492900981504422,0.149026723294359,0.0759004623509693,0.518330280929084,0.527441672675633,0.945910342259424,30.21514705051,19.7438938930843,0.140114239270564,1.23353874529744,0.653443581130975,0.436497231996192,0.363425150075695,0.200077617928113,0.0317670317259983,0.0264490526542011,0.0145610821111461,0.885120614160903,0.0292939370005801,0.578376383850148,0.054566908450351,0.25818843265542,0.468875733376893,0.194858055845374,0.0810387670352232,259.49636051323,0.084278,78.4205116039604,5.86979877275153,194,"N"
"6","14","2017-07-22",NA,"2017synoptic","SS-0000",24.9471960989202,0.813909515200091,11.8,70.8259137219482,2.31071599679811,35.8113057466483,33.5005897498502,-19.99,144.875855502954,2.83903302964832,27.0870930616401,0.0378356590918413,3.37809905520062,98.2262158850136,7.40635390732989,0,92.4131928280545,2.12142804519475,0.2674930217,13.2624575497663,0.0175022778293851,30.7688956524235,53.2103221211998,21.6,34.2187453097455,1.70456770312664,37.5,0,0,0,0,-27.5648327681141,3.14250778069534,0.2,0.871231978117691,44.4444843234323,7570.0447117698,"14_NA_SS-0000_2017-07-22_Sample_1",0.689324157450166,75.321505745722,0.90793176715092,0.849865748,0.34385282449937,0.11025121247846,0.194266885870062,0.137067508970655,0.214561568181453,0.599443130648267,0.192202382115307,0.338668005466545,0.238951582867336,0.374047990836635,2.39979279816264,1.44774671736848,0.354851860213409,1.01182978269196,0.862801559878888,0.359531689794,0.520510823689207,0.0924662628497982,0.225275475190317,0.514425284363932,0.248498118852874,0.184704234047329,0.581751912582182,0.584221933965767,0.940230763493531,18.3332626433884,11.5729989765929,0.169124867320339,1.09725958728713,0.631256923642366,0.525421309083968,0.332871110786543,0.14170758012949,0.842623649200068,0.533828882146485,0.227257928492084,0.884822397652497,0.0482632259660337,0.558550264711978,0.0625786592670694,0.287227704711697,0.509041134097486,0.220929060750758,0.0944647394111533,3.0192373302017,0.01506,44.4294243234323,3.76520545113833,203,"N"
"7","19","2017-07-22",NA,"2017synoptic","SS-0000",1872.22298534798,31.82357817514,2.108,38984.1140415196,662.642222907164,706.535772469717,43.8935495625534,-20.84,517.644042753832,20.8223669651582,97.4745901972056,0.0524348229155489,8.59278030396376,100,66.7847807659372,33.2152192340628,0,0,0.2134850385,0.0889819401641414,2.32849245517137,50.5346306709731,20.9253071895183,20.5377825319916,3.95046887847813,5.02998792450925,37.5,1.14843141799723,1.36987337776363,7,2,-26.8489159105721,1.74265592365973,0.55,0.94302678535184,9.17592821782178,2034.09190564769,"19_NA_SS-0000_2017-07-22_Sample_1",0.661698819123161,1896.93338474514,20.700507477081,0.838036162,0.410706396269615,0.13084712861674,0.116545140265855,0.12138872012,0.22051261472779,0.784230999797963,0.249848493784928,0.222539294986497,0.231787959010527,0.421061931069886,2.1635896198118,1.26575711254495,0.401478943891298,0.913595162870476,0.902098782931324,0.416945420088397,0.527751631019931,0.110076065844166,0.235883597484457,0.577664651115006,0.312906226808536,0.211881167458792,0.70023097946657,0.715534318817567,0.874150236136677,8.86595586342493,6.75169538975352,0.248347922716297,1.11057891936335,0.761530453541569,0.43022697980473,0.355361386663725,0.214411633531545,0.197801467835282,0.163381208509912,0.0985780479242599,0.222916298738344,0.0251429515522347,0.169757550080019,0.0128733859760709,0.0643984556010794,0.152855008428698,0.076525086256783,0.0421589349277806,1.01319842753269,0.037915,9.13801321782178,4.33492088131963,203,"Y"
"8","20","2017-07-22",NA,"2017synoptic","SS-0000",18214.5833333334,295.33033725181,4.318,564025.101179526,9145.07459772631,9278.78396358571,133.7093658594,-20.91,870.44239794065,30.96557801283,52.8538538547821,0.0655878091249966,3.71095551494944,100,0,100,0,1.67641735072114,0.2397805363,0.169589143648588,0,73.3849037368563,24.4006787774135,21.5932514411744,3.9333504724871,0.906847624756377,37.5,3.09099092038701,3.09099083644786,3,2,-26.9448245351716,1.57383606315912,0.09,1.17417733534919,16.1757632013201,3279.99801318069,"20_NA_SS-0000_2017-07-22_Sample_1",0.509463084796722,10731.0736542987,121.931979237804,0.905906017,0.408122408616371,0.193049456977666,0.178068317173965,0.136232604605388,0.0845272126266103,0.697093968575071,0.329738356078167,0.304149802303466,0.232692263371787,0.144376806709136,6.16440731566419,3.59788098386379,0.262866535967171,0.97661165264464,0.937634000578233,0.152104485080932,0.54725383443308,0.151608061602199,0.260537144444368,0.56035972226128,0.277675979754426,0.143854719752176,0.703540769876697,0.705446592183447,0.864121536510616,6.78488372890225,4.39126927690239,0.315185817246591,1.05576280749,0.647213637309134,0.460810441642909,0.379453893672796,0.159735664684294,0.63119943941412,0.519760542134971,0.218799430073026,0.710479354445892,0.104715037550222,0.459831927223971,0.0490248543941932,0.206792512469346,0.435544730276288,0.244094824011603,0.144932501778162,0.589147358351064,0.007877,16.1678862013201,3.74429972239928,203,"Y"
"9","23","2017-07-20",NA,"2017synoptic","SS-0000",10214.3650793651,213.120663633538,2.855,18719.8489386695,390.585865879079,395.818219364062,5.23235348498271,-21.13,288.246779726123,1.83269824342652,16.2546238517947,0.065554663893585,12.5698296341815,89.1172748807889,65.1490695827938,34.8509304172062,0,0.325546073609374,0.2266299701,2.32910266381718,1.07144380581719,59.7463675426632,16.534594911833,21.6,12.7051866229019,10.2381773181533,0,1.91983151786428,1.91983156799729,4,3,-26.9487228048541,1.83172035783015,0.00805,1.42227590356311,8.55483085808581,1641.84747286716,"23_NA_SS-0000_2017-07-20_Sample_1",0.52133686161173,6146.5071870611,70.1055340649806,0.908159644,0.394180462116825,0.200890707209359,0.180927031443017,0.131111482045769,0.0928903171850301,0.679707086484408,0.346406913639968,0.311982447704265,0.226082751507785,0.160175891309744,5.27279828419763,2.99887656470851,0.246481191039142,0.95100447803606,0.937332042720912,0.177767476053476,0.533102717904152,0.161145605434912,0.261016214543023,0.560568041703729,0.263047413069105,0.131399792855219,0.757955087394442,0.769155538275497,0.895201856439145,9.7992790604774,5.83741001499383,0.287875458297903,1.00367699924711,0.595697905832416,0.474021406372801,0.380699372482817,0.145279221144382,0.357989495856518,0.287511016582302,0.109717482030763,0.71085840440368,0.0725419084420939,0.423456862846645,0.0491920383252906,0.197507746993307,0.421905516579831,0.243812369917359,0.12190283846137,0.601751272771538,0.002525665,8.55230519308581,2.99555348269205,201,"Y"
"10","24","2017-07-20",NA,"2017synoptic","SS-0000",2.77875295195799,NA,2.604,3.34840593901677,NA,NA,3.1378280890555,-20.82,100.388808793861,1.20500310639612,2.71001573126704,0.0626270223321313,12.3755123673137,100,68.6631859328511,31.3368140671488,0,0,0.2319918888,4.37523945628887,2.39286919460781,58.7914361232326,14.9367826669129,21.6,12.7184636908255,9.94666213991027,0,0,0,0,0,NA,NA,0.00805,1.33983594811818,8.90604785478548,1654.5437959571,NA,NA,NA,NA,NA,NA,NA,NA,NA,NA,NA,NA,NA,NA,NA,NA,NA,NA,NA,NA,NA,NA,NA,NA,NA,NA,NA,NA,NA,NA,NA,NA,NA,NA,NA,NA,NA,NA,NA,NA,NA,NA,NA,NA,NA,NA,NA,NA,NA,NA,0.002525665,8.90352218978548,3.41917134784389,201,"N"
"11","26","2017-07-14",NA,"2017synoptic","SS-0000",1.41563458856346,0.102861702904691,1.074,18.7739006486322,1.3641340826812,15.6073360074744,14.2432019247932,-21.83,1689.02625432185,13.2618267456176,29.0217852556787,0.0524434008364732,14.7962268089861,100,92.4889526402868,7.51104735971318,0,0,0.1565292365,0.355540942446362,1.05446785713755,25.5023318746712,2.68541510565595,19.6,0.199757044733126,12.8652335931453,0,0,0,0,0,-27.601087761303,8.03607053942898,0.16,0.497755009029908,3.00444306930693,505.678669278053,"26_NA_SS-0000_2017-07-14_Sample_1",0.49905689776282,51.2719783778578,0.577931113051305,0.860701876,0.287124845797128,0.11783733435183,0.288689926881588,0.136988007965411,0.169359885004043,0.473176320142951,0.194193700267409,0.47575554419517,0.225753648496813,0.279101890132727,3.476015781736,2.50742221527328,0.235100986671896,1.07330848209737,0.813608069114662,0.234063399075918,0.586895766625331,0.0759397937658538,0.223841613599871,0.546809958567054,0.195679993123687,0.137979773807174,0.677659461183687,0.688889826661348,0.799843764605427,11.8047687275876,8.4530064226117,0.322055785143463,1.09382830671427,0.716067092687476,0.420532898385657,0.329941219143715,0.249525882470628,0.104161010406261,0.0817225260915638,0.0618046011154617,0.118625212113554,0.0100489230116239,0.0849436107575876,0.00619221240967932,0.0337810958568751,0.0776571699929291,0.0387110554786434,0.0273565812554555,36.2183707519374,0.012448,2.99199506930693,2.78584270885189,195,"N"
"12","27","2017-07-12",NA,"2017synoptic","SS-0000",2,NA,2.938,22.8168089161554,NA,NA,33.5178922978322,-21.97,468.315003004089,11.4084044580777,6.22495894133069,0.0641620373791348,6.59094228932644,90.4727857091637,63.5187631909168,36.4812368090832,0,0,0.2207185366,0,0,82.7967245798994,17.2032754201006,21.6,2.15000418869546,2.56385319996026,0,0,0,0,0,NA,NA,0.00805,0.992110097913269,10.2865800330033,1810.40193368399,"27_NA_SS-0000_2017-07-12_Sample_1",0.84626020786697,20.8327641283084,0.257309744431882,0.887870426,0.304093933301084,0.161763354126973,0.272898580604075,0.132458929431575,0.128785202536292,0.490627632711447,0.260990315174095,0.440296796186081,0.213710317312255,0.207783096370045,4.55268910310979,2.9393305517784,0.312689874790446,1.09004846770648,0.842995390394707,0.185164277925081,0.544259019203176,0.126365866679851,0.2286709193029,0.499297999425956,0.22441176747319,0.170184284568212,0.594581530120231,0.596543070700121,0.93025228034368,24.2263124727686,15.2305868000988,0.179669442392516,1.09108195452315,0.628679532521455,0.430079939243424,0.430524870747433,0.139395190009143,1.01953992991888,1.02059467670669,0.330447782574932,0.612126665071449,0.0252670176593943,0.384831505641036,0.0435995117772457,0.183323313316865,0.352706324255195,0.159546446596439,0.0691424620335972,10.4163820641542,0.002525665,10.2840543680033,3.50035887270364,193,"N"
"13","29","2017-07-20",NA,"2017synoptic","SS-0000",0.370201686004351,0.044154043134458,1.472,0.952642177534923,0.113621859080584,3.90152812300539,3.78790626392481,-21.81,74.7545359830269,2.57330588581848,15.2483599713728,0.0436614981337897,6.00413637133234,39.4998735309636,57.6143117552736,0,42.3856882447264,0.0078780332157411,0.224013328,0.366442566801793,0.134529238367249,59.1274783633003,25.2620242557309,12.7,3.08641717772349,2.20817449123229,0,0.0929793098501544,0.0929793357973952,0,0,-31.1882913695052,12.3631320776482,0.00805,1.27339100971451,5.24907590759076,947.600265684818,NA,NA,NA,NA,NA,NA,NA,NA,NA,NA,NA,NA,NA,NA,NA,NA,NA,NA,NA,NA,NA,NA,NA,NA,NA,NA,NA,NA,NA,NA,NA,NA,NA,NA,NA,NA,NA,NA,NA,NA,NA,NA,NA,NA,NA,NA,NA,NA,NA,NA,0.002525665,5.24655024259076,3.56423250176003,201,"N"
"14","3","2017-07-22",NA,"2017synoptic","SS-0000",0.857777777777776,0.0878829604461967,1.044,24.7763183442873,2.53843858102079,32.693657125441,30.1552185444202,-21.08,926.897474224564,28.8843089505941,329.032663532152,0.0189150573119624,13.8891552389166,90.5517235943891,94.9578991374016,0,0.456584324941666,0,0.1740477157,1.26483911832416,4.87538379947859,43.0857508971331,8.46277857961578,15.7026643759332,1.24186604027067,12.3506114952137,37.5,0,0,0,0,-28.0590306701336,10.8052820220734,0.00805,1.24841564185457,3.59791254125413,766.116949084158,"3_NA_SS-0000_2017-07-22_Sample_1",0.74025691097841,29.1780241336184,0.361226660490639,0.887652259,0.266253814089225,0.141506757830363,0.325359095280294,0.128429503553699,0.138450829246419,0.408366173349752,0.217035663492695,0.499018762073494,0.196978454903399,0.212348640074366,4.22862555806163,2.88321405638871,0.266939193710912,1.11592914514154,0.81012307253166,0.191580706640532,0.552368186318863,0.103790032820518,0.210132603385648,0.494984998576054,0.195384199193204,0.147448718287516,0.667024300821688,0.673166027491908,0.896347778139314,13.5878040713037,9.60777892181782,0.275919487886799,1.11116535742453,0.707088420719034,0.518331747901648,0.327834440668584,0.153833811429768,0.48718210000691,0.308132912765007,0.144589019692157,0.135621497582519,0.00998111960334638,0.0958963905411739,0.00931219054722413,0.0404021724572528,0.086302538051981,0.0367737481614922,0.0264596829683132,34.0158312438557,0.002525665,3.59538687625413,3.44385716116296,203,"N"
"15","30","2017-07-14",NA,"2017synoptic","SS-0000",0.71575559162563,0.146768200772751,1.028,3.33967909526528,0.684812941324288,5.48140852520958,4.7965955838853,-21.87,163.541512855233,4.66594901156157,2.39689321928429,0.0320184721885159,11.83508509624,78.3317911998827,96.6073758113468,0,0,0.322772299492219,0.173848875,1.10390653736746,1.08246154922206,36.3994181501034,3.63019807169971,19.6,-0.840288916177133,9.56276543505566,0,0,0,0,0,-28.9542955365112,19.7164510676647,0.04,0.797025383795069,3.27102310231023,617.335985462046,"30_NA_SS-0000_2017-07-14_Sample_1",0.697613028993262,66.4641108264554,0.842445973544554,0.872023725,0.305659454814734,0.134864326036571,0.267065342458001,0.149292900524273,0.143117976166421,0.497298323148091,0.219420018370232,0.434506915730232,0.242894855431958,0.232848447639377,4.2784697236467,2.75405089378252,0.246348965246557,1.08228686949999,0.849414658539875,0.198532352314015,0.54676820233516,0.0807575086696257,0.238227417599271,0.505197113393572,0.209198704598591,0.134695780874987,0.835920676667821,0.868227566840519,0.865184860484898,26.8747527378116,20.8285160752316,0.228876701343568,1.25861950244044,0.775021682187488,0.412352048746261,0.424753080020505,0.162894871233234,0.144119115731548,0.148453338556043,0.0569325770799897,0.121773821526286,0.00453116062924574,0.0943773520057012,0.0072710414521609,0.0397323384897186,0.0749848161598523,0.032356064679725,0.0216007770086057,92.8586679644396,0.004612,3.26641110231023,3.17744270652746,195,"N"
"16","31","2017-07-29",NA,"2017synoptic","SS-0000",3.48350837772429,0.164196294962483,0.919,94.1513855774302,4.437856035098,29.2763561802257,24.8385001451277,-20.82,2820.61575097446,27.0277477096058,71.924372418647,0.0559207495629693,16.1322937251764,94.2274773402322,100,0,0,0,0.1344787851,0.583339466524674,0.722092864544352,26.2556650231755,1.09435301319298,19.6,-1.00078885369953,15.4630156018799,2.4,0,0,0,0,-27.7618567659549,4.74383751970498,0.00805,1.01093047674633,2.05895214521452,549.158520709571,"31_NA_SS-0000_2017-07-29_Sample_1",0.292765448382307,2.76286068281154,0.034255062342346,0.777505133,0.404896905510415,0.0630602729985116,0.113052766938455,0.144245507908262,0.274744546644356,0.790851554676983,0.123170402787741,0.220816596217508,0.28174279089788,0.536635743310523,1.81130135780261,1.24749843991452,0.511398546108076,0.949467197753516,0.85759541455242,0.473469205363384,0.59065209503839,0.072361393455306,0.252647410347937,0.62208794199094,0.358770322112486,0.302058622658322,0.804709653445594,0.820387215157933,0.795633000926944,25.1388305106638,20.6928790867828,0.18268208586958,1.28830398725705,0.823144063046406,0.404979290389475,0.333120813095904,0.261899896514621,0.0513737850622705,0.0422581535843457,0.0332234000865411,0.0623440547744454,0.00247999025841712,0.0513181385538247,0.00407941651094143,0.0193720488919436,0.0398338738849104,0.0181102638370502,0.00937490459395678,0.793125890116695,0.002525665,2.05642648021452,2.23767843331286,210,"N"
"17","31","2017-08-01",NA,NA,NA,NA,NA,NA,NA,NA,NA,NA,NA,NA,NA,NA,NA,NA,NA,NA,NA,NA,NA,NA,NA,NA,NA,NA,NA,NA,NA,NA,NA,NA,NA,NA,NA,NA,NA,NA,NA,NA,NA,NA,NA,NA,NA,NA,NA,NA,NA,NA,NA,NA,NA,NA,NA,NA,NA,NA,NA,NA,NA,NA,NA,NA,NA,NA,NA,NA,NA,NA,NA,NA,NA,NA,NA,NA,NA,NA,NA,NA,NA,NA,NA,NA,NA,NA,NA,NA,NA,NA,NA,NA,NA,213,"N"
"18","32","2017-07-29",NA,"2017synoptic","SS-0000",2.53497212931996,0.12306073959054,0.8537,88.9411620758315,4.31766687234944,34.2702920653161,29.9526251929666,-20.46,3182.61992650112,35.0856567798602,209.860663687457,0.0723414392098744,16.7792095126157,68.7539820816219,98.5294784258482,0,0,0,0.1461026197,0.367457973517928,4.21736637594179,30.8877209641839,0.936243355650837,19.6,-1.03523657825522,16.6342908452478,2.4,0,0,0,0,-27.0231277609421,4.91913918951491,0.29,1.1526252456633,1.99660478547855,557.736844179043,"32_NA_SS-0000_2017-07-29_Sample_1",-0.301278921971938,2.36539620797356,0.0226781158854406,0.783357753,0.404558588048861,0.0574961117609867,0.145749644117167,0.143489833206853,0.248705822866132,0.74069513539691,0.105268041622828,0.26684899436711,0.262711569040759,0.45534861595765,2.0576779567332,1.52431424605065,0.433571289186054,0.933105492687056,0.818772176265543,0.397910748660319,0.606541022839603,0.065850502055044,0.232246371156548,0.65002406222361,0.319258753446751,0.262978773216794,0.743032782066162,0.763953065919566,0.81893314517218,13.9287502997297,10.6858862280522,0.223816041387117,1.16019332714229,0.767181979582152,0.422449184280995,0.32865568911319,0.248895126605815,0.0572515553437477,0.0445403851502899,0.0337309992441213,0.0693587336267981,0.00497953744121207,0.0532107705651182,0.00436529833020634,0.0226669658389677,0.0458637102285216,0.018524185926188,0.0119094240270429,0.933105409962874,0.020937,1.97566778547855,2.31424128555529,210,"N"
"19","32","2017-08-01",NA,NA,NA,NA,NA,NA,NA,NA,NA,NA,NA,NA,NA,NA,NA,NA,NA,NA,NA,NA,NA,NA,NA,NA,NA,NA,NA,NA,NA,NA,NA,NA,NA,NA,NA,NA,NA,NA,NA,NA,NA,NA,NA,NA,NA,NA,NA,NA,NA,NA,NA,NA,NA,NA,NA,NA,NA,NA,NA,NA,NA,NA,NA,NA,NA,NA,NA,NA,NA,NA,NA,NA,NA,NA,NA,NA,NA,NA,NA,NA,NA,NA,NA,NA,NA,NA,NA,NA,NA,NA,NA,NA,NA,213,"N"
"20","35","2017-07-20",NA,"2017synoptic","SS-0000",6.025,0.915583635166625,11.3,7.82153574116735,1.18859255211348,15.858028879946,14.6694363278325,-17.84,12.7870750291284,1.29818020600288,3.08541605715266,0.0832722208502106,3.5571558676528,100,0,0,88.4239494500616,9.015419763398,0.2371299889,1.39020854340554,0,68.1838280263331,18.979439664856,21.6,15.1765548098325,0.998944386850693,0,0,0,0,0,-28.8905001429127,14.3059942994785,0.89,0.885891693169396,52.2005115511551,9189.38528106435,"35_NA_SS-0000_2017-07-20_Sample_1",0.6188212605864,198.675938133851,2.4783302042475,0.899653073,0.256307535452246,0.132910015341381,0.367401628662876,0.129211159387407,0.11416966115609,0.377256214546938,0.195628775309288,0.540774376388011,0.190184470314944,0.168045056138734,5.0466523792289,3.4019735641735,0.223609108349342,1.13223427207301,0.820801539904775,0.162642773511218,0.553306415889022,0.0950360431324526,0.197100392223173,0.488685451002972,0.174938510248744,0.123724354300914,0.531090568007774,0.532834536245523,0.935470879583069,15.3384633901309,9.93254172481207,0.181501010345995,1.08967282457827,0.647557807596481,0.470795528518922,0.363065861591716,0.166138609889362,0.122295632853555,0.0943113658079183,0.0431567956937656,0.87486578489555,0.0570373812971681,0.566526169608137,0.0506366913412514,0.223097390060199,0.519904834579495,0.209982670626551,0.102825072171323,32.9752594413031,0.060117,52.1403945511551,4.61419420806682,201,"N"
"21","36","2017-07-20",NA,"2017synoptic","SS-0000",1.34666666666667,0.116422315556206,1.948,1.74422769791859,0.150792347115559,2.67387815568888,2.52308580857332,-20.93,81.4951535294832,1.29521858756331,30.6372026664793,0.0567870074760126,10.5059200266148,56.308731145675,54.8788630638765,39.4386243442731,0,0.0776131751596511,0.205613316,1.60316772226275,2.68714697378465,59.7760577376827,13.3851419953743,20.4705213219445,8.98821876946282,8.83322735326991,0,1.29383497967082,1.49796129227784,17,12,-29.4988875552999,9.31378524449651,0.2,1.06575095132575,7.98983498349835,1622.596302533,"36_NA_SS-0000_2017-07-20_Sample_1",0.788636223192837,24.3785906066847,0.326622864585228,0.910814553,0.283650224181656,0.111133596901816,0.345328618886191,0.140068748681395,0.119818811348942,0.428481613259831,0.167878248731303,0.52165290597614,0.211587646635716,0.180998120956148,4.42627403831197,2.95641163842536,0.243150760791947,1.11397174100864,0.840932371388613,0.189986513286311,0.561678339023505,0.0819026293932622,0.202081580042188,0.504212376621814,0.200634756091636,0.136572515453923,0.658051609809472,0.659415455012583,0.889218205942183,10.9503288408657,7.32235930474081,0.243544164780388,1.06775124797776,0.668688530833372,0.492943061419319,0.381223723670892,0.125833214909789,1.86846130873641,1.44499808071255,0.476960752294384,0.37151148899376,0.0339269709971913,0.248425471762956,0.0220306368374197,0.106083425507825,0.232662309909218,0.11064194695885,0.0605025740306829,18.102913816845,0.01506,7.97477498349835,4.09382699358232,201,"Y"
"22","37","2017-07-20",NA,"2017synoptic","SS-0000",278.73476702509,7.05570523080893,1.728,1439.94197690136,36.4497269103489,45.3765635681583,8.92683665780943,-21.44,344.365122459246,5.16599343623231,72.9862949238412,0.0547448367083354,6.84359991055602,99.3164239003956,23.3321180103414,71.6419552435907,0,0.0916717238058918,0.2255428533,0.222407825960611,1.00571785145854,69.5416066828291,20.6887209092036,21.1102629383491,9.05579300620325,4.50283624800461,0,0.526794235705614,0.662676688484999,6,5,-27.4173183123461,2.51689841764885,0.00805,1.37570256084624,6.74899752475248,1399.62560953383,"37_NA_SS-0000_2017-07-20_Sample_1",0.124259538657876,318.863602510891,3.11744568910891,0.811892605,0.326590760142503,0.151676594272463,0.123732872704419,0.109508881039888,0.288490891840728,0.717825386176618,0.333375352719955,0.271956858464205,0.240693443953917,0.634084337700335,1.42844201289253,0.823049501783798,0.45480036787813,0.895897770733117,0.918543096540872,0.643038421056283,0.529252452078214,0.153170432498331,0.262981288818522,0.590750942091445,0.299747829335193,0.240704209905574,0.67938068091606,0.681238930684169,0.834909704351734,15.830345803849,9.56009053765107,0.330452699577463,1.03298404587352,0.603909141095746,0.490905333165808,0.344365975678246,0.164728691155946,0.45955664264876,0.322375132094372,0.15420929279247,0.413611465379651,0.0261277593366967,0.249783744804778,0.0298825001410883,0.120869171515152,0.241807940599463,0.128837432328782,0.082541712781307,1.1439678154042,0.002525665,6.74647185975248,3.90420825217157,201,"Y"
"23","38","2017-07-20",NA,"2017synoptic","SS-0000",1877.22222222222,64.5341827551479,9.679,31097.9587143899,1069.0696749854,1229.41144956778,160.341774582375,-19.52,282.283690348555,16.5659442692814,16.7766720263815,0.0247424487287255,2.8246829130568,34.7276231018914,0,91.2878753372135,0,3.80905811568245,0.2485181358,0.614297960174312,0,85.4847726823177,9.07906242726684,21.6,15.1285591402933,0.618199100031191,0,1.12825100356091,1.48167038080152,3,2,-27.1379726670213,3.61030393035792,1.12,1.10310823914709,51.1304867986799,9550.12725806931,"38_NA_SS-0000_2017-07-20_Sample_1",0.0430595451796174,981.606483605092,10.0249979475186,0.828179815,0.358376869800008,0.124133905969619,0.160333184737148,0.105618406345067,0.251537633148158,0.684335944174328,0.237038996945234,0.306163066329596,0.201682859356059,0.480321857188721,1.81587472254993,1.1283867927703,0.407509284178625,0.94463111335227,0.880374696227867,0.484821273899119,0.547065922321841,0.115803259058997,0.219732638377021,0.579131805621387,0.280656957613947,0.222934442403893,0.60294780692754,0.603673837107424,0.854582155476059,7.48188838363799,4.67940579498105,0.29852813545229,1.05094689468428,0.625431115119862,0.469957619906028,0.348862777474373,0.181179602619599,0.0509740954123914,0.0378395066950215,0.0196517004077033,0.877027760059442,0.117220107423334,0.548520449965052,0.0535211832055838,0.235137251470848,0.521929749961187,0.252640643753221,0.163748787185518,0.52290372018028,0.075136,51.0553507986799,5.2748580223866,201,"Y"
"24","40-alt1","2017-08-09",NA,"2017synoptic","SS-0000",1.21812080661297,0.0874941217673082,3.758,18.440500050174,1.3245281979266,58.2149440026147,56.8904158046881,-20.19,80.2339552327959,15.1384821193955,12.9275500451897,0.0700780699958852,10.4100870863017,100,94.2259206250597,0,0,0,0.1810567006,0,0,45.081645348046,0.507038599404232,19.6,0.1774908330936,6.77978248572314,0,0,0,0,0,-28.7696949516985,7.16707167668377,0.1,0.940802120792275,15.2139273927393,2658.86778771452,"40-alt1_NA_SS-0000_2017-08-09_Sample_1",0.935484311507017,15.7221709103993,0.209821769056713,0.856972952,0.249614326088682,0.126519949466543,0.287680008927349,0.106796229193513,0.229389486323913,0.429135424407703,0.217512324156734,0.494577713783903,0.183603424764244,0.394365003446574,2.07223286973948,1.37673188010848,0.31427998467867,1.05475647847819,0.812125188690731,0.391908265016968,0.539552602526864,0.104831707456146,0.196857629675375,0.511542345115843,0.195021030434088,0.169570583655479,0.552781539136766,0.561654263294764,0.931708011276229,15.9722346474525,11.2472525233498,0.145015130691678,1.20479999761647,0.704175262360279,0.488268672375,0.374758973628288,0.136972353996712,0.948321079603034,0.727861225938237,0.266029294867744,0.632799781592332,0.039618738113972,0.445601952224307,0.041837005891293,0.193268414693925,0.36985553876649,0.146969532359989,0.0646190253382747,12.9069061336497,0.00853,15.2053973927393,4.04614087087262,221,"N"
"25","42","2017-07-15",NA,"2017synoptic","SS-0000",5388.11111111111,114.242998350656,1.161,32381.1492372695,686.570767124152,693.548075774477,6.97730865032538,-21.49,211.542863472397,6.00974043955674,17.4316343203757,0.0699410849174919,13.2361725943226,43.3188127035748,100,0,0,0,0.1764943429,0,4.58758268677873,33.3390792608237,2.34401369983027,19.6,0.499711859631769,10.8918513564232,0,0.0905526802086102,0.0905527033882217,1,1,-26.9309832268687,2.10702689691361,0.19,0.682807700095055,3.74438118811881,814.276973457096,"42_NA_SS-0000_2017-07-15_Sample_1",0.716694992284202,5110.09963492966,60.2243465419386,0.916944902,0.383381043443036,0.206528682833108,0.198428002084462,0.13986941011518,0.0717928615242135,0.652555880903576,0.351534090855588,0.337745858619643,0.238072819953438,0.122199192672088,6.69839138883985,3.872439953604,0.222716141434506,0.970182305464746,0.937101351756149,0.139899462028667,0.541752266247514,0.163045824203917,0.268745910447452,0.55840254269325,0.255908046853811,0.120656974352045,0.746144477683769,0.762507706995085,0.736788384156857,7.52445667432225,5.08170461993415,0.446579779885853,1.03895879665874,0.675358346772842,0.443551087785468,0.326783405737206,0.229665506477326,0.277750109101788,0.20463060309315,0.143815720979243,0.179044687490665,0.0237950320189453,0.120919324142156,0.0127104693673695,0.0471440197735863,0.116385100671007,0.0722570178042028,0.05400012515935,0.948402794513991,0.014407,3.72997418811881,3.21272539889648,196,"Y"
"26","45","2017-08-03",NA,"2017synoptic","SS-0000",0.558928571428571,0.0285878037720078,0.7205,10.3346960001546,0.528593949922152,13.8507765126774,13.3221825627552,-20.23,994.032664224458,18.4901909267942,101.208311920679,0.0494921671581982,13.5910304875606,100,100,0,0,0,0.1427002503,0.710300358816114,2.48981325125035,35.9610594169333,0.922227235416802,12.7952847000747,-1.11232297071097,11.9518883429535,0.1,0,0,0,0,-27.8414827413358,4.64842337756224,0.28,0.394561636626695,3.04688943894389,828.361718622112,NA,NA,NA,NA,NA,NA,NA,NA,NA,NA,NA,NA,NA,NA,NA,NA,NA,NA,NA,NA,NA,NA,NA,NA,NA,NA,NA,NA,NA,NA,NA,NA,NA,NA,NA,NA,NA,NA,NA,NA,NA,NA,NA,NA,NA,NA,NA,NA,NA,NA,0.020284,3.02660543894389,4.2007015113725,215,"N"
"27","48","2017-07-12",NA,"2017synoptic","SS-0000",26285,529.162389499798,6.855,126836.535368817,2553.43823974277,2586.51659051139,33.0783507686224,-21.79,278.282784657396,4.82543410191428,4.51456575777882,0.087506570245037,6.93377655477171,24.0285912206883,100,0,0,0,0.2165484154,0,0,83.7277029165707,5.20760405085365,21.6,2.15360710160752,3.15019855912095,0,1.64220479334464,1.64220475269746,1,1,-27.0834921662548,2.0534046934412,0.03,0.944676578837169,14.4824051155116,2333.49193851898,"48_NA_SS-0000_2017-07-12_Sample_1",0.372051571330289,11793.9419588215,128.58205991951,0.898321422,0.436353849742687,0.210010139942576,0.130306896255314,0.129252615169983,0.0940764988894402,0.772823176312904,0.371947453893316,0.230785610162238,0.228918380487119,0.166618213019107,5.54101503095092,3.15012746257686,0.320026923135052,0.929767784713594,0.948104000292966,0.171106556289247,0.539007461993709,0.170483048600197,0.271076989138272,0.579722669311181,0.306504782103257,0.17249689960868,0.774079691098734,0.789228917693046,0.879013080174579,8.43017396591043,5.10801223054375,0.356332965345231,0.999999253910354,0.60592014485102,0.534597795831955,0.304262851614868,0.161139352553176,1.88809052138277,1.07459441588028,0.569111370360093,0.895703644530103,0.106249722503012,0.542724882037267,0.0527088786378479,0.22579177852165,0.542725286958984,0.353658691228536,0.19339076658298,0.448694767312973,0.003959,14.4784461155116,2.11210008979017,193,"Y"
"28","5","2017-07-22",NA,"2017synoptic","SS-0000",12925,254.477722984266,4.122,250959.75280342,4941.09605060801,5021.13133889085,80.0352882828392,-20.94,335.519112452077,19.4166153039397,55.150569712455,0.0160038288588609,6.73013886616727,67.8464137308807,64.1902529602978,35.8097470397022,0,0.00701462927875598,0.2293504331,0.154173603626893,1.1289486459634,48.0795811850911,41.8639840288998,21.2971290907497,4.88609104054648,2.85716675887535,37.5,1.73183745706896,1.7756343185677,10,8,-27.0682261111346,2.02448466972368,0.19,1.11129672846671,15.9753547854785,3128.97589042904,"5_NA_SS-0000_2017-07-22_Sample_1",0.553702640260894,9709.86221700995,108.82897950005,0.902953274,0.381390899046225,0.20633721757122,0.181193483771592,0.134873427201045,0.0962049724099177,0.65611887888754,0.35496846989313,0.31171290592211,0.232027041201485,0.165504470082679,5.3062867825546,3.16640874084193,0.257193533551926,0.993336066903204,0.914961501551079,0.172429711970937,0.545982947165631,0.174705615266267,0.27328820642975,0.549645749668359,0.259809489367667,0.140423283440623,0.680188413471969,0.680188413471969,0.843421799519767,7.16733465965554,4.62679301885322,0.332211345383754,1.05836087448124,0.645538856291606,0.490625885579234,0.365145697138919,0.144228417281847,1.80612244695225,1.34419699285134,0.530942597196234,0.737979814897971,0.102964330527499,0.476394645675527,0.0567402385450897,0.223876567621951,0.450124959418058,0.234019365974965,0.158263706173483,0.751246593192259,0.014407,15.9609477854785,3.87213677474005,203,"Y"
"29","53","2017-07-15",NA,"2017synoptic","SS-0000",0.164590163934427,0.0671305043556534,1.505,1.14986117621146,0.468987689500166,10.9832312434935,10.5142435539933,-20.99,1039.8272495524,6.98620834152381,5.59367307111897,0.0466254914083983,14.6349810343309,72.325273478623,97.0836259979553,2.91637400204466,0,0.0405694077163077,0.1913991969,0,0.136678894186973,62.5668910779353,2.57366131584614,20.0281268497863,1.46960030483457,13.0213036226596,0,0,0,0,0,-28.8205826180717,33.3310759998419,0.08,0.949022237592503,5.4601196369637,941.863391976073,NA,NA,NA,NA,NA,NA,NA,NA,NA,NA,NA,NA,NA,NA,NA,NA,NA,NA,NA,NA,NA,NA,NA,NA,NA,NA,NA,NA,NA,NA,NA,NA,NA,NA,NA,NA,NA,NA,NA,NA,NA,NA,NA,NA,NA,NA,NA,NA,NA,NA,0.007224,5.4528956369637,3.62318646974332,196,"N"
"30","57","2017-07-30",NA,"2017synoptic","SS-0000",91803.3333333333,1431.46882874071,7.361,366278.810847981,5711.3035150187,5740.672582881,29.3690678622997,-19.92,289.740756440729,3.98982038612957,8.74394611848609,0.0904400318022418,4.89357337190363,100,12.1293650407816,8.26158303448384,79.6090519247346,3.21840727276993,0.2631652494,44.2662735939701,0.565973608808056,6.25191120252093,42.8240889013628,21.6,25.1995856462381,1.87909325713805,0,2.10535754800229,2.48089623513175,1,1,-26.791307297889,1.4264761621731,0.00805,1.04212123609655,17.5003424092409,2881.26523893152,"57_NA_SS-0000_2017-07-30_Sample_1",0.505434759444615,7327.85625178306,90.9252760121877,0.862112884,0.573218622965463,0.132184415893692,0.050376390184055,0.114388338870828,0.129832232085962,0.94110866366938,0.217019988562244,0.0827078105057654,0.18780244119977,0.213158180045721,4.29882423927037,2.4924810391817,0.412392608704021,0.871328975557735,0.899246247150864,0.209184232036314,0.521387732046298,0.0971933867387418,0.19938564918771,0.598382180177767,0.368802735929216,0.215016446964846,0.765272454574405,0.773558559614577,0.888013408280521,7.83685048131145,4.90336976909966,0.316004807502675,1.0140066326453,0.625681168830862,0.444418709528366,0.39592317830273,0.159658112168905,0.766693115762068,0.683030594048305,0.275435693527332,0.901731898123891,0.115063047365042,0.564196667990228,0.0560066910759331,0.269563696477619,0.556403330931253,0.330782901725003,0.178288859461902,0.0798212438014204,0.002525665,17.4978167442409,2.37709777805202,211,"Y"
"31","6","2017-07-17",NA,"2017synoptic","SS-0000",22.2422392023685,0.581767659410184,9.709,31.7700331977132,0.830976489581556,14.6989710520962,13.8679945625147,-20.35,140.893911179982,1.42836487408741,4.87101176626724,0.0699303796395377,4.53304381129388,99.5355312553526,8.78939813259981,0,91.2106018674002,3.16259863299208,0.2585070316,17.1980135584237,0.287427338991691,33.3150979446181,45.1797619664838,21.6,27.0246185904593,2.01529292291033,0.4,0,0,0,0,-27.2254464996755,2.45221833181619,0.04,0.865762251195371,30.5824669966997,4847.60972517327,"6_NA_SS-0000_2017-07-17_Sample_1",0.609993645759372,25.96062717232,0.304020760639484,0.860218122,0.35047708161842,0.138643318193791,0.209360750982618,0.120657108999142,0.180861740206029,0.594327059017346,0.235106601475968,0.355026807546387,0.204606202522164,0.306699158898038,2.93731080587446,1.8942185808981,0.32946336854045,1.00002911625481,0.849348612986458,0.289158577052114,0.547729549478169,0.113877778341733,0.222235817955706,0.547713602109368,0.245959025342495,0.180456822420221,0.745718838824966,0.759505557309989,0.908117139590598,16.712350891617,10.1116858800868,0.276551282221324,0.987917202476436,0.605042698400908,0.452224311869874,0.406900921592254,0.140874766537873,0.198880710253259,0.178948239103649,0.0619543728420246,0.875655610635593,0.052395717174346,0.529809033528854,0.0435617956507746,0.228620467034495,0.536288903767207,0.308088079528854,0.146519367554845,1.16717687172232,0.004612,30.5778549966997,3.14943402994126,198,"N"
"32","62","2017-08-05",NA,"2017synoptic","SS-0000",19.2739130434783,0.999357574793178,11.63,25.4463226800351,1.31939867444453,16.6738693572385,15.354470682794,-20.49,6.60123417145055,1.32024683429011,1.0620503311471,0.0438841658624653,3.15389269510343,100,1.06581040606919,91.7798901229979,7.15429947093288,0.0680277806628321,0.2646651022,0,0,68.0645005729133,31.867471646277,21.6,11.8876541016428,0.685858866276261,10.1,0,0,0,0,-27.4828560458583,5.3578611235998,0.68,0.785954743394769,55.9491171617162,9391.03725317657,"62_NA_SS-0000_2017-08-05_Sample_1",0.660487444475568,364.731049884299,4.56908558883029,0.925970812,0.278024280630894,0.178243256492517,0.329125656089237,0.147427573535733,0.0671792332516197,0.436266796078753,0.279693608976082,0.516453437676528,0.231338626303246,0.105415501074961,7.63222617205635,4.8744435356032,0.168744148138238,1.11944159263657,0.886278576611337,0.116123206602058,0.566036013754919,0.13342924267666,0.246776160647368,0.50564139967478,0.184075904865516,0.095515264956638,0.57092344464157,0.577288432832079,0.942501686882598,21.2334413467451,14.2367178249062,0.15648439853779,1.18073331109324,0.670485654794177,0.50566918713214,0.332938109559405,0.161392703308455,0.483129755359414,0.318097901779464,0.154198870032855,0.892470175454608,0.0420313486109219,0.598388449973957,0.0605639816269423,0.270596799694717,0.506793908795466,0.219454720819967,0.0936384566861348,18.9235599985086,0.046404,55.9027131617162,4.80676811364714,217,"N"
"33","7","2017-07-30",NA,"2017synoptic","SS-0000",720.803571428571,14.2231774030972,9.175,4215.95945134423,83.1909573947992,136.855269697553,53.664312302754,-19.95,416.446761412108,5.84897136814758,16.8156156769832,0.0261859215691869,4.75253480958327,100,12.5777509053533,27.6035755096967,59.81867358495,0.335204312047165,0.2570060744,8.59547163549466,0.70030900765138,39.9109391407167,49.3414615277482,21.6,24.114270192922,1.69947289070302,0,0.933471310093295,0.933471311156727,2,4,-27.039019180909,2.0158834114626,0.08,0.930147775360888,32.3654084158416,5525.79998691832,NA,NA,NA,NA,NA,NA,NA,NA,NA,NA,NA,NA,NA,NA,NA,NA,NA,NA,NA,NA,NA,NA,NA,NA,NA,NA,NA,NA,NA,NA,NA,NA,NA,NA,NA,NA,NA,NA,NA,NA,NA,NA,NA,NA,NA,NA,NA,NA,NA,NA,0.007224,32.3581844158416,3.52677759300726,211,"Y"
"34","71","2017-08-05",NA,"2017synoptic","SS-0000",2.68,0.221989503999164,7.38,7.64818668434845,0.63351386886251,21.694565260837,21.0610513919745,-20.35,33.2467816689028,2.85380100162256,0,0.0524077792830412,5.80999445495851,100,0,100,0,0,0.2478756556,0,0,83.0141587312369,16.9858412687631,21.6,3.96783535950284,1.8053466162035,10.1,0,0,0,0,-28.9837701832528,9.32729008399848,0.22,0.832597367242181,27.3782920792079,4646.04926500825,"71_NA_SS-0000_2017-08-05_Sample_1",0.712982207920768,50.0831561287956,0.635783936312416,0.910154487,0.310126614126126,0.175302776724971,0.29151359528578,0.134837178646808,0.0882198352163152,0.496859023791985,0.280855503991573,0.467038795699355,0.216024894032706,0.141338470186379,6.6629131470153,4.18636308622414,0.256738276197561,1.08263102011863,0.889735949281003,0.133535576653819,0.559028408801205,0.13590253714034,0.235576815221887,0.516360974711356,0.21615142134348,0.143523990021087,0.57860064565076,0.581838549017293,0.942496754169434,23.5623340288212,15.8217802888114,0.153592818532279,1.12263286942198,0.671486121428308,0.484782804025415,0.373867471566891,0.141349724407694,0.382415531935648,0.294921203527659,0.111502160554135,0.886784173291413,0.0376356676807445,0.59546326506746,0.0626703518446557,0.266421609707749,0.530416738442773,0.222709386523177,0.0914588812141447,18.6877448241775,0.016366,27.3619260792079,3.70757805951327,217,"N"
"35","8","2017-07-22",NA,"2017synoptic","SS-0000",3.70231066499723,0.191196564744909,3.103,75.3862543428435,3.89313435947128,67.0762565748563,63.1831222153851,-20.95,464.659635499545,20.3619472173332,75.5044055862701,0.0436915159151189,10.0624023851872,9.73587865007243,37.6228820467238,35.1856388233572,25.8013951201461,0,0.2264098959,6.29875592128075,0.65520931517072,58.8653691639787,13.3174372453535,16.1143958199781,5.85683326898325,6.5966145615143,37.5,0,0,0,0,-27.6149302304724,5.64324662462945,0.00805,1.07586435154491,12.0191666666667,2284.99054,"8_NA_SS-0000_2017-07-22_Sample_1",1.03556341908489,21.1603192136407,0.25823941058196,0.846245631,0.294369084537246,0.197889963017933,0.176498700230055,0.120429853242743,0.210812398972023,0.559743377491757,0.376288143320164,0.33561261619909,0.228997596370894,0.400860180012584,2.50212261869473,1.54038832660845,0.594544916379141,1.08915132786449,0.866730663755868,0.346398157020782,0.533587677433494,0.190689948368545,0.268773825936561,0.489911423493103,0.318639691685395,0.317241841060637,0.576149453410483,0.58298435787324,0.931743277850908,18.8324368723975,12.4901017004097,0.188164119609661,1.12085998069512,0.663222809933656,0.471618599184015,0.375323048835277,0.153058351980708,0.675362418209651,0.537466254108248,0.219181047778276,0.50808595666949,0.0269792996048316,0.336974195870169,0.0395461830959733,0.16260285854589,0.300638975138703,0.132412916026396,0.0634064528970837,5.7154358800024,0.002525665,12.0166410016667,3.87258814104631,203,"N"
"36","9-alt","2017-07-17",NA,"2017synoptic","SS-0000",1024.83796296296,19.9592199094684,11.43,477.92135629303,9.30775185386915,14.638000439349,5.33024858547981,-19.75,65.9309313224091,0.466338458922118,1.74569725068263,0.0116362668365784,4.53526257330153,99.76063948319,15.3286676843366,18.5691459667409,66.1021863489225,2.22751859620016,0.2592360865,10.3817212455055,0.229425149048315,58.6471811000977,27.8103829022068,21.6,26.9758424680768,2.18538952037041,0.4,0.194963426958613,0.241084433207055,7,3,-26.9239790889669,2.05236194441834,0.00805,0.898642483414606,30.3107136963696,4659.58532802393,"9-alt_NA_SS-0000_2017-07-17_Sample_1",0.732360800846327,758.996272660536,9.40034473705331,0.907471785,0.402438518740834,0.175548713930732,0.206004093943921,0.129705693756216,0.086302979628297,0.65875599108569,0.287357600338776,0.337210343329811,0.212316661703197,0.141270286593266,6.14376479421801,3.57701417865305,0.247295700139374,0.972654215111632,0.923946033330673,0.150387598529197,0.537938572232521,0.13105584345869,0.237287597106801,0.553062500398234,0.261443581094114,0.133029895852216,0.649909572690944,0.649966759287233,0.929059885517902,20.1723851340906,12.4033485685946,0.205649626523118,1.04002178507295,0.614867725662912,0.447450044682252,0.416783007624794,0.135766947692954,0.974689991688298,0.907887329693114,0.295744042695008,0.893973675749885,0.0443167067160096,0.549675560810845,0.0537963512803052,0.276234430150207,0.528523122015456,0.251584388610244,0.113040573789636,0.740601246333776,0.002525665,30.3081880313696,2.65163499837004,198,"Y"
"37","DC-3","2017-07-27",NA,"2017transect","SS-0000",5304,115.90069307178,NA,75390.2856490635,1647.39561794984,NA,NA,NA,NA,14.2138547603815,NA,NA,5.85263522529824,99.8585350074388,17.660878834622,13.914350726099,68.424770439279,1.2526455198643,0.2620487494,40.7630245502424,0.735900025613939,16.0797380738085,40.027713182448,21.6,28.1756240733722,3.00299010998718,NA,1.95966111012117,2.11370783354636,4,10,-26.7594325759584,2.10728532857782,NA,NA,NA,NA,"DC-3_NA_SS-0000_2017-07-27_Sample_1",0.61673750274872,4009.14444710549,46.8195388661965,0.905201305,0.420160010358179,0.17396652840188,0.197048090616198,0.129103464983987,0.0797219056397565,0.65415638884813,0.270852325767047,0.306788519157323,0.201004032653442,0.124120793554192,6.67419065685313,3.98219005697874,0.246235132984331,0.988850562196857,0.871729847167155,0.130612068486844,0.520122080449736,0.12359742620302,0.225762353649877,0.525986534602578,0.253491548160107,0.128072329647628,NA,NA,NA,NA,NA,NA,NA,NA,NA,NA,NA,NA,NA,NA,NA,NA,NA,NA,NA,NA,NA,NA,0.755871879167702,NA,NA,NA,208,"Y"
"38","DC-4","2017-07-27",NA,"2017transect","SS-0000",1847,34.6092772008123,NA,94220.3750442214,1765.51114123982,NA,NA,NA,NA,51.0126556817658,NA,NA,5.64200627948474,95.3728636884449,21.7836636260528,25.6498556802631,48.88569683709,1.38365928119656,0.2546200833,22.3534329735232,0.79789086003518,42.1500429548372,31.7815374156726,21.5752635457009,30.9937823698034,3.07141998584599,NA,0.601230787384944,0.671334691440595,14,29,-27.1040442872763,1.88093897830502,NA,NA,NA,NA,"DC-4_NA_SS-0000_2017-07-27_Sample_1",0.484932214023759,1444.54807089368,16.2274738754756,0.883472792,0.406290333545498,0.153899151850706,0.180737992147926,0.123260506448136,0.135812016007735,0.687252320210202,0.260325044568001,0.305723750230168,0.208498854273823,0.229730110237261,3.79815073761558,2.28938156461412,0.291313962237781,0.963514647661518,0.890511592347747,0.234459255007556,0.536766696067459,0.116400301642876,0.224063853524007,0.557092408890939,0.268796895958967,0.156367633028694,NA,NA,NA,NA,NA,NA,NA,NA,NA,NA,NA,NA,NA,NA,NA,NA,NA,NA,NA,NA,NA,NA,0.782105073575355,NA,NA,NA,208,"Y"
"39","SC-1A","2017-07-27",NA,"2017transect","SS-0000",3.48148148148148,NA,1.04,166.267790576751,NA,NA,49.6680804190976,NA,NA,47.7577696337477,NA,NA,17.4955331817302,79.8334699852332,100,0,0,0,0.1307066944,0.527778855097382,4.67113789381755,32.9975743595601,3.78260280288985,19.6,1.96377342799129,18.7729999706859,21,0,0,0,0,NA,NA,NA,NA,NA,NA,NA,NA,NA,NA,NA,NA,NA,NA,NA,NA,NA,NA,NA,NA,NA,NA,NA,NA,NA,NA,NA,NA,NA,NA,NA,NA,NA,NA,NA,NA,NA,NA,NA,NA,NA,NA,NA,NA,NA,NA,NA,NA,NA,NA,NA,NA,NA,NA,NA,NA,NA,NA,NA,208,"N"
"40","SC-2B","2017-07-27",NA,"2017transect","SS-0000",3.53398058252427,0.308915167136623,1.24,153.256144189227,13.3965499502301,67.1709310926699,53.7743811424398,NA,NA,43.3664364051934,NA,NA,13.8079546000604,86.6811753639063,90.7383718013052,0,6.45464614710763,0,0.1721407446,0.956974606189018,4.34562767765699,42.7790748945163,8.75726904086114,16.0813198940918,1.45687231372757,12.6064842371718,21,0,0.00638639968553743,0,0,-27.620730745691,8.69351426641315,NA,NA,NA,NA,NA,NA,NA,NA,NA,NA,NA,NA,NA,NA,NA,NA,NA,NA,NA,NA,NA,NA,NA,NA,NA,NA,NA,NA,NA,NA,NA,NA,NA,NA,NA,NA,NA,NA,NA,NA,NA,NA,NA,NA,NA,NA,NA,NA,NA,NA,NA,NA,NA,NA,NA,NA,NA,208,"N"
"41","SC-3B","2017-07-27",NA,"2017transect","SS-0000",3490.66666666667,74.3461173900564,1.81,87964.3679368543,1873.51295591352,1919.12473187773,45.6117759642015,NA,NA,25.1998762233158,NA,NA,12.8233027610087,67.3802632630699,86.0937057125874,2.94402700731888,7.11715800724448,0,0.186323851,1.71862920474116,3.36028318610646,46.2356635493934,12.2125809031334,16.5216037877557,6.33353187838364,11.1888199711938,21,0.19749053926226,0.208209411505477,7,7,-27.0983725945029,2.18665051147225,NA,NA,NA,NA,"SC-3B_NA_SS-0000_2017-07-27_Sample_1",0.651750992693387,1364.94637750332,16.1860468200828,0.887170093,0.435703545070317,0.183272183793219,0.14188010607775,0.127066047992374,0.112078117066341,0.744034125478409,0.312966833839048,0.242283180485268,0.216985785325079,0.191391474226503,4.59785975821787,2.62090242348479,0.312403815102349,0.913781421458001,0.904507283479009,0.196723547703333,0.515593222932192,0.139624542225409,0.241859852398315,0.564241306317574,0.290520180697831,0.161073289884933,NA,NA,NA,NA,NA,NA,NA,NA,NA,NA,NA,NA,NA,NA,NA,NA,NA,NA,NA,NA,NA,NA,0.391027419070851,NA,NA,NA,208,"Y"
"42","SC-4B","2017-07-25",NA,"2017transect","SS-0000",364.809523809524,7.77935891584205,3.7999,8130.34048869083,173.374960469926,258.061567607701,84.6866071377759,NA,NA,22.2865357345656,NA,NA,10.9752791005126,65.3993591988987,66.4345300993511,14.6909703529975,13.8479409324477,0.0588097281336861,0.2064992925,2.14821176230991,2.16229057454115,51.3240449914755,19.4473719525235,17.5186885799379,10.7518929160215,8.82592574810444,38.9,0.253390910749049,0.299889793730802,21,15,-27.0740989532461,2.15345575525039,NA,NA,NA,NA,"SC-4B_NA_SS-0000_2017-07-25_Sample_1",0.505509738394378,442.669967723848,4.90882021093414,0.890946701,0.349657780021502,0.187769400469359,0.203465948962899,0.126857999915152,0.132248870631089,0.619062809369376,0.332442345658708,0.360232802393909,0.224599806741393,0.234144246365044,3.73641505591561,2.28451723467867,0.262760709469397,1.01023170193605,0.908461194541805,0.243137119657919,0.555450940248646,0.155033187353815,0.25873578906165,0.549825291746595,0.248506333173779,0.145950683135178,NA,NA,NA,NA,NA,NA,NA,NA,NA,NA,NA,NA,NA,NA,NA,NA,NA,NA,NA,NA,NA,NA,1.21342766247237,NA,NA,NA,206,"Y"
"43","SC-5B","2017-07-25",NA,"2017transect","SS-0000",658.896624819546,12.2054923302279,5.76,10773.3890657526,199.567751084804,293.747503539493,94.1797524546892,NA,NA,16.350651467828,NA,NA,8.65260877594345,72.8100448530734,47.5388628660299,32.2464281218548,9.77960558202541,0.357764194791044,0.2202708836,3.01889769821898,1.49806872747618,54.8665792741013,23.9439422175321,19.4359039047298,19.6824706158142,6.33614225981177,39.2,0.406432881066482,0.48748324772564,74,52,-26.990887864597,1.80496888976192,NA,NA,NA,NA,"SC-5B_NA_SS-0000_2017-07-25_Sample_1",0.451964237436622,852.734123544703,9.23190648529703,0.90613537,0.344914380621112,0.209166758939665,0.215551090081855,0.133286782789921,0.0970809875674474,0.584692472695441,0.354575617490616,0.365398217450964,0.225945286672947,0.16456989288272,5.2564990998413,3.23660634237641,0.231141191998414,1.03734635209496,0.899024173126857,0.171030976330615,0.553559942734498,0.174998011436165,0.267951439466787,0.53363077974542,0.229848803148943,0.127950505006226,NA,NA,NA,NA,NA,NA,NA,NA,NA,NA,NA,NA,NA,NA,NA,NA,NA,NA,NA,NA,NA,NA,1.29418499264318,NA,NA,NA,206,"Y"
"44","SC-6B","2017-07-25",NA,"2017transect","SS-0000",1056.34920634921,18.476858564241,6.13,20461.836697536,357.902917285844,476.643063254611,118.740145968766,NA,NA,19.3703337632572,NA,NA,8.36518807251608,72.2206160564996,44.1514675830129,38.1923854866293,8.46939088456649,0.355358032065103,0.2257800173,3.89186782825904,1.26414803481099,56.7654604988214,23.6987850932965,19.8563570945575,22.8909644110218,5.93765380256791,36.8,0.383868086460815,0.470837381157769,85,60,-26.9420722821489,1.72144645008456,NA,NA,NA,NA,"SC-6B_NA_SS-0000_2017-07-25_Sample_1",0.468690036668815,1201.85142047187,13.3915872310191,0.892552519,0.365152110917085,0.183766722301107,0.197269847470407,0.127972511525188,0.125838807786212,0.638305671489795,0.321234185888418,0.344838380197342,0.223702882878497,0.21997305315234,3.91231316710701,2.32281007060996,0.265678494354906,0.986658334227249,0.91582909770453,0.234088903057254,0.543744061439429,0.149603054785456,0.252155848847942,0.551096608194456,0.249634911092221,0.144461103557649,NA,NA,NA,NA,NA,NA,NA,NA,NA,NA,NA,NA,NA,NA,NA,NA,NA,NA,NA,NA,NA,NA,1.13774063846322,NA,NA,NA,206,"Y"
"45","SC-7B","2017-07-25",NA,"2017transect","SS-0000",1029.42794884327,22.7205915986445,6.95,19442.5945673152,429.119154262683,560.382379041723,131.26322477904,NA,NA,18.886794932236,NA,NA,8.05351817677682,74.6432774073396,41.8659988035117,35.4406196407983,14.0740583591657,0.545383996659173,0.2291387133,5.52821892091787,1.16175171522751,55.6765883191472,24.3319115199353,20.0409273050463,26.7361945756748,5.64321149944076,36.9,0.363857453115251,0.467618994356961,95,65,-27.0055682516637,2.19968250955022,NA,NA,NA,NA,"SC-7B_NA_SS-0000_2017-07-25_Sample_1",0.478525789414496,1038.65187743128,11.6846608426653,0.901436984,0.378587886851662,0.175638386623999,0.209243479099038,0.128060374384397,0.108469873040904,0.635164221349329,0.294671918868856,0.351051832586602,0.214849367363514,0.181982004291862,4.67324696051454,2.86091889272275,0.248243203565681,0.99687922255966,0.905548118220774,0.193772793492829,0.554368245799297,0.139182131022558,0.243580671503392,0.55610372174862,0.251906621055466,0.137618149292305,NA,NA,NA,NA,NA,NA,NA,NA,NA,NA,NA,NA,NA,NA,NA,NA,NA,NA,NA,NA,NA,NA,1.0089602469006,NA,NA,NA,206,"Y"
"46","SC-8B","2017-07-25",NA,"2017transect","SS-0000",1102.38649940263,19.8007381153874,9.9801,16187.6117796626,290.757063639975,437.306376798069,146.549313158094,NA,NA,14.6841527798413,NA,NA,7.44095951542629,79.7530711755633,36.6044753196042,32.0224118760059,23.9072496823992,0.761182798276366,0.2364676812,10.5204230120421,1.03976940716407,51.4578985164982,26.4717422732832,20.4628963135317,32.0479090324859,5.03797066359467,38.6,0.412023100117055,0.50473317667058,109,94,-26.8984896423158,1.77320042824365,NA,NA,NA,NA,"SC-8B_NA_SS-0000_2017-07-25_Sample_1",0.470144653483525,1763.62491345945,19.3548873487354,0.869181776,0.358606686821374,0.161248471207517,0.188356544741955,0.123211541677898,0.168576755551255,0.639217828558268,0.287426033622601,0.335746281230567,0.219625057253585,0.300488729264958,2.9196714334767,1.8062054487303,0.318180723030596,0.990716990595022,0.878714308796476,0.30096342304864,0.543601774578976,0.131278314614845,0.24138309036044,0.548695318379965,0.254929769773293,0.172963605676254,NA,NA,NA,NA,NA,NA,NA,NA,NA,NA,NA,NA,NA,NA,NA,NA,NA,NA,NA,NA,NA,NA,1.59982448480196,NA,NA,NA,206,"Y"
"47","SC-9A","2017-07-25",NA,"2017transect","SS-0000",938.1045751634,15.8430529091127,6.6201,15297.9617220968,258.357568421991,366.3135885478,107.956020125809,NA,NA,16.3073095762615,NA,NA,7.15913797324321,80.2218528991294,34.4252742022423,29.436913080231,28.6879023229475,0.774550070213205,0.2394159985,12.4253539271425,0.966581279466324,48.322111935612,28.3474594698892,20.5506001067033,40.4484835522246,4.81559049191755,38.7,0.378796048587207,0.464029645750781,109,94,-26.9293330474775,1.65895841980238,NA,NA,NA,NA,NA,NA,NA,NA,NA,NA,NA,NA,NA,NA,NA,NA,NA,NA,NA,NA,NA,NA,NA,NA,NA,NA,NA,NA,NA,NA,NA,NA,NA,NA,NA,NA,NA,NA,NA,NA,NA,NA,NA,NA,NA,NA,NA,NA,NA,NA,NA,NA,NA,NA,NA,NA,NA,206,"Y"
"48","SC Outlet","2017-07-10",NA,"2017transect","SS-0000",1001.23359535202,17.8832618029305,4.396,2973.84879279709,53.1165921427369,66.1735244648488,13.0569323221119,-20.78,167.756036749972,2.97018478664965,NA,NA,7.04569763271861,80.0070868169883,33.7179313941642,28.5619433064953,30.0341581890092,0.773848957870396,0.2408334854,13.3578962445474,0.940439891023555,46.9524803415519,29.0574812662184,20.5691822879214,41.9682073413434,4.71085548683871,0,0.36754995707749,0.450253050678763,109,94,-26.9519813598116,1.98624089838181,0.05,0.962795007052523,16.3113820132013,2809.95812639026,"SC Outlet_NA_SS-0000_2017-07-10_Sample_1",0.569651825546531,528.81727907576,6.0069595078396,0.863543523,0.413511737201163,0.159815095547556,0.144482351910983,0.115496334495494,0.166694480844804,0.714937373167907,0.276310862121344,0.249801453868065,0.199686341562201,0.288204913029581,3.04345542345397,1.76657762148132,0.345613925279431,0.938449869897741,0.869483491048317,0.285689576508255,0.50469281254996,0.121784023419374,0.22195893197028,0.537794109987947,0.281272106725556,0.174428864005708,0.649617154218681,0.650567727819763,0.886148352392709,10.6091472591686,6.47045696200186,0.275167666176512,1.03326115033347,0.609894160570728,0.51048669339183,0.3422619133359,0.14725139327227,0.474348493657975,0.318032624804905,0.136827222906918,0.882589054467472,0.0831913284740888,0.538285910503352,0.0591474988598145,0.2652370771184,0.520958240159932,0.263686675052346,0.148118877728906,0.528165736278391,0.005265,16.3061170132013,3.70930778280284,191,"Y"
"49","SC Outlet","2017-08-07",NA,"2017transect","SS-0000",652.932415946908,12.0640331362442,3.712,NA,NA,NA,NA,-20.43,NA,NA,NA,NA,7.03690299649785,79.8813083156845,33.6648549659435,28.5169830769951,29.9868805009846,0.788811320463124,0.2408777084,13.4506894742664,0.938961232159613,46.8786566959327,29.012538681834,20.5534782288543,42.6197409461438,4.70418739094878,10.1,0.366972056238574,0.44954511531768,109,94,-27.1547013313304,1.83232581048666,0.00805,1.14704685268977,11.3250041254125,2017.29556799917,"SC Outlet_NA_SS-0000_2017-08-07_Sample_1",0.629507150768071,427.891778786422,5.09359950197778,0.869901733,0.382986206621165,0.173109609691272,0.154757608636384,0.123815726401549,0.16533084864963,0.706436542192508,0.319309029872092,0.285457878202934,0.228384083071388,0.304960729704104,2.94849459563327,1.71714157658819,0.338541990309026,0.932052432569707,0.920410630565672,0.312162902360005,0.536027898310804,0.146839962645074,0.254694410891647,0.575104875626957,0.280732500928319,0.181467951555304,0.651103627321097,0.651380940567215,0.884880911840131,14.5681196109305,9.04449573773432,0.256205582373616,1.04716702914335,0.620841672040378,0.519278413706536,0.347492124386169,0.133229461907295,5.47325233248143,3.66260570459679,1.40425337139365,0.69634846761794,0.0477994748955429,0.432322146958677,0.0466843641573109,0.208095983256181,0.412849273255238,0.207961431613686,0.11076334743456,0.655338543983724,0.002525665,11.3224784604125,3.05023665420595,219,"Y"
