OID_,FID_watercourse_acc_count_jk_nad83zn8,waterbody,impact,type,psuedo,acc_val,distant,count,RivID,Fnode,Tnode,Strahler,Segment,acc,acc_count,FID_revisedsite10wpoly_nad83zn8,HydroID,CREATED,Shape_Length
1,1104,,,,,,,,1246,1298,1285,1,837,0.000000000000000,0.000000000000000,1,0,2021-10-11 19:02:44,0.016419817987978
2,1202,,,,,,,,1347,1396,1397,1,840,0.000000000000000,0.000000000000000,1,0,2021-10-11 19:02:44,876.942471464047912
3,1203,,,,,,,,1348,1398,1399,1,840,0.000000000000000,0.000000000000000,1,0,2021-10-11 19:02:44,95.532292539142304
4,1204,,,,,,,,1351,1401,1399,1,841,0.000000000000000,0.000000000000000,1,0,2021-10-11 19:02:44,167.435350000452843
5,1218,,,,,,,,1365,1416,1417,1,843,0.000000000000000,0.000000000000000,1,0,2021-10-11 19:02:44,1086.795556878937759
6,1221,,,,,,,,1368,1417,1420,2,845,0.000000000000000,0.000000000000000,1,0,2021-10-11 19:02:44,23.225355959416937
7,1261,,1,3,,1,,,1409,1459,1437,4,909,16.000000000000000,7.000000000000000,1,0,2021-10-11 19:02:44,172.899185320073485
8,1263,,,,,,,,1411,1461,1462,2,850,0.000000000000000,0.000000000000000,1,0,2021-10-11 19:02:44,454.689467495121107
9,1264,,,,,,,,1412,1463,1462,1,851,0.000000000000000,0.000000000000000,1,0,2021-10-11 19:02:44,83.687492093561318
10,1272,,,,,,,,1420,1471,1472,1,847,0.000000000000000,0.000000000000000,1,0,2021-10-11 19:02:44,108.590097736485660
11,1273,,,,,,,,1421,1462,1472,2,850,0.000000000000000,0.000000000000000,1,0,2021-10-11 19:02:44,128.462107419822445
12,1274,,1,3,,1,,,1422,1473,1459,4,909,8.000000000000000,7.000000000000000,1,0,2021-10-11 19:02:44,382.074930650280464
13,1279,,,,,,,,1427,1399,1478,2,842,0.000000000000000,0.000000000000000,1,0,2021-10-11 19:02:44,824.627222499975574
14,1280,,1,3,,1,,,1428,1479,1459,2,960,7.000000000000000,0.000000000000000,1,0,2021-10-11 19:02:44,194.184893640559920
15,1281,,1,2,,,,,1429,1480,1481,4,909,6.000000000000000,6.000000000000000,1,0,2021-10-11 19:02:44,80.847178130151903
16,1282,,1,2,,,,,1430,1481,1482,4,909,6.000000000000000,6.000000000000000,1,0,2021-10-11 19:02:44,170.677600439266513
17,1285,,1,2,,,,,1433,1485,1473,4,909,6.000000000000000,6.000000000000000,1,0,2021-10-11 19:02:44,786.739968984985353
18,1288,,,,,,,,1436,1488,1489,2,860,0.000000000000000,0.000000000000000,1,0,2021-10-11 19:02:44,336.012504697153588
19,1289,,,,,,,,1437,1490,1489,1,861,0.000000000000000,0.000000000000000,1,0,2021-10-11 19:02:44,1061.903396732452165
20,1290,,,,,,,,1438,1420,1491,2,845,0.000000000000000,0.000000000000000,1,0,2021-10-11 19:02:44,892.905477451182833
21,1292,,1,2,,,,,1440,1482,1493,4,909,6.000000000000000,6.000000000000000,1,0,2021-10-11 19:02:44,1025.334429069248927
22,1293,,1,2,,,,,1441,1493,1485,4,909,6.000000000000000,6.000000000000000,1,0,2021-10-11 19:02:44,499.242125898988490
23,1295,,,,,,,,1444,1496,1497,1,858,0.000000000000000,0.000000000000000,1,0,2021-10-11 19:02:44,67.782856063253604
24,1296,,,,,,,,1446,1498,1488,1,858,0.000000000000000,0.000000000000000,1,0,2021-10-11 19:02:44,2784.533310107859961
25,1297,,1,2,,,,,1447,1499,1491,4,909,6.000000000000000,6.000000000000000,1,0,2021-10-11 19:02:44,90.996798196207180
26,1305,,1,3,,1,,,1456,1508,1479,2,960,5.000000000000000,0.000000000000000,1,0,2021-10-11 19:02:44,406.568462013713713
27,1307,,,,,,,,1458,1489,1510,2,860,0.000000000000000,0.000000000000000,1,0,2021-10-11 19:02:44,541.766856554254332
28,1308,,,,,,,,1459,1511,1510,1,862,0.000000000000000,0.000000000000000,1,0,2021-10-11 19:02:44,782.372864356002765
29,1309,,,,,,,,1460,1512,1485,1,956,0.000000000000000,0.000000000000000,1,0,2021-10-11 19:02:44,355.086699182540485
30,1311,,,,,,,,1462,1514,1515,1,855,0.000000000000000,0.000000000000000,1,0,2021-10-11 19:02:44,1100.313720243415219
31,1312,,,,,,,,1463,1516,1517,2,854,0.000000000000000,0.000000000000000,1,0,2021-10-11 19:02:44,1207.494937942407432
32,1313,,1,3,,1,,,1464,1518,1508,2,960,3.000000000000000,0.000000000000000,1,0,2021-10-11 19:02:44,131.819865199448031
33,1314,,,,,,,,1465,1472,1519,2,850,0.000000000000000,0.000000000000000,1,0,2021-10-11 19:02:44,783.186778976323922
34,1315,,1,2,,,,,1466,1519,1499,4,909,6.000000000000000,6.000000000000000,1,0,2021-10-11 19:02:44,1363.739920528202674
35,1316,,,,,,,,1468,1521,1499,1,947,0.000000000000000,0.000000000000000,1,0,2021-10-11 19:02:44,297.134739078768121
36,1317,,,,,,,,1469,1522,1481,1,948,0.000000000000000,0.000000000000000,1,0,2021-10-11 19:02:44,489.408201642028814
37,1319,,1,2,,,,,1471,1515,1517,4,909,5.000000000000000,5.000000000000000,1,0,2021-10-11 19:02:44,271.845625132373641
38,1321,,,,,,,,1473,1525,1488,1,859,0.000000000000000,0.000000000000000,1,0,2021-10-11 19:02:44,670.210981314293122
39,1330,,1,2,,,,,1482,1517,1534,4,909,5.000000000000000,5.000000000000000,1,0,2021-10-11 19:02:44,764.773011729809809
40,1331,,1,2,,,,,1483,1534,1535,4,909,6.000000000000000,6.000000000000000,1,0,2021-10-11 19:02:44,321.282173048284506
41,1332,,1,2,,,,,1484,1535,1519,4,909,6.000000000000000,6.000000000000000,1,0,2021-10-11 19:02:44,349.764162266762696
42,1335,,,,,,,,1487,1538,1482,2,951,0.000000000000000,0.000000000000000,1,0,2021-10-11 19:02:44,711.853677918298445
43,1337,,,,,,,,1489,1540,1538,1,949,0.000000000000000,0.000000000000000,1,0,2021-10-11 19:02:44,33.888174593840269
44,1340,,,,,,,,1492,1510,1543,2,860,0.000000000000000,0.000000000000000,1,0,2021-10-11 19:02:44,482.890158534438456
45,1341,,,,,,,,1493,1544,1543,1,863,0.000000000000000,0.000000000000000,1,0,2021-10-11 19:02:44,967.107473282384376
46,1342,,1,2,,,,,1494,1545,1515,4,909,5.000000000000000,5.000000000000000,1,0,2021-10-11 19:02:44,1047.504099768083279
47,1343,,,,,,,,1495,1543,1546,2,860,0.000000000000000,0.000000000000000,1,0,2021-10-11 19:02:44,46.450688015239429
48,1346,,1,2,,,,,1499,1550,1545,4,909,5.000000000000000,5.000000000000000,1,0,2021-10-11 19:02:44,157.102694505233586
49,1347,,1,2,,,,,1500,1551,1534,3,944,1.000000000000000,1.000000000000000,1,0,2021-10-11 19:02:44,385.867143548432523
50,1348,,1,2,,,,,1501,1552,1550,4,909,5.000000000000000,5.000000000000000,1,0,2021-10-11 19:02:44,1162.091754313045612
51,1350,,1,2,,,,,1503,1554,1551,3,944,1.000000000000000,1.000000000000000,1,0,2021-10-11 19:02:44,57.114427203429628
52,1367,,,,,,,,1523,1575,1576,1,857,0.000000000000000,0.000000000000000,1,0,2021-10-11 19:02:44,92.901232499860569
53,1370,,1,2,,,,,1527,1546,1576,4,909,5.000000000000000,5.000000000000000,1,0,2021-10-11 19:02:44,1461.108776038629458
54,1374,,,,,,,,1532,1585,1551,1,945,0.000000000000000,0.000000000000000,1,0,2021-10-11 19:02:44,427.469328870920890
55,1375,,,,,,,,1533,1586,1493,2,955,0.000000000000000,0.000000000000000,1,0,2021-10-11 19:02:44,1158.969704438504777
56,1379,,,,,,,,1537,1590,1538,1,950,0.000000000000000,0.000000000000000,1,0,2021-10-11 19:02:44,537.537308489751013
57,1389,,,,,,,,1550,1604,1605,1,917,0.000000000000000,0.000000000000000,1,0,2021-10-11 19:02:44,1091.825769863292180
58,1390,,,,,,,,1551,1606,1605,1,918,0.000000000000000,0.000000000000000,1,0,2021-10-11 19:02:44,471.220577894605015
59,1392,,,,,,,,1553,1608,1554,1,930,0.000000000000000,0.000000000000000,1,0,2021-10-11 19:02:44,529.414398894947908
60,1396,,,,,,,,1558,1605,1613,2,919,0.000000000000000,0.000000000000000,1,0,2021-10-11 19:02:44,787.561471829296693
61,1397,,,,,,,,1559,1614,1613,1,920,0.000000000000000,0.000000000000000,1,0,2021-10-11 19:02:44,996.349279684136832
62,1398,,1,1,,1,,,1560,1615,1508,1,961,1.000000000000000,0.000000000000000,1,0,2021-10-11 19:02:44,1242.061525145941687
63,1406,,1,2,,,,,1570,1626,1627,1,931,1.000000000000000,1.000000000000000,1,0,2021-10-11 19:02:44,122.594899882995378
64,1407,,,,,,,,1571,1628,1586,1,952,0.000000000000000,0.000000000000000,1,0,2021-10-11 19:02:44,470.245755085902147
65,1408,,1,2,,,,,1572,1627,1554,3,944,1.000000000000000,1.000000000000000,1,0,2021-10-11 19:02:44,883.286268380462161
66,1415,,,,,,,,1583,1638,1586,2,955,0.000000000000000,0.000000000000000,1,0,2021-10-11 19:02:44,478.316288444854138
67,1416,,1,1,,1,,,1584,1639,1479,1,962,1.000000000000000,0.000000000000000,1,0,2021-10-11 19:02:44,2008.786906114358771
68,1422,,,,,,,,1591,1647,1648,1,913,0.000000000000000,0.000000000000000,1,0,2021-10-11 19:02:44,58.796627577537016
69,1423,,,,,,,,1592,1648,1649,1,913,0.000000000000000,0.000000000000000,1,0,2021-10-11 19:02:44,8.988673120784590
70,1424,,,,,,,,1593,1650,1649,1,914,0.000000000000000,0.000000000000000,1,0,2021-10-11 19:02:44,362.403676817083010
71,1425,,,,,,,,1594,1651,1638,1,953,0.000000000000000,0.000000000000000,1,0,2021-10-11 19:02:44,48.129263617814928
72,1430,,,,,,,,1601,1648,1657,1,913,0.000000000000000,0.000000000000000,1,0,2021-10-11 19:02:44,32.214137049471837
73,1431,,,,,,,,1602,1649,1657,2,915,0.000000000000000,0.000000000000000,1,0,2021-10-11 19:02:44,23.225363023091749
74,1432,,,,,,,,1603,1658,1638,1,954,0.000000000000000,0.000000000000000,1,0,2021-10-11 19:02:44,82.021583651252612
75,1436,,,,,,,,1608,1664,1665,1,921,0.000000000000000,0.000000000000000,1,0,2021-10-11 19:02:44,60.859556472881010
76,1441,,,,,,,,1615,1673,1665,1,922,0.000000000000000,0.000000000000000,1,0,2021-10-11 19:02:44,1670.536930648725274
77,1445,,,,,,,,1620,1679,1480,1,839,0.000000000000000,0.000000000000000,1,0,2021-10-11 19:02:44,1879.027333583247128
78,1607,,,,,,,,1798,1793,1516,1,852,0.000000000000000,0.000000000000000,1,0,2021-10-11 19:02:44,1141.617804661951595
79,1608,,,,,,,,1799,1794,1516,1,853,0.000000000000000,0.000000000000000,1,0,2021-10-11 19:02:44,649.867256162023068
80,1609,,,,,,,,1800,1795,1461,1,848,0.000000000000000,0.000000000000000,1,0,2021-10-11 19:02:44,1538.438062624872146
81,1611,,,,,,,,1802,1797,1461,1,849,0.000000000000000,0.000000000000000,1,0,2021-10-11 19:02:44,1003.826316192094851
82,1613,,,,,,,,1804,1799,1417,1,844,0.000000000000000,0.000000000000000,1,0,2021-10-11 19:02:44,112.667919948144828
83,1614,,,,,,,,1805,1800,1420,1,846,0.000000000000000,0.000000000000000,1,0,2021-10-11 19:02:44,1448.721682773183829
84,1619,,1,2,,,,,1811,1478,1480,4,909,6.000000000000000,6.000000000000000,1,0,2021-10-11 19:02:44,193.530626076926836
85,1621,,1,2,,,,,1813,1491,1478,4,909,6.000000000000000,6.000000000000000,1,0,2021-10-11 19:02:44,361.287285552907122
86,1625,,,,,,,,1817,1808,1550,1,928,0.000000000000000,0.000000000000000,1,0,2021-10-11 19:02:44,1711.638947431855740
87,1626,,,,,,,,1818,1809,1545,1,929,0.000000000000000,0.000000000000000,1,0,2021-10-11 19:02:44,1680.518722230678350
88,1629,,1,1,,1,,,1821,1812,1518,1,958,1.000000000000000,0.000000000000000,1,0,2021-10-11 19:02:44,1583.516915252792387
89,1630,,1,1,,1,,,1822,1813,1518,1,959,1.000000000000000,0.000000000000000,1,0,2021-10-11 19:02:44,1229.312334141643987
90,1631,,,,,,,,1823,1814,1552,1,856,0.000000000000000,0.000000000000000,1,0,2021-10-11 19:02:44,1151.872654165333643
91,1632,,1,2,,,,,1824,1576,1552,4,909,5.000000000000000,5.000000000000000,1,0,2021-10-11 19:02:44,1246.233812509555264
92,1645,,,,,,,,1837,1613,1822,2,919,0.000000000000000,0.000000000000000,1,0,2021-10-11 19:02:44,896.021083952253775
93,1646,,1,2,,,,,1838,1823,1546,4,909,5.000000000000000,5.000000000000000,1,0,2021-10-11 19:02:44,1874.373284238274209
94,1647,,1,1,,1,,1,1839,1824,1473,1,957,1.000000000000000,1.000000000000000,1,0,2021-10-11 19:02:44,2166.325308310565561
95,1651,,,,,,,,1843,1665,1829,2,923,0.000000000000000,0.000000000000000,1,0,2021-10-11 19:02:44,988.405980405378841
96,1652,,,,,,,,1844,1829,1822,2,923,0.000000000000000,0.000000000000000,1,0,2021-10-11 19:02:44,2022.136905922271353
97,1658,,,,,,,,1852,1836,1535,1,946,0.000000000000000,0.000000000000000,1,0,2021-10-11 19:02:44,1676.346777744120573
98,1661,,,,,,,,1855,1839,1840,1,916,0.000000000000000,0.000000000000000,1,0,2021-10-11 19:02:44,1092.375320035821460
99,1662,,,,,,,,1856,1841,1842,3,925,0.000000000000000,0.000000000000000,1,0,2021-10-11 19:02:44,26.969949471337500
100,1663,,,,,,,,1857,1843,1842,1,927,0.000000000000000,0.000000000000000,1,0,2021-10-11 19:02:44,373.284152428705056
101,1664,,,,,,,,1858,1657,1844,2,915,0.000000000000000,0.000000000000000,1,0,2021-10-11 19:02:44,376.642279330552697
102,1668,,,,,,,,1862,1840,1841,3,925,0.000000000000000,0.000000000000000,1,0,2021-10-11 19:02:44,270.427963382705684
103,1670,,,,,,,,1864,1822,1840,3,925,0.000000000000000,0.000000000000000,1,0,2021-10-11 19:02:44,1120.109195456717998
104,1671,,,,,,,,1865,1842,1844,3,925,0.000000000000000,0.000000000000000,1,0,2021-10-11 19:02:44,481.104490846787030
105,1678,,1,2,,,,,1872,1856,1823,4,909,5.000000000000000,5.000000000000000,1,0,2021-10-11 19:02:44,362.554869891793658
106,1681,,,,,,,,1876,1860,1841,1,926,0.000000000000000,0.000000000000000,1,0,2021-10-11 19:02:44,141.031190332743734
107,1684,,,,,,,,1879,1844,1823,3,925,0.000000000000000,0.000000000000000,1,0,2021-10-11 19:02:44,1901.052278583295220
108,1685,,,,,,,,1880,1863,1856,1,864,0.000000000000000,0.000000000000000,1,0,2021-10-11 19:02:44,119.485263167455940
109,1696,,,,,,,,1892,1875,1627,3,944,0.000000000000000,0.000000000000000,1,0,2021-10-11 19:02:44,720.723336523660578
110,1697,,,,,,,,1893,1876,1877,1,932,0.000000000000000,0.000000000000000,1,0,2021-10-11 19:02:44,1148.252986828413441
111,1698,,,,,,,,1894,1877,1878,2,934,0.000000000000000,0.000000000000000,1,0,2021-10-11 19:02:44,77.757553601810358
112,1699,,,,,,,,1896,1879,1829,1,924,0.000000000000000,0.000000000000000,1,0,2021-10-11 19:02:44,3854.106431137563959
113,1706,,1,2,,,,,1903,1887,1856,4,909,5.000000000000000,5.000000000000000,1,0,2021-10-11 19:02:44,845.400790029644099
114,1707,,,,,,,,1905,1889,1877,1,933,0.000000000000000,0.000000000000000,1,0,2021-10-11 19:02:44,44.747959768534940
115,1714,,,,,,,,1912,1896,1897,1,866,0.000000000000000,0.000000000000000,1,0,2021-10-11 19:02:44,2313.430375711182478
116,1715,,1,2,,,,,1913,1898,1887,4,909,5.000000000000000,5.000000000000000,1,0,2021-10-11 19:02:44,628.919404178137484
117,1716,,,,,,,,1914,1899,1887,1,912,0.000000000000000,0.000000000000000,1,0,2021-10-11 19:02:44,395.717594957758934
118,1717,,,,,,,,1916,1901,1898,1,865,0.000000000000000,0.000000000000000,1,0,2021-10-11 19:02:44,22.677040977434260
119,1722,,,,,,,,1922,1907,1908,1,938,0.000000000000000,0.000000000000000,1,0,2021-10-11 19:02:44,306.790223755951843
120,1723,,,,,,,,1923,1897,1909,2,868,0.000000000000000,0.000000000000000,1,0,2021-10-11 19:02:44,290.643929084631282
121,1724,,,,,,,,1924,1910,1911,2,868,0.000000000000000,0.000000000000000,1,0,2021-10-11 19:02:44,59.569146686263920
122,1725,,,,,,,,1926,1912,1913,2,881,0.000000000000000,0.000000000000000,1,0,2021-10-11 19:02:44,270.898170974156017
123,1726,,,,,,,,1929,1915,1916,3,944,0.000000000000000,0.000000000000000,1,0,2021-10-11 19:02:44,460.587908381616671
124,1727,,,,,,,,1931,1918,1919,1,879,0.000000000000000,0.000000000000000,1,0,2021-10-11 19:02:44,449.409435876017596
125,1728,,,,,,,,1933,1920,1912,1,879,0.000000000000000,0.000000000000000,1,0,2021-10-11 19:02:44,989.539610655704450
126,1731,,,,,,,,1937,1924,1912,1,880,0.000000000000000,0.000000000000000,1,0,2021-10-11 19:02:44,722.913356565869321
127,1732,,,,,,,,1938,1925,1897,1,867,0.000000000000000,0.000000000000000,1,0,2021-10-11 19:02:44,868.651096838617264
128,1735,,1,2,,,,,1941,1928,1898,4,909,5.000000000000000,5.000000000000000,1,0,2021-10-11 19:02:44,623.336281450321962
129,1736,,,,,,,,1942,1929,1930,1,935,0.000000000000000,0.000000000000000,1,0,2021-10-11 19:02:44,1113.770834650178585
130,1737,,,,,,,,1944,1908,1931,2,940,0.000000000000000,0.000000000000000,1,0,2021-10-11 19:02:44,36.712722559167524
131,1738,,,,,,,,1945,1932,1933,2,940,0.000000000000000,0.000000000000000,1,0,2021-10-11 19:02:44,486.601676961922408
132,1746,,,,,,,,1956,1943,1944,1,878,0.000000000000000,0.000000000000000,1,0,2021-10-11 19:02:44,667.509591655624718
133,1747,,,,,,,,1957,1933,1945,3,944,0.000000000000000,0.000000000000000,1,0,2021-10-11 19:02:44,28.340353585414988
134,1748,,,,,,,,1960,1948,1949,3,944,0.000000000000000,0.000000000000000,1,0,2021-10-11 19:02:44,140.773607829659852
135,1749,,,,,,,,1961,1946,1947,3,944,0.000000000000000,0.000000000000000,1,0,2021-10-11 19:02:44,84.056600223542176
136,1751,,1,2,,,,,1964,1951,1911,4,909,4.000000000000000,4.000000000000000,1,0,2021-10-11 19:02:44,483.396135219390317
137,1755,,1,3,,1,1,1,1968,1911,1928,4,909,5.000000000000000,5.000000000000000,1,0,2021-10-11 19:02:44,2655.809643612063610
138,1756,,1,1,,1,,1,1969,1913,1944,2,881,1.000000000000000,1.000000000000000,1,0,2021-10-11 19:02:44,1827.942438452447050
139,1758,,,,,,,,1971,1956,1957,1,939,0.000000000000000,0.000000000000000,1,0,2021-10-11 19:02:44,1392.315886477866343
140,1759,,,,,,,,1973,1958,1959,1,939,0.000000000000000,0.000000000000000,1,0,2021-10-11 19:02:44,54.060955034014086
141,1760,,,,,,,,1974,1960,1908,1,939,0.000000000000000,0.000000000000000,1,0,2021-10-11 19:02:44,621.746979263104777
142,1761,,,,,,,,1977,1962,1933,2,943,0.000000000000000,0.000000000000000,1,0,2021-10-11 19:02:44,623.365039582535587
143,1762,,,,,,,,1978,1963,1964,1,936,0.000000000000000,0.000000000000000,1,0,2021-10-11 19:02:44,823.767262683910531
144,1763,,,,,,,,1981,1966,1967,2,871,0.000000000000000,0.000000000000000,1,0,2021-10-11 19:02:44,312.920160083993665
145,1764,,,,,,,,1982,1968,1951,2,871,0.000000000000000,0.000000000000000,1,0,2021-10-11 19:02:44,1.973992404138527
146,1765,,,,,,,,1984,1969,1970,1,869,0.000000000000000,0.000000000000000,1,0,2021-10-11 19:02:44,4.191193754485692
147,1771,,,,,,,,1992,1976,1913,1,882,0.000000000000000,0.000000000000000,1,0,2021-10-11 19:02:44,731.753722321212081
148,1772,,,,,,,,1993,1977,1928,1,911,0.000000000000000,0.000000000000000,1,0,2021-10-11 19:02:44,761.734636097967041
149,1774,,,,,,,,1995,1979,1980,1,870,0.000000000000000,0.000000000000000,1,0,2021-10-11 19:02:44,69.981183752910283
150,1781,,,,,,,,2003,1988,1989,1,872,0.000000000000000,0.000000000000000,1,0,2021-10-11 19:02:44,2066.786785858504118
151,1782,,,,,,,,2004,1990,1989,1,873,0.000000000000000,0.000000000000000,1,0,2021-10-11 19:02:44,371.605081918628457
152,1784,,1,2,,,,,2006,1992,1951,4,909,4.000000000000000,4.000000000000000,1,0,2021-10-11 19:02:44,846.938699579667173
153,1786,,1,2,,,,,2008,1994,1992,4,909,4.000000000000000,4.000000000000000,1,0,2021-10-11 19:02:44,103.799102651825734
154,1789,,,,,,,,2011,1997,1998,1,883,0.000000000000000,0.000000000000000,1,0,2021-10-11 19:02:44,894.780169422247241
155,1790,,,,,,,,2012,1999,2000,1,942,0.000000000000000,0.000000000000000,1,0,2021-10-11 19:02:44,635.381013799175889
156,1792,,,,,,,,2015,2002,2003,1,884,0.000000000000000,0.000000000000000,1,0,2021-10-11 19:02:44,319.747748504285539
157,1793,,,,,,,,2017,2005,1992,1,910,0.000000000000000,0.000000000000000,1,0,2021-10-11 19:02:44,133.106792751083617
158,1795,,,,,,,,2019,1998,2007,2,886,0.000000000000000,0.000000000000000,1,0,2021-10-11 19:02:44,886.229626157301936
159,1796,,1,2,,,,,2020,1944,2008,2,881,1.000000000000000,1.000000000000000,1,0,2021-10-11 19:02:44,1418.892632233221775
160,1797,,,,,,,,2021,2007,2008,2,886,0.000000000000000,0.000000000000000,1,0,2021-10-11 19:02:44,291.083355437476484
161,1802,,,,,,,,2026,2015,2007,1,887,0.000000000000000,0.000000000000000,1,0,2021-10-11 19:02:44,700.504721148609633
162,1804,,,,,,,,2028,1989,2018,2,874,0.000000000000000,0.000000000000000,1,0,2021-10-11 19:02:44,1631.653160989183107
163,1805,,,,,,,,2030,2019,1994,2,874,0.000000000000000,0.000000000000000,1,0,2021-10-11 19:02:44,54.446254952201073
164,1808,,1,2,,,,,2033,2022,1994,4,909,4.000000000000000,4.000000000000000,1,0,2021-10-11 19:02:44,771.856378761247697
165,1813,,,,,,,,2038,2027,2028,1,875,0.000000000000000,0.000000000000000,1,0,2021-10-11 19:02:44,895.008061606331012
166,1814,,,,,,,,2039,2028,2029,2,877,0.000000000000000,0.000000000000000,1,0,2021-10-11 19:02:44,83.845421505961582
167,1815,,,,,,,,2041,2030,2022,2,877,0.000000000000000,0.000000000000000,1,0,2021-10-11 19:02:44,388.584789684992302
168,1818,,,,,,,,2044,2033,2028,1,876,0.000000000000000,0.000000000000000,1,0,2021-10-11 19:02:44,361.699784027930889
169,1824,,1,2,,,,,2050,2008,2039,3,888,1.000000000000000,1.000000000000000,1,0,2021-10-11 19:02:44,1685.536065645360850
170,1833,,,,,,,,2059,2047,2039,1,889,0.000000000000000,0.000000000000000,1,0,2021-10-11 19:02:44,1120.169244668583133
171,1834,,1,1,,1,,1,2060,2048,2049,1,892,1.000000000000000,1.000000000000000,1,0,2021-10-11 19:02:44,1099.528964904705390
172,1836,,,,,,,,2062,2051,2052,1,890,0.000000000000000,0.000000000000000,1,0,2021-10-11 19:02:44,696.931127633210508
173,1837,,1,2,,,,,2063,2053,2054,4,909,4.000000000000000,4.000000000000000,1,0,2021-10-11 19:02:44,85.095700421604889
174,1838,,1,2,,,,,2065,2056,2022,4,909,4.000000000000000,4.000000000000000,1,0,2021-10-11 19:02:44,1787.694150620827713
175,1839,,1,2,,,,,2066,2057,2055,4,909,4.000000000000000,4.000000000000000,1,0,2021-10-11 19:02:44,293.049286177860779
176,1842,,1,2,,,,,2070,2049,2060,2,894,2.000000000000000,2.000000000000000,1,0,2021-10-11 19:02:44,739.438358484619471
177,1843,,1,2,,,,,2071,2060,2061,3,899,2.000000000000000,2.000000000000000,1,0,2021-10-11 19:02:44,173.762153046404592
178,1844,,1,2,,,,,2072,2052,2062,3,899,3.000000000000000,3.000000000000000,1,0,2021-10-11 19:02:44,878.221474125440409
179,1845,,1,2,,,,,2073,2039,2053,3,888,1.000000000000000,1.000000000000000,1,0,2021-10-11 19:02:44,1221.946794448496576
180,1847,,,,,,,,2075,2064,2065,1,891,0.000000000000000,0.000000000000000,1,0,2021-10-11 19:02:44,1595.082362459328806
181,1848,,1,2,,,,,2076,2065,2052,3,899,3.000000000000000,3.000000000000000,1,0,2021-10-11 19:02:44,424.355257859812014
182,1849,,1,2,,,,,2077,2066,2065,3,899,3.000000000000000,3.000000000000000,1,0,2021-10-11 19:02:44,465.605790238866689
183,1854,,1,1,,1,,1,2082,2070,2049,1,893,1.000000000000000,1.000000000000000,1,0,2021-10-11 19:02:44,1099.262093097509933
184,1855,,1,2,,,,,2083,2062,2071,3,899,3.000000000000000,3.000000000000000,1,0,2021-10-11 19:02:44,1189.870192831106806
185,1860,,1,2,,,,,2088,2061,2066,3,899,3.000000000000000,3.000000000000000,1,0,2021-10-11 19:02:44,1672.361127805326987
186,1862,,1,2,,,,,2090,2071,2075,3,899,3.000000000000000,3.000000000000000,1,0,2021-10-11 19:02:44,616.082345807122692
187,1866,,,,,,,,2094,2080,2075,1,907,0.000000000000000,0.000000000000000,1,0,2021-10-11 19:02:44,190.855739912263857
188,1867,,,,,,,,2095,2081,2062,1,905,0.000000000000000,0.000000000000000,1,0,2021-10-11 19:02:44,631.811812233645583
189,1868,,1,2,,,,,2096,2075,2082,3,899,3.000000000000000,3.000000000000000,1,0,2021-10-11 19:02:44,664.073175054657668
190,1869,,,,,,,,2097,2083,2071,1,906,0.000000000000000,0.000000000000000,1,0,2021-10-11 19:02:44,888.698319192311033
191,1871,,,,,,,,2099,2085,2086,1,895,0.000000000000000,0.000000000000000,1,0,2021-10-11 19:02:44,9.005689032016452
192,1872,,,,,,,,2100,2086,2060,2,898,0.000000000000000,0.000000000000000,1,0,2021-10-11 19:02:44,1263.808275987653360
193,1873,,,,,,,,2101,2085,2087,1,895,0.000000000000000,0.000000000000000,1,0,2021-10-11 19:02:44,23.225378268773117
194,1874,,,,,,,,2102,2087,2086,2,898,0.000000000000000,0.000000000000000,1,0,2021-10-11 19:02:44,32.231264813893439
195,1878,,1,2,,,,,2106,2082,2053,3,899,3.000000000000000,3.000000000000000,1,0,2021-10-11 19:02:44,3343.536390530922745
196,1883,,1,1,,1,,1,2111,2094,2061,2,903,1.000000000000000,1.000000000000000,1,0,2021-10-11 19:02:44,1347.387969105774118
197,1884,,,,,,,,2112,2095,2094,1,900,0.000000000000000,0.000000000000000,1,0,2021-10-11 19:02:44,33.917281493501214
198,1885,,,,,,,,2113,2096,2094,2,903,0.000000000000000,0.000000000000000,1,0,2021-10-11 19:02:44,128.504107512870576
199,1886,,,,,,,,2114,2097,2082,1,908,0.000000000000000,0.000000000000000,1,0,2021-10-11 19:02:44,1109.536158445540877
200,1890,,,,,,,,2118,2102,2066,1,904,0.000000000000000,0.000000000000000,1,0,2021-10-11 19:02:44,1249.206490606953366
201,1894,,,,,,,,2122,2106,2096,1,901,0.000000000000000,0.000000000000000,1,0,2021-10-11 19:02:44,445.604652677038587
202,1899,,,,,,,,2127,2112,2096,1,902,0.000000000000000,0.000000000000000,1,0,2021-10-11 19:02:44,616.488602935088693
203,1901,,,,,,,,2129,2114,2085,1,895,0.000000000000000,0.000000000000000,1,0,2021-10-11 19:02:44,2692.604656445276305
204,1906,,,,,,,,2134,2120,2121,1,896,0.000000000000000,0.000000000000000,1,0,2021-10-11 19:02:44,275.594138588124395
205,1918,,,,,,,,2146,2132,2121,1,897,0.000000000000000,0.000000000000000,1,0,2021-10-11 19:02:44,1039.273667907323215
206,1942,,,,,,,,2170,2003,1998,2,886,0.000000000000000,0.000000000000000,1,0,2021-10-11 19:02:44,263.676211929314547
207,1943,,,,,,,,2171,2155,2003,1,885,0.000000000000000,0.000000000000000,1,0,2021-10-11 19:02:44,348.462594658974581
208,1951,,,,,,,,2179,2121,2087,2,898,0.000000000000000,0.000000000000000,1,0,2021-10-11 19:02:44,1482.728930893550114
